sp,lon,lat
Byrsonima sericea,-43.34690000000,-23.00360000000
Byrsonima sericea,-42.90444400000,-22.97555600000
Byrsonima sericea,-42.87000000000,-22.96777800000
Byrsonima sericea,-42.88844400000,-22.96741700000
Byrsonima sericea,-42.81844169000,-22.92326047000
Byrsonima sericea,-43.20766855000,-22.90695982000
Byrsonima sericea,-43.20750000000,-22.90280000000
Byrsonima sericea,-43.20000000000,-22.90000000000
Byrsonima sericea,-42.01838639000,-22.88326040000
Byrsonima sericea,-47.08676000000,-22.86372000000
Byrsonima sericea,-43.04075674000,-22.65695596000
Byrsonima sericea,-43.00840000000,-22.53090000000
Byrsonima sericea,-42.20429894000,-22.48465381000
Byrsonima sericea,-46.95780000000,-22.43190000000
Byrsonima sericea,-44.32083300000,-22.38638900000
Byrsonima sericea,-41.66666000000,-22.25000000000
Byrsonima sericea,-49.00000000000,-22.00000000000
Byrsonima sericea,-42.50000000000,-22.00000000000
Byrsonima sericea,-41.32440000000,-21.75420000000
Byrsonima sericea,-41.05110000000,-21.64030000000
Byrsonima sericea,-47.26888900000,-21.46694400000
Byrsonima sericea,-40.96888900000,-21.28027800000
Byrsonima sericea,-40.97277800000,-21.24111100000
Byrsonima sericea,-40.99241700000,-21.21888900000
Byrsonima sericea,-40.96097200000,-21.21752800000
Byrsonima sericea,-41.71305600000,-20.88944400000
Byrsonima sericea,-41.70000000000,-20.88333300000
Byrsonima sericea,-41.11280000000,-20.84890000000
Byrsonima sericea,-40.64560000000,-20.80580000000
Byrsonima sericea,-42.88190000000,-20.75390000000
Byrsonima sericea,-40.49750000000,-20.66694400000
Byrsonima sericea,-42.52080000000,-20.66670000000
Byrsonima sericea,-40.51078250000,-20.66192322000
Byrsonima sericea,-40.51083300000,-20.65805600000
Byrsonima sericea,-40.47414000000,-20.65655000000
Byrsonima sericea,-40.47000000000,-20.62000000000
Byrsonima sericea,-40.46666700000,-20.60027800000
Byrsonima sericea,-40.34333300000,-20.46222200000
Byrsonima sericea,-40.34305600000,-20.46222200000
Byrsonima sericea,-40.34305600000,-20.46194400000
Byrsonima sericea,-42.66580000000,-20.45580000000
Byrsonima sericea,-43.90583300000,-20.44583300000
Byrsonima sericea,-40.32777800000,-20.42722200000
Byrsonima sericea,-42.90860000000,-20.41640000000
Byrsonima sericea,-40.32939200000,-20.41242100000
Byrsonima sericea,-40.32936500000,-20.41076400000
Byrsonima sericea,-40.32666700000,-20.40694400000
Byrsonima sericea,-43.31638900000,-20.30222200000
Byrsonima sericea,-46.90288900000,-20.29802800000
Byrsonima sericea,-40.41967636000,-20.26801620000
Byrsonima sericea,-44.34138900000,-20.24138900000
Byrsonima sericea,-40.61444400000,-20.17305600000
Byrsonima sericea,-43.43916700000,-20.16000000000
Byrsonima sericea,-40.23940400000,-20.15329700000
Byrsonima sericea,-40.31145200000,-20.15282000000
Byrsonima sericea,-40.44860000000,-20.15060000000
Byrsonima sericea,-40.18333300000,-20.15000000000
Byrsonima sericea,-43.63277800000,-20.14805600000
Byrsonima sericea,-40.30750000000,-20.12861100000
Byrsonima sericea,-40.30722200000,-20.12861100000
Byrsonima sericea,-43.89111100000,-20.10527800000
Byrsonima sericea,-40.52944400000,-20.10055600000
Byrsonima sericea,-43.98333300000,-20.10000000000
Byrsonima sericea,-43.95611100000,-20.09555600000
Byrsonima sericea,-43.98583300000,-20.07583300000
Byrsonima sericea,-43.40750000000,-20.07470000000
Byrsonima sericea,-43.41530000000,-19.95940000000
Byrsonima sericea,-40.60030000000,-19.93560000000
Byrsonima sericea,-40.40638900000,-19.93277800000
Byrsonima sericea,-40.59944400000,-19.91805600000
Byrsonima sericea,-40.60194400000,-19.90611100000
Byrsonima sericea,-43.36528300000,-19.89250600000
Byrsonima sericea,-43.36861100000,-19.88944400000
Byrsonima sericea,-43.36833300000,-19.88944400000
Byrsonima sericea,-40.82472200000,-19.88888900000
Byrsonima sericea,-43.66970000000,-19.88000000000
Byrsonima sericea,-44.04725000000,-19.85725000000
Byrsonima sericea,-42.77670000000,-19.84280000000
Byrsonima sericea,-40.79333300000,-19.83388900000
Byrsonima sericea,-43.36194400000,-19.82611100000
Byrsonima sericea,-43.36220000000,-19.82610000000
Byrsonima sericea,-40.27333300000,-19.82055600000
Byrsonima sericea,-40.27330000000,-19.82030000000
Byrsonima sericea,-40.12383300000,-19.80228100000
Byrsonima sericea,-40.14002900000,-19.80000000000
Byrsonima sericea,-40.60416700000,-19.78055600000
Byrsonima sericea,-42.61944400000,-19.78027800000
Byrsonima sericea,-40.73944400000,-19.76083300000
Byrsonima sericea,-42.73220000000,-19.71220000000
Byrsonima sericea,-39.88277800000,-19.67194400000
Byrsonima sericea,-41.15778600000,-19.64076700000
Byrsonima sericea,-43.22690000000,-19.61920000000
Byrsonima sericea,-39.80000000000,-19.58000000000
Byrsonima sericea,-40.55111100000,-19.49833300000
Byrsonima sericea,-43.43286100000,-19.43186100000
Byrsonima sericea,-43.43277800000,-19.43166700000
Byrsonima sericea,-43.32110000000,-19.41440000000
Byrsonima sericea,-40.54170000000,-19.41280000000
Byrsonima sericea,-40.07222200000,-19.39138900000
Byrsonima sericea,-40.07220000000,-19.39110000000
Byrsonima sericea,-39.72555600000,-19.37250000000
Byrsonima sericea,-39.72527800000,-19.35166700000
Byrsonima sericea,-40.55111100000,-19.34833300000
Byrsonima sericea,-40.55083300000,-19.34805600000
Byrsonima sericea,-45.45382900000,-19.34349800000
Byrsonima sericea,-40.63694400000,-19.32194400000
Byrsonima sericea,-40.46194400000,-19.28166700000
Byrsonima sericea,-45.49797200000,-19.25761100000
Byrsonima sericea,-39.96527800000,-19.20944400000
Byrsonima sericea,-39.96222200000,-19.20944400000
Byrsonima sericea,-39.96277800000,-19.20941700000
Byrsonima sericea,-39.95256000000,-19.20233000000
Byrsonima sericea,-40.09777800000,-19.19694400000
Byrsonima sericea,-39.71055600000,-19.19166700000
Byrsonima sericea,-40.06527800000,-19.16277800000
Byrsonima sericea,-40.05811100000,-19.14324100000
Byrsonima sericea,-40.06188900000,-19.13877800000
Byrsonima sericea,-40.05988900000,-19.13583300000
Byrsonima sericea,-39.91687100000,-19.12246300000
Byrsonima sericea,-43.67416700000,-19.09916700000
Byrsonima sericea,-42.71560000000,-19.05580000000
Byrsonima sericea,-43.42500000000,-19.03720000000
Byrsonima sericea,-40.22784900000,-19.02688800000
Byrsonima sericea,-54.96740000000,-19.02192000000
Byrsonima sericea,-40.16612300000,-19.00694400000
Byrsonima sericea,-40.00000000000,-19.00000000000
Byrsonima sericea,-43.77891300000,-18.97533900000
Byrsonima sericea,-43.79492700000,-18.96068300000
Byrsonima sericea,-43.78666700000,-18.94416700000
Byrsonima sericea,-39.76166700000,-18.94083300000
Byrsonima sericea,-43.77657000000,-18.93572200000
Byrsonima sericea,-39.75833300000,-18.84138900000
Byrsonima sericea,-39.75250000000,-18.76583300000
Byrsonima sericea,-50.03944400000,-18.75722200000
Byrsonima sericea,-39.81194400000,-18.75027800000
Byrsonima sericea,-39.96002400000,-18.71997600000
Byrsonima sericea,-39.85888900000,-18.71611100000
Byrsonima sericea,-39.79222200000,-18.68777800000
Byrsonima sericea,-39.78081400000,-18.65215500000
Byrsonima sericea,-39.74972200000,-18.61500000000
Byrsonima sericea,-43.37940000000,-18.60470000000
Byrsonima sericea,-43.93970000000,-18.59560000000
Byrsonima sericea,-43.93972200000,-18.59555600000
Byrsonima sericea,-42.55690000000,-18.54860000000
Byrsonima sericea,-39.78111100000,-18.50250000000
Byrsonima sericea,-39.95416700000,-18.49444400000
Byrsonima sericea,-43.30670000000,-18.46580000000
Byrsonima sericea,-51.99527800000,-18.43944400000
Byrsonima sericea,-39.73888900000,-18.42388900000
Byrsonima sericea,-39.71944400000,-18.42305600000
Byrsonima sericea,-39.70190000000,-18.40330000000
Byrsonima sericea,-39.78001200000,-18.36000900000
Byrsonima sericea,-45.83343933000,-18.34207589000
Byrsonima sericea,-59.66972200000,-18.33388900000
Byrsonima sericea,-39.73222200000,-18.33333300000
Byrsonima sericea,-59.58333000000,-18.33333000000
Byrsonima sericea,-59.58000000000,-18.33000000000
Byrsonima sericea,-43.00920000000,-18.29360000000
Byrsonima sericea,-43.81666700000,-18.28333300000
Byrsonima sericea,-43.64833300000,-18.25805600000
Byrsonima sericea,-43.60194400000,-18.16166700000
Byrsonima sericea,-43.37111100000,-18.14361100000
Byrsonima sericea,-43.51277800000,-18.13722200000
Byrsonima sericea,-43.35370000000,-18.13010000000
Byrsonima sericea,-43.35000000000,-18.11666700000
Byrsonima sericea,-43.53527800000,-18.10972200000
Byrsonima sericea,-43.33333300000,-18.08333300000
Byrsonima sericea,-49.60500000000,-17.99888900000
Byrsonima sericea,-39.45416700000,-17.94916700000
Byrsonima sericea,-39.37160658000,-17.89567138000
Byrsonima sericea,-39.23861100000,-17.74472200000
Byrsonima sericea,-39.75444400000,-17.73527800000
Byrsonima sericea,-39.16861100000,-17.69305600000
Byrsonima sericea,-39.17166700000,-17.66861100000
Byrsonima sericea,-41.99172200000,-17.64669400000
Byrsonima sericea,-39.34220700000,-17.63625700000
Byrsonima sericea,-39.95194400000,-17.61861100000
Byrsonima sericea,-39.20939000000,-17.56863400000
Byrsonima sericea,-39.19805600000,-17.52250000000
Byrsonima sericea,-61.50000000000,-17.50000000000
Byrsonima sericea,-39.22000000000,-17.50000000000
Byrsonima sericea,-39.21666700000,-17.50000000000
Byrsonima sericea,-39.21666000000,-17.50000000000
Byrsonima sericea,-44.94197818000,-17.34875797000
Byrsonima sericea,-47.33333300000,-17.33333300000
Byrsonima sericea,-50.83333300000,-17.25000000000
Byrsonima sericea,-39.23333300000,-17.21500000000
Byrsonima sericea,-47.10000000000,-17.20000000000
Byrsonima sericea,-43.07000000000,-17.12000000000
Byrsonima sericea,-43.06666000000,-17.11666000000
Byrsonima sericea,-39.51666700000,-17.03333300000
Byrsonima sericea,-43.20580000000,-17.02450000000
Byrsonima sericea,-47.05000000000,-17.01666700000
Byrsonima sericea,-51.57916700000,-16.98916700000
Byrsonima sericea,-39.56666700000,-16.96666700000
Byrsonima sericea,-43.01333300000,-16.91666700000
Byrsonima sericea,-39.15000000000,-16.85000000000
Byrsonima sericea,-42.86203925000,-16.80434915000
Byrsonima sericea,-47.61360000000,-16.76860000000
Byrsonima sericea,-46.74388900000,-16.63722200000
Byrsonima sericea,-42.96666700000,-16.60000000000
Byrsonima sericea,-42.95000000000,-16.58333300000
Byrsonima sericea,-42.88333300000,-16.58333300000
Byrsonima sericea,-42.88000000000,-16.58000000000
Byrsonima sericea,-42.88500000000,-16.55861100000
Byrsonima sericea,-46.88333300000,-16.53333300000
Byrsonima sericea,-42.81666700000,-16.53333300000
Byrsonima sericea,-46.88000000000,-16.53000000000
Byrsonima sericea,-39.25000000000,-16.50000000000
Byrsonima sericea,-39.06428690000,-16.45344218000
Byrsonima sericea,-39.05000000000,-16.43333300000
Byrsonima sericea,-39.17916600000,-16.39666600000
Byrsonima sericea,-39.13333300000,-16.38333300000
Byrsonima sericea,-43.00277800000,-16.37722200000
Byrsonima sericea,-39.56666700000,-16.36666700000
Byrsonima sericea,-39.13333300000,-16.33333300000
Byrsonima sericea,-39.03000000000,-16.32000000000
Byrsonima sericea,-39.03333300000,-16.31666700000
Byrsonima sericea,-39.02362200000,-16.28252800000
Byrsonima sericea,-39.01666700000,-16.26666700000
Byrsonima sericea,-40.67000000000,-16.25000000000
Byrsonima sericea,-39.01666700000,-16.25000000000
Byrsonima sericea,-39.10320000000,-16.23360000000
Byrsonima sericea,-39.00000000000,-16.23333300000
Byrsonima sericea,-38.99750000000,-16.22583300000
Byrsonima sericea,-40.63333300000,-16.20000000000
Byrsonima sericea,-48.60333300000,-16.14250000000
Byrsonima sericea,-38.99250000000,-16.10944400000
Byrsonima sericea,-38.99250000000,-16.10944000000
Byrsonima sericea,-38.99250000000,-16.10940000000
Byrsonima sericea,-42.36722200000,-16.06583300000
Byrsonima sericea,-57.82511100000,-16.06327800000
Byrsonima sericea,-43.02060000000,-16.03260000000
Byrsonima sericea,-40.50059200000,-16.01980000000
Byrsonima sericea,-47.00000000000,-16.00000000000
Byrsonima sericea,-41.22472200000,-15.97222200000
Byrsonima sericea,-38.92000000000,-15.92000000000
Byrsonima sericea,-38.91666700000,-15.91666700000
Byrsonima sericea,-48.00388900000,-15.91250000000
Byrsonima sericea,-47.85000000000,-15.86666700000
Byrsonima sericea,-38.88000000000,-15.86000000000
Byrsonima sericea,-47.90666700000,-15.69972200000
Byrsonima sericea,-38.94000000000,-15.67000000000
Byrsonima sericea,-38.98333300000,-15.66666700000
Byrsonima sericea,-47.30250000000,-15.57583300000
Byrsonima sericea,-47.30000000000,-15.56667000000
Byrsonima sericea,-42.46972200000,-15.48361100000
Byrsonima sericea,-38.97666700000,-15.48333300000
Byrsonima sericea,-39.06944200000,-15.38000000000
Byrsonima sericea,-47.15055600000,-15.36166700000
Byrsonima sericea,-47.14111100000,-15.35583300000
Byrsonima sericea,-42.48333300000,-15.33333300000
Byrsonima sericea,-39.17166700000,-15.30555600000
Byrsonima sericea,-39.06666700000,-15.28333300000
Byrsonima sericea,-39.05140000000,-15.27000000000
Byrsonima sericea,-45.98388900000,-15.25500000000
Byrsonima sericea,-39.05750000000,-15.18416700000
Byrsonima sericea,-39.05750000000,-15.18388900000
Byrsonima sericea,-45.76972200000,-15.18194400000
Byrsonima sericea,-39.05555600000,-15.17916700000
Byrsonima sericea,-39.05555600000,-15.17888900000
Byrsonima sericea,-39.05805600000,-15.17666700000
Byrsonima sericea,-39.08333300000,-15.15000000000
Byrsonima sericea,-39.08333000000,-15.15000000000
Byrsonima sericea,-39.08000000000,-15.15000000000
Byrsonima sericea,-46.76666700000,-15.13333300000
Byrsonima sericea,-39.00198500000,-15.12425300000
Byrsonima sericea,-39.01666700000,-15.03333300000
Byrsonima sericea,-39.02000000000,-15.03000000000
Byrsonima sericea,-39.02500000000,-14.96944400000
Byrsonima sericea,-39.16666700000,-14.90000000000
Byrsonima sericea,-39.03333300000,-14.88333300000
Byrsonima sericea,-39.03333000000,-14.88333000000
Byrsonima sericea,-39.03000000000,-14.88000000000
Byrsonima sericea,-40.56666700000,-14.86666700000
Byrsonima sericea,-40.83333300000,-14.85000000000
Byrsonima sericea,-45.30650000000,-14.83516700000
Byrsonima sericea,-45.30638900000,-14.83500000000
Byrsonima sericea,-39.06250000000,-14.81250000000
Byrsonima sericea,-60.39305000000,-14.80305000000
Byrsonima sericea,-42.42916700000,-14.77500000000
Byrsonima sericea,-42.57416700000,-14.74722200000
Byrsonima sericea,-42.57420000000,-14.74720000000
Byrsonima sericea,-39.60333300000,-14.70583300000
Byrsonima sericea,-39.60330000000,-14.70580000000
Byrsonima sericea,-47.52470000000,-14.70560000000
Byrsonima sericea,-42.53527800000,-14.69361100000
Byrsonima sericea,-39.07000000000,-14.66361100000
Byrsonima sericea,-42.55527800000,-14.55361100000
Byrsonima sericea,-39.11500000000,-14.49972200000
Byrsonima sericea,-39.06170000000,-14.42310000000
Byrsonima sericea,-39.08333300000,-14.41666700000
Byrsonima sericea,-39.01666700000,-14.41666700000
Byrsonima sericea,-49.00388800000,-14.39055500000
Byrsonima sericea,-39.03666700000,-14.35861100000
Byrsonima sericea,-42.54638900000,-14.33861100000
Byrsonima sericea,-38.99658362000,-14.28149543000
Byrsonima sericea,-46.98027800000,-14.27833300000
Byrsonima sericea,-39.02250000000,-14.26944400000
Byrsonima sericea,-38.99805600000,-14.25888900000
Byrsonima sericea,-42.51777800000,-14.25361100000
Byrsonima sericea,-42.51888900000,-14.25083300000
Byrsonima sericea,-39.01666700000,-14.18333300000
Byrsonima sericea,-39.02000000000,-14.18000000000
Byrsonima sericea,-42.49611100000,-14.16000000000
Byrsonima sericea,-48.06667000000,-14.15000000000
Byrsonima sericea,-42.48333300000,-14.13333300000
Byrsonima sericea,-47.49655600000,-14.13058300000
Byrsonima sericea,-42.48000000000,-14.13000000000
Byrsonima sericea,-47.51666700000,-14.11666700000
Byrsonima sericea,-46.31694400000,-14.05166700000
Byrsonima sericea,-39.16694400000,-14.00166700000
Byrsonima sericea,-60.34361100000,-13.99472200000
Byrsonima sericea,-40.04166700000,-13.98722200000
Byrsonima sericea,-42.35000000000,-13.98333300000
Byrsonima sericea,-38.94722200000,-13.96444400000
Byrsonima sericea,-46.37027800000,-13.96250000000
Byrsonima sericea,-38.93055600000,-13.94305600000
Byrsonima sericea,-41.28333300000,-13.80000000000
Byrsonima sericea,-41.26666700000,-13.80000000000
Byrsonima sericea,-41.38333300000,-13.68333300000
Byrsonima sericea,-41.26666700000,-13.68333300000
Byrsonima sericea,-39.11777800000,-13.67222200000
Byrsonima sericea,-39.11972200000,-13.65055600000
Byrsonima sericea,-39.75083300000,-13.60222200000
Byrsonima sericea,-41.81500000000,-13.60194400000
Byrsonima sericea,-41.81508000000,-13.60043000000
Byrsonima sericea,-41.83333300000,-13.60000000000
Byrsonima sericea,-41.83333000000,-13.60000000000
Byrsonima sericea,-41.83000000000,-13.60000000000
Byrsonima sericea,-41.83472200000,-13.59527800000
Byrsonima sericea,-41.96666700000,-13.58333300000
Byrsonima sericea,-41.81666700000,-13.58333300000
Byrsonima sericea,-41.30000000000,-13.58333300000
Byrsonima sericea,-41.81666000000,-13.58333000000
Byrsonima sericea,-41.81146835000,-13.58287988000
Byrsonima sericea,-39.72361100000,-13.58277800000
Byrsonima sericea,-41.82000000000,-13.58000000000
Byrsonima sericea,-41.95060000000,-13.55030000000
Byrsonima sericea,-41.95055600000,-13.55027800000
Byrsonima sericea,-41.81666700000,-13.55000000000
Byrsonima sericea,-40.44522200000,-13.54166700000
Byrsonima sericea,-41.93333300000,-13.51944400000
Byrsonima sericea,-41.93333300000,-13.51666700000
Byrsonima sericea,-40.08333300000,-13.51666700000
Byrsonima sericea,-47.50000000000,-13.50000000000
Byrsonima sericea,-41.86844400000,-13.49575000000
Byrsonima sericea,-41.86833300000,-13.49555600000
Byrsonima sericea,-41.87138900000,-13.49388900000
Byrsonima sericea,-41.85472200000,-13.49388900000
Byrsonima sericea,-40.40722200000,-13.48500000000
Byrsonima sericea,-41.86666700000,-13.48333300000
Byrsonima sericea,-41.81666700000,-13.48333300000
Byrsonima sericea,-41.86666000000,-13.48333000000
Byrsonima sericea,-41.82000000000,-13.48000000000
Byrsonima sericea,-41.83000000000,-13.47000000000
Byrsonima sericea,-41.83333300000,-13.46666700000
Byrsonima sericea,-41.83333000000,-13.46666000000
Byrsonima sericea,-40.43057791000,-13.44477683000
Byrsonima sericea,-40.41805600000,-13.42388900000
Byrsonima sericea,-39.07393300000,-13.37030000000
Byrsonima sericea,-41.88416700000,-13.36861100000
Byrsonima sericea,-39.06666700000,-13.36666700000
Byrsonima sericea,-39.05000000000,-13.35000000000
Byrsonima sericea,-41.21666700000,-13.33333300000
Byrsonima sericea,-42.09833300000,-13.33055600000
Byrsonima sericea,-41.22000000000,-13.33000000000
Byrsonima sericea,-39.09027800000,-13.32888900000
Byrsonima sericea,-41.24861100000,-13.32277800000
Byrsonima sericea,-41.14861100000,-13.32277800000
Byrsonima sericea,-41.85000000000,-13.31666700000
Byrsonima sericea,-41.55000000000,-13.31666700000
Byrsonima sericea,-41.86583300000,-13.31472200000
Byrsonima sericea,-41.81666700000,-13.30000000000
Byrsonima sericea,-41.88333300000,-13.28333300000
Byrsonima sericea,-41.86666700000,-13.28333300000
Byrsonima sericea,-41.85000000000,-13.28333300000
Byrsonima sericea,-41.85000000000,-13.28000000000
Byrsonima sericea,-41.52527800000,-13.27500000000
Byrsonima sericea,-41.90000000000,-13.25000000000
Byrsonima sericea,-38.97833300000,-13.23722200000
Byrsonima sericea,-41.66666700000,-13.23333300000
Byrsonima sericea,-41.65000000000,-13.23333300000
Byrsonima sericea,-41.67000000000,-13.23000000000
Byrsonima sericea,-41.15250000000,-13.22361100000
Byrsonima sericea,-39.15944400000,-13.17222200000
Byrsonima sericea,-39.15000000000,-13.16666700000
Byrsonima sericea,-41.60000000000,-13.15000000000
Byrsonima sericea,-41.10000000000,-13.15000000000
Byrsonima sericea,-48.22000000000,-13.14861100000
Byrsonima sericea,-41.83250000000,-13.13111100000
Byrsonima sericea,-39.30000000000,-13.13000000000
Byrsonima sericea,-41.78138900000,-13.10861100000
Byrsonima sericea,-41.73361100000,-13.10500000000
Byrsonima sericea,-41.90444400000,-13.07750000000
Byrsonima sericea,-41.84277800000,-13.05000000000
Byrsonima sericea,-41.41666700000,-13.03333300000
Byrsonima sericea,-41.41666000000,-13.03333000000
Byrsonima sericea,-41.42000000000,-13.03000000000
Byrsonima sericea,-41.42611100000,-13.01916700000
Byrsonima sericea,-41.42750000000,-13.01666700000
Byrsonima sericea,-39.60000000000,-13.01666700000
Byrsonima sericea,-41.42972200000,-13.01472200000
Byrsonima sericea,-48.13388800000,-13.01166600000
Byrsonima sericea,-41.39138900000,-13.00027800000
Byrsonima sericea,-41.70194400000,-13.00000000000
Byrsonima sericea,-41.40000000000,-13.00000000000
Byrsonima sericea,-41.38333300000,-13.00000000000
Byrsonima sericea,-41.36666700000,-13.00000000000
Byrsonima sericea,-41.33416700000,-12.97888900000
Byrsonima sericea,-38.51083300000,-12.97111100000
Byrsonima sericea,-38.43694400000,-12.96888900000
Byrsonima sericea,-38.50000000000,-12.96666700000
Byrsonima sericea,-38.60815889000,-12.96426509000
Byrsonima sericea,-39.44638900000,-12.96083300000
Byrsonima sericea,-41.35000000000,-12.95000000000
Byrsonima sericea,-38.60000000000,-12.95000000000
Byrsonima sericea,-38.43694400000,-12.95000000000
Byrsonima sericea,-38.41666700000,-12.95000000000
Byrsonima sericea,-38.41638900000,-12.94555600000
Byrsonima sericea,-38.45194400000,-12.94444400000
Byrsonima sericea,-38.35833300000,-12.94166700000
Byrsonima sericea,-39.51666700000,-12.93333300000
Byrsonima sericea,-38.40000000000,-12.93333300000
Byrsonima sericea,-38.35000000000,-12.93333300000
Byrsonima sericea,-38.35000000000,-12.93333000000
Byrsonima sericea,-38.35000000000,-12.93000000000
Byrsonima sericea,-41.23333300000,-12.91666700000
Byrsonima sericea,-41.23750000000,-12.90500000000
Byrsonima sericea,-41.23333300000,-12.90000000000
Byrsonima sericea,-41.31111100000,-12.89916700000
Byrsonima sericea,-49.84138900000,-12.89194400000
Byrsonima sericea,-41.30250000000,-12.88333300000
Byrsonima sericea,-41.30000000000,-12.88333300000
Byrsonima sericea,-38.31666700000,-12.88333300000
Byrsonima sericea,-39.48000000000,-12.87138900000
Byrsonima sericea,-38.32055600000,-12.87138900000
Byrsonima sericea,-39.47972200000,-12.86805600000
Byrsonima sericea,-39.46666700000,-12.86666700000
Byrsonima sericea,-39.47361100000,-12.85916700000
Byrsonima sericea,-41.81472200000,-12.85472200000
Byrsonima sericea,-41.31083300000,-12.85444400000
Byrsonima sericea,-39.47583300000,-12.85444400000
Byrsonima sericea,-39.47194400000,-12.85305600000
Byrsonima sericea,-41.30972200000,-12.85111100000
Byrsonima sericea,-39.47555600000,-12.85027800000
Byrsonima sericea,-39.46666700000,-12.85000000000
Byrsonima sericea,-39.47888900000,-12.84972200000
Byrsonima sericea,-41.31666700000,-12.83333300000
Byrsonima sericea,-39.46666700000,-12.83333300000
Byrsonima sericea,-41.31666000000,-12.83333000000
Byrsonima sericea,-41.32555600000,-12.83000000000
Byrsonima sericea,-41.32000000000,-12.83000000000
Byrsonima sericea,-38.30361100000,-12.81361100000
Byrsonima sericea,-41.16000000000,-12.81000000000
Byrsonima sericea,-41.32666700000,-12.80722200000
Byrsonima sericea,-41.31666700000,-12.80000000000
Byrsonima sericea,-41.31055600000,-12.76666700000
Byrsonima sericea,-38.91666700000,-12.76666700000
Byrsonima sericea,-41.31111100000,-12.76583300000
Byrsonima sericea,-41.31333300000,-12.76527800000
Byrsonima sericea,-41.31277800000,-12.76527800000
Byrsonima sericea,-41.31333300000,-12.76500000000
Byrsonima sericea,-41.29444400000,-12.75916700000
Byrsonima sericea,-38.49861100000,-12.75888900000
Byrsonima sericea,-39.53333300000,-12.75000000000
Byrsonima sericea,-38.14694400000,-12.72833300000
Byrsonima sericea,-38.32000000000,-12.69000000000
Byrsonima sericea,-41.30000000000,-12.68333300000
Byrsonima sericea,-38.48333300000,-12.68333300000
Byrsonima sericea,-38.31666700000,-12.68333300000
Byrsonima sericea,-39.10000000000,-12.66666700000
Byrsonima sericea,-38.35000000000,-12.63333300000
Byrsonima sericea,-38.99000000000,-12.62640000000
Byrsonima sericea,-38.37888900000,-12.61777800000
Byrsonima sericea,-41.37666700000,-12.60722200000
Byrsonima sericea,-41.37861100000,-12.60694400000
Byrsonima sericea,-41.52580600000,-12.60383300000
Byrsonima sericea,-38.28333300000,-12.60000000000
Byrsonima sericea,-41.25000000000,-12.58333300000
Byrsonima sericea,-38.01666700000,-12.58333300000
Byrsonima sericea,-38.38027800000,-12.58111100000
Byrsonima sericea,-38.36583300000,-12.57750000000
Byrsonima sericea,-38.01250000000,-12.57666700000
Byrsonima sericea,-41.38222200000,-12.57388900000
Byrsonima sericea,-41.40000000000,-12.56666700000
Byrsonima sericea,-41.38333300000,-12.56666700000
Byrsonima sericea,-41.40305600000,-12.56027800000
Byrsonima sericea,-41.41833300000,-12.55944400000
Byrsonima sericea,-41.40000000000,-12.55944400000
Byrsonima sericea,-38.37638900000,-12.55750000000
Byrsonima sericea,-41.60527800000,-12.55444400000
Byrsonima sericea,-41.52000000000,-12.55111100000
Byrsonima sericea,-41.43333300000,-12.55000000000
Byrsonima sericea,-41.43000000000,-12.55000000000
Byrsonima sericea,-38.36666700000,-12.55000000000
Byrsonima sericea,-38.18333300000,-12.55000000000
Byrsonima sericea,-41.51750000000,-12.54194400000
Byrsonima sericea,-41.48472200000,-12.53694400000
Byrsonima sericea,-41.38333300000,-12.53333300000
Byrsonima sericea,-39.08333300000,-12.53333300000
Byrsonima sericea,-38.70000000000,-12.53333300000
Byrsonima sericea,-38.36666700000,-12.53333300000
Byrsonima sericea,-41.56833300000,-12.52916700000
Byrsonima sericea,-41.37388900000,-12.52500000000
Byrsonima sericea,-60.42000000000,-12.52000000000
Byrsonima sericea,-41.56666700000,-12.51666700000
Byrsonima sericea,-38.28333300000,-12.51666700000
Byrsonima sericea,-41.35000000000,-12.50000000000
Byrsonima sericea,-38.48333300000,-12.50000000000
Byrsonima sericea,-38.31305600000,-12.49305600000
Byrsonima sericea,-38.31305600000,-12.49305500000
Byrsonima sericea,-40.41833300000,-12.48944400000
Byrsonima sericea,-41.33333300000,-12.48333300000
Byrsonima sericea,-38.30000000000,-12.48333300000
Byrsonima sericea,-37.96194400000,-12.47444400000
Byrsonima sericea,-41.48805600000,-12.47222200000
Byrsonima sericea,-41.51472200000,-12.46722200000
Byrsonima sericea,-41.45416700000,-12.46694400000
Byrsonima sericea,-41.43333300000,-12.46666700000
Byrsonima sericea,-41.26666700000,-12.46666700000
Byrsonima sericea,-41.51888900000,-12.46027800000
Byrsonima sericea,-41.47750000000,-12.45916700000
Byrsonima sericea,-41.46638900000,-12.45694400000
Byrsonima sericea,-41.48805600000,-12.45222200000
Byrsonima sericea,-41.48806000000,-12.45222000000
Byrsonima sericea,-37.94666700000,-12.45027800000
Byrsonima sericea,-41.47000000000,-12.45000000000
Byrsonima sericea,-41.46666700000,-12.45000000000
Byrsonima sericea,-41.54055600000,-12.44222200000
Byrsonima sericea,-41.52666700000,-12.44027800000
Byrsonima sericea,-41.51472200000,-12.43805600000
Byrsonima sericea,-41.48638900000,-12.43805600000
Byrsonima sericea,-41.46666700000,-12.43333300000
Byrsonima sericea,-41.45583300000,-12.43194400000
Byrsonima sericea,-41.50555600000,-12.42916700000
Byrsonima sericea,-41.47805600000,-12.42416700000
Byrsonima sericea,-37.89166700000,-12.38333300000
Byrsonima sericea,-37.97944400000,-12.37444400000
Byrsonima sericea,-38.88333300000,-12.36666700000
Byrsonima sericea,-41.34166700000,-12.34166700000
Byrsonima sericea,-40.47916700000,-12.33361100000
Byrsonima sericea,-37.89000000000,-12.32916700000
Byrsonima sericea,-37.83750000000,-12.31166700000
Byrsonima sericea,-40.34694400000,-12.31000000000
Byrsonima sericea,-40.48944400000,-12.30916700000
Byrsonima sericea,-40.48388900000,-12.30694400000
Byrsonima sericea,-40.48277800000,-12.30388900000
Byrsonima sericea,-40.48750000000,-12.30194400000
Byrsonima sericea,-38.93694400000,-12.28388900000
Byrsonima sericea,-41.30000000000,-12.25000000000
Byrsonima sericea,-38.96666700000,-12.25000000000
Byrsonima sericea,-41.28888900000,-12.24111100000
Byrsonima sericea,-41.28388900000,-12.24111100000
Byrsonima sericea,-37.78138900000,-12.23861100000
Byrsonima sericea,-37.79722200000,-12.22444400000
Byrsonima sericea,-37.78472200000,-12.22444400000
Byrsonima sericea,-60.98000000000,-12.22000000000
Byrsonima sericea,-60.98000000000,-12.21666700000
Byrsonima sericea,-37.80388900000,-12.21138900000
Byrsonima sericea,-41.78000000000,-12.20111100000
Byrsonima sericea,-37.85361100000,-12.15194400000
Byrsonima sericea,-38.38333300000,-12.13333300000
Byrsonima sericea,-37.98722200000,-12.12777800000
Byrsonima sericea,-45.15000000000,-12.10000000000
Byrsonima sericea,-41.33277800000,-12.09611100000
Byrsonima sericea,-45.57222200000,-12.08833300000
Byrsonima sericea,-41.33888900000,-12.07472200000
Byrsonima sericea,-37.71138900000,-12.07361100000
Byrsonima sericea,-41.45000000000,-12.05666700000
Byrsonima sericea,-37.69083300000,-12.05666700000
Byrsonima sericea,-42.63333300000,-12.04000000000
Byrsonima sericea,-37.71055600000,-12.04000000000
Byrsonima sericea,-37.70472200000,-12.03805600000
Byrsonima sericea,-37.70388900000,-12.03555600000
Byrsonima sericea,-37.77305600000,-12.02444400000
Byrsonima sericea,-41.10888900000,-12.01916700000
Byrsonima sericea,-42.75000000000,-12.01666700000
Byrsonima sericea,-37.71250000000,-12.01666700000
Byrsonima sericea,-37.71000000000,-12.01666700000
Byrsonima sericea,-37.72444400000,-12.01611100000
Byrsonima sericea,-41.00000000000,-12.00000000000
Byrsonima sericea,-40.16666700000,-11.95000000000
Byrsonima sericea,-40.54638900000,-11.93972200000
Byrsonima sericea,-38.83333300000,-11.93333300000
Byrsonima sericea,-38.08333300000,-11.93333300000
Byrsonima sericea,-37.93333300000,-11.93333300000
Byrsonima sericea,-38.30916700000,-11.91666700000
Byrsonima sericea,-37.59027800000,-11.90111100000
Byrsonima sericea,-37.58972200000,-11.90111100000
Byrsonima sericea,-45.60083000000,-11.89472000000
Byrsonima sericea,-45.60000000000,-11.88333300000
Byrsonima sericea,-45.45388900000,-11.87833300000
Byrsonima sericea,-45.45390000000,-11.87830000000
Byrsonima sericea,-37.95303900000,-11.85858600000
Byrsonima sericea,-40.46666700000,-11.85000000000
Byrsonima sericea,-40.91027800000,-11.80583300000
Byrsonima sericea,-37.60000000000,-11.80000000000
Byrsonima sericea,-39.32138900000,-11.79888900000
Byrsonima sericea,-37.93333300000,-11.78333300000
Byrsonima sericea,-37.98333300000,-11.78083300000
Byrsonima sericea,-37.90638900000,-11.77666700000
Byrsonima sericea,-37.91666700000,-11.76666700000
Byrsonima sericea,-37.85138900000,-11.75916700000
Byrsonima sericea,-37.74972200000,-11.75222200000
Byrsonima sericea,-37.52916700000,-11.74444400000
Byrsonima sericea,-37.98333300000,-11.71666700000
Byrsonima sericea,-40.92888900000,-11.68750000000
Byrsonima sericea,-41.01638900000,-11.68166700000
Byrsonima sericea,-37.54250000000,-11.67833300000
Byrsonima sericea,-41.01388900000,-11.67750000000
Byrsonima sericea,-46.67277800000,-11.66972200000
Byrsonima sericea,-37.48361100000,-11.66638900000
Byrsonima sericea,-40.86750000000,-11.66388900000
Byrsonima sericea,-37.61000000000,-11.66277800000
Byrsonima sericea,-37.54222200000,-11.64916700000
Byrsonima sericea,-40.92916700000,-11.64277800000
Byrsonima sericea,-40.99056000000,-11.62917000000
Byrsonima sericea,-40.99055600000,-11.62916700000
Byrsonima sericea,-41.00083300000,-11.62833300000
Byrsonima sericea,-41.00111100000,-11.62805600000
Byrsonima sericea,-40.99611100000,-11.62083300000
Byrsonima sericea,-40.99083300000,-11.62083300000
Byrsonima sericea,-40.89611100000,-11.62083300000
Byrsonima sericea,-41.15585600000,-11.61389700000
Byrsonima sericea,-37.45833300000,-11.61277800000
Byrsonima sericea,-41.00000000000,-11.61138900000
Byrsonima sericea,-41.01666700000,-11.60000000000
Byrsonima sericea,-37.73111100000,-11.59500000000
Byrsonima sericea,-37.73111000000,-11.59500000000
Byrsonima sericea,-41.06166700000,-11.58333300000
Byrsonima sericea,-41.16555600000,-11.57916700000
Byrsonima sericea,-40.16555600000,-11.57916700000
Byrsonima sericea,-40.90583300000,-11.55777800000
Byrsonima sericea,-37.51250000000,-11.55777800000
Byrsonima sericea,-40.96833300000,-11.55111100000
Byrsonima sericea,-41.15000000000,-11.55000000000
Byrsonima sericea,-37.78333300000,-11.55000000000
Byrsonima sericea,-37.51138900000,-11.51944400000
Byrsonima sericea,-37.65013900000,-11.50358300000
Byrsonima sericea,-50.94222200000,-11.50138900000
Byrsonima sericea,-37.56666700000,-11.50000000000
Byrsonima sericea,-41.28194400000,-11.48333300000
Byrsonima sericea,-41.11638900000,-11.48333300000
Byrsonima sericea,-41.28194400000,-11.46666700000
Byrsonima sericea,-37.95055600000,-11.46305600000
Byrsonima sericea,-38.05727800000,-11.44263900000
Byrsonima sericea,-37.45027800000,-11.42611100000
Byrsonima sericea,-37.45030000000,-11.41560000000
Byrsonima sericea,-40.55444400000,-11.40750000000
Byrsonima sericea,-37.44061100000,-11.40661100000
Byrsonima sericea,-37.32330000000,-11.40420000000
Byrsonima sericea,-37.42627800000,-11.39891700000
Byrsonima sericea,-40.53805600000,-11.39722200000
Byrsonima sericea,-51.66444400000,-11.39638900000
Byrsonima sericea,-37.41861100000,-11.39194400000
Byrsonima sericea,-40.53611100000,-11.38861100000
Byrsonima sericea,-40.53527800000,-11.38750000000
Byrsonima sericea,-37.42586100000,-11.38552800000
Byrsonima sericea,-37.41944400000,-11.38444400000
Byrsonima sericea,-37.41940000000,-11.38440000000
Byrsonima sericea,-37.42427800000,-11.37805600000
Byrsonima sericea,-37.65777800000,-11.37388900000
Byrsonima sericea,-37.44833300000,-11.35083300000
Byrsonima sericea,-40.50361100000,-11.33472200000
Byrsonima sericea,-40.50305600000,-11.33444400000
Byrsonima sericea,-41.12750000000,-11.32861100000
Byrsonima sericea,-44.19194400000,-11.32638900000
Byrsonima sericea,-37.29220000000,-11.32140000000
Byrsonima sericea,-37.29222200000,-11.32138900000
Byrsonima sericea,-37.29247200000,-11.31758300000
Byrsonima sericea,-40.48944400000,-11.30611100000
Byrsonima sericea,-40.48333300000,-11.30000000000
Byrsonima sericea,-37.50000000000,-11.30000000000
Byrsonima sericea,-40.52861100000,-11.28555600000
Byrsonima sericea,-37.43788388000,-11.27192360000
Byrsonima sericea,-37.44213600000,-11.26871100000
Byrsonima sericea,-37.43805600000,-11.26861100000
Byrsonima sericea,-37.27277800000,-11.25972200000
Byrsonima sericea,-49.87027800000,-11.25750000000
Byrsonima sericea,-40.73000000000,-11.24305600000
Byrsonima sericea,-37.25346000000,-11.23561000000
Byrsonima sericea,-51.39510000000,-11.23470000000
Byrsonima sericea,-40.71666700000,-11.23333300000
Byrsonima sericea,-37.25070000000,-11.23310000000
Byrsonima sericea,-37.25100000000,-11.23040000000
Byrsonima sericea,-40.48194400000,-11.20666700000
Byrsonima sericea,-41.39250000000,-11.20194400000
Byrsonima sericea,-37.23333300000,-11.20000000000
Byrsonima sericea,-40.50722200000,-11.19583300000
Byrsonima sericea,-40.48527800000,-11.15138900000
Byrsonima sericea,-47.53555600000,-11.14500000000
Byrsonima sericea,-42.72138900000,-11.11111100000
Byrsonima sericea,-37.35013900000,-11.10091700000
Byrsonima sericea,-40.66666700000,-11.08333300000
Byrsonima sericea,-40.66667000000,-11.08333000000
Byrsonima sericea,-37.32888900000,-11.07472200000
Byrsonima sericea,-37.47472200000,-11.03194400000
Byrsonima sericea,-37.20638900000,-11.01472200000
Byrsonima sericea,-40.00250000000,-11.01166700000
Byrsonima sericea,-40.01166700000,-11.00333300000
Byrsonima sericea,-37.31027800000,-10.99833300000
Byrsonima sericea,-49.93916700000,-10.95333300000
Byrsonima sericea,-37.09963100000,-10.92567500000
Byrsonima sericea,-37.65000000000,-10.91805600000
Byrsonima sericea,-37.65000000000,-10.91722200000
Byrsonima sericea,-37.07166700000,-10.91111100000
Byrsonima sericea,-37.05411100000,-10.89216400000
Byrsonima sericea,-37.32122200000,-10.88972200000
Byrsonima sericea,-37.32111100000,-10.88972200000
Byrsonima sericea,-36.99705600000,-10.88691700000
Byrsonima sericea,-37.05277800000,-10.88305600000
Byrsonima sericea,-37.14277800000,-10.85944400000
Byrsonima sericea,-37.14166700000,-10.84277800000
Byrsonima sericea,-52.87310000000,-10.83390000000
Byrsonima sericea,-37.05416700000,-10.78916700000
Byrsonima sericea,-53.08972000000,-10.77306000000
Byrsonima sericea,-37.35583300000,-10.77305600000
Byrsonima sericea,-37.33694400000,-10.76916700000
Byrsonima sericea,-37.33888900000,-10.76583300000
Byrsonima sericea,-37.31500000000,-10.75805600000
Byrsonima sericea,-37.33922200000,-10.75480600000
Byrsonima sericea,-37.81111100000,-10.73833300000
Byrsonima sericea,-36.85583300000,-10.73777800000
Byrsonima sericea,-37.38444400000,-10.73505600000
Byrsonima sericea,-37.13141700000,-10.71816700000
Byrsonima sericea,-37.14833300000,-10.68861100000
Byrsonima sericea,-37.42500000000,-10.68527800000
Byrsonima sericea,-40.32972200000,-10.66888900000
Byrsonima sericea,-36.80444400000,-10.66888900000
Byrsonima sericea,-40.34277800000,-10.66527800000
Byrsonima sericea,-40.34750000000,-10.66500000000
Byrsonima sericea,-37.30444400000,-10.65805600000
Byrsonima sericea,-36.78916700000,-10.65472200000
Byrsonima sericea,-36.75722200000,-10.65222200000
Byrsonima sericea,-36.85544400000,-10.64908300000
Byrsonima sericea,-36.98861100000,-10.64833300000
Byrsonima sericea,-36.78222200000,-10.64194400000
Byrsonima sericea,-36.94000000000,-10.59333300000
Byrsonima sericea,-36.79944400000,-10.54805600000
Byrsonima sericea,-37.05466700000,-10.53686100000
Byrsonima sericea,-37.06333300000,-10.53611100000
Byrsonima sericea,-37.06330000000,-10.53610000000
Byrsonima sericea,-37.05719400000,-10.53177800000
Byrsonima sericea,-36.61513900000,-10.53058300000
Byrsonima sericea,-37.10125000000,-10.52500000000
Byrsonima sericea,-37.09920000000,-10.51110000000
Byrsonima sericea,-37.09919400000,-10.51100000000
Byrsonima sericea,-37.10041700000,-10.50794400000
Byrsonima sericea,-37.05250000000,-10.50333300000
Byrsonima sericea,-41.16666700000,-10.50000000000
Byrsonima sericea,-36.60583300000,-10.46888900000
Byrsonima sericea,-41.23333300000,-10.46666700000
Byrsonima sericea,-41.27000000000,-10.45000000000
Byrsonima sericea,-41.26666700000,-10.45000000000
Byrsonima sericea,-41.26666000000,-10.45000000000
Byrsonima sericea,-36.54000000000,-10.43666700000
Byrsonima sericea,-40.26361100000,-10.42861100000
Byrsonima sericea,-48.27805600000,-10.42194400000
Byrsonima sericea,-48.35250000000,-10.41583300000
Byrsonima sericea,-48.31055600000,-10.41527800000
Byrsonima sericea,-48.31083300000,-10.41388900000
Byrsonima sericea,-41.41027800000,-10.40833300000
Byrsonima sericea,-48.36250000000,-10.40638900000
Byrsonima sericea,-48.36277800000,-10.40527800000
Byrsonima sericea,-41.32250000000,-10.40305600000
Byrsonima sericea,-41.32250000000,-10.40305000000
Byrsonima sericea,-48.35888900000,-10.39916700000
Byrsonima sericea,-42.35888900000,-10.39916700000
Byrsonima sericea,-41.41944400000,-10.38611100000
Byrsonima sericea,-41.33000000000,-10.37000000000
Byrsonima sericea,-48.12222200000,-10.36916700000
Byrsonima sericea,-42.12222200000,-10.36916700000
Byrsonima sericea,-41.41944400000,-10.36861100000
Byrsonima sericea,-41.33333300000,-10.36666700000
Byrsonima sericea,-41.21666700000,-10.35000000000
Byrsonima sericea,-36.80083300000,-10.34694400000
Byrsonima sericea,-48.16261100000,-10.34400000000
Byrsonima sericea,-41.33333300000,-10.33333300000
Byrsonima sericea,-41.33000000000,-10.33000000000
Byrsonima sericea,-36.57944400000,-10.32000000000
Byrsonima sericea,-37.40000000000,-10.31611100000
Byrsonima sericea,-36.60777800000,-10.29111100000
Byrsonima sericea,-48.15444400000,-10.27944400000
Byrsonima sericea,-37.10305600000,-10.25694400000
Byrsonima sericea,-40.26583300000,-10.24277800000
Byrsonima sericea,-36.29888900000,-10.21555600000
Byrsonima sericea,-36.49722200000,-10.18416700000
Byrsonima sericea,-36.23138900000,-10.11611100000
Byrsonima sericea,-42.89361100000,-10.11083300000
Byrsonima sericea,-42.85666700000,-10.10444400000
Byrsonima sericea,-42.84388900000,-10.09861100000
Byrsonima sericea,-36.22388900000,-10.07166700000
Byrsonima sericea,-38.35000000000,-10.06666700000
Byrsonima sericea,-49.84972200000,-10.03786100000
Byrsonima sericea,-36.27222200000,-9.99250000000
Byrsonima sericea,-47.47833300000,-9.98861100000
Byrsonima sericea,-36.37888900000,-9.94250000000
Byrsonima sericea,-36.47583300000,-9.92527800000
Byrsonima sericea,-36.27694400000,-9.89805600000
Byrsonima sericea,-36.42833300000,-9.87666700000
Byrsonima sericea,-49.84722200000,-9.82222200000
Byrsonima sericea,-58.25861100000,-9.81972200000
Byrsonima sericea,-58.25863900000,-9.81941700000
Byrsonima sericea,-36.42583300000,-9.80638900000
Byrsonima sericea,-35.87138900000,-9.78722200000
Byrsonima sericea,-35.87666700000,-9.77972200000
Byrsonima sericea,-37.78916700000,-9.66000000000
Byrsonima sericea,-35.80361100000,-9.66000000000
Byrsonima sericea,-36.57611100000,-9.62361100000
Byrsonima sericea,-36.40222200000,-9.62055600000
Byrsonima sericea,-35.68333300000,-9.60000000000
Byrsonima sericea,-35.91388900000,-9.59944400000
Byrsonima sericea,-35.95666700000,-9.59750000000
Byrsonima sericea,-35.80472200000,-9.56861100000
Byrsonima sericea,-36.34166700000,-9.46027800000
Byrsonima sericea,-35.81444400000,-9.44805600000
Byrsonima sericea,-36.70972200000,-9.44055600000
Byrsonima sericea,-36.70975000000,-9.44043300000
Byrsonima sericea,-36.09280000000,-9.41300000000
Byrsonima sericea,-36.11666700000,-9.33333300000
Byrsonima sericea,-36.05527800000,-9.27444400000
Byrsonima sericea,-36.41951000000,-9.25855600000
Byrsonima sericea,-35.95000000000,-9.25555600000
Byrsonima sericea,-35.89250000000,-9.25472200000
Byrsonima sericea,-36.42000000000,-9.25000000000
Byrsonima sericea,-36.41667000000,-9.25000000000
Byrsonima sericea,-36.41666000000,-9.25000000000
Byrsonima sericea,-36.42000000000,-9.24166700000
Byrsonima sericea,-36.43333300000,-9.23833300000
Byrsonima sericea,-36.42944400000,-9.23833300000
Byrsonima sericea,-36.43058900000,-9.23772300000
Byrsonima sericea,-36.41107700000,-9.22022000000
Byrsonima sericea,-35.50222200000,-9.21444400000
Byrsonima sericea,-35.92944400000,-9.18138900000
Byrsonima sericea,-40.93354600000,-9.16887300000
Byrsonima sericea,-36.25410000000,-9.15040000000
Byrsonima sericea,-38.13241700000,-9.08069400000
Byrsonima sericea,-38.12616700000,-9.07241700000
Byrsonima sericea,-38.12611100000,-9.07222200000
Byrsonima sericea,-38.13447200000,-9.06780600000
Byrsonima sericea,-45.86666700000,-9.05000000000
Byrsonima sericea,-36.10638900000,-9.02694400000
Byrsonima sericea,-35.37361100000,-9.02277800000
Byrsonima sericea,-36.78500000000,-9.00166700000
Byrsonima sericea,-35.93769300000,-8.97950100000
Byrsonima sericea,-35.84319400000,-8.80647200000
Byrsonima sericea,-35.83333300000,-8.80000000000
Byrsonima sericea,-35.80888900000,-8.78250000000
Byrsonima sericea,-35.18583000000,-8.72306000000
Byrsonima sericea,-35.18583300000,-8.72305600000
Byrsonima sericea,-35.09483300000,-8.71666700000
Byrsonima sericea,-35.09500000000,-8.71444400000
Byrsonima sericea,-35.40143300000,-8.69766700000
Byrsonima sericea,-35.41433300000,-8.68561400000
Byrsonima sericea,-46.75889000000,-8.64167000000
Byrsonima sericea,-46.71667000000,-8.63333000000
Byrsonima sericea,-35.18333300000,-8.56222200000
Byrsonima sericea,-35.14555600000,-8.55111100000
Byrsonima sericea,-35.14833300000,-8.55055600000
Byrsonima sericea,-35.01877800000,-8.52600000000
Byrsonima sericea,-35.69583300000,-8.49444400000
Byrsonima sericea,-35.31027800000,-8.46480600000
Byrsonima sericea,-47.66639000000,-8.42389000000
Byrsonima sericea,-47.66638900000,-8.42388900000
Byrsonima sericea,-35.51210000000,-8.41370000000
Byrsonima sericea,-35.67861100000,-8.40138900000
Byrsonima sericea,-35.06416700000,-8.39944400000
Byrsonima sericea,-46.66055600000,-8.33277800000
Byrsonima sericea,-34.99965600000,-8.31723300000
Byrsonima sericea,-39.15000000000,-8.31000000000
Byrsonima sericea,-36.00000000000,-8.31000000000
Byrsonima sericea,-35.06308300000,-8.23838900000
Byrsonima sericea,-35.06966700000,-8.22716700000
Byrsonima sericea,-36.06944400000,-8.22694400000
Byrsonima sericea,-35.00488900000,-8.22050000000
Byrsonima sericea,-35.47044400000,-8.18861100000
Byrsonima sericea,-35.39555600000,-8.14166700000
Byrsonima sericea,-35.39612500000,-8.13915800000
Byrsonima sericea,-35.13555600000,-8.11888900000
Byrsonima sericea,-34.88111100000,-8.05416700000
Byrsonima sericea,-34.88111100000,-8.05388900000
Byrsonima sericea,-34.86666700000,-8.05000000000
Byrsonima sericea,-34.95030000000,-8.01280000000
Byrsonima sericea,-34.95027800000,-8.01277800000
Byrsonima sericea,-39.56861100000,-7.99416700000
Byrsonima sericea,-34.87333300000,-7.94138900000
Byrsonima sericea,-35.00280000000,-7.83890000000
Byrsonima sericea,-35.00277800000,-7.83888900000
Byrsonima sericea,-34.99583300000,-7.83888900000
Byrsonima sericea,-35.00277800000,-7.83750000000
Byrsonima sericea,-34.90611100000,-7.83444400000
Byrsonima sericea,-34.87481000000,-7.83229800000
Byrsonima sericea,-34.94777800000,-7.82416700000
Byrsonima sericea,-34.96002800000,-7.81748900000
Byrsonima sericea,-34.98030000000,-7.80830000000
Byrsonima sericea,-35.99527800000,-7.79472200000
Byrsonima sericea,-35.02361100000,-7.79083300000
Byrsonima sericea,-35.02000000000,-7.79083300000
Byrsonima sericea,-35.02527800000,-7.78861100000
Byrsonima sericea,-47.94055500000,-7.78805500000
Byrsonima sericea,-34.94439200000,-7.78728300000
Byrsonima sericea,-35.27527800000,-7.77469400000
Byrsonima sericea,-34.93666700000,-7.77194400000
Byrsonima sericea,-35.00550000000,-7.77019400000
Byrsonima sericea,-34.99055600000,-7.71611100000
Byrsonima sericea,-34.96972200000,-7.70333300000
Byrsonima sericea,-34.82055600000,-7.60611100000
Byrsonima sericea,-34.82060000000,-7.60610000000
Byrsonima sericea,-39.32005600000,-7.59188900000
Byrsonima sericea,-35.50000000000,-7.58333300000
Byrsonima sericea,-35.05000000000,-7.58333300000
Byrsonima sericea,-39.21707200000,-7.58254200000
Byrsonima sericea,-39.30627800000,-7.57202800000
Byrsonima sericea,-34.96972200000,-7.50805600000
Byrsonima sericea,-39.36738900000,-7.49358300000
Byrsonima sericea,-35.59430000000,-7.47410000000
Byrsonima sericea,-39.50000000000,-7.47000000000
Byrsonima sericea,-39.50000000000,-7.46666700000
Byrsonima sericea,-39.50000000000,-7.46666000000
Byrsonima sericea,-39.07080600000,-7.45405600000
Byrsonima sericea,-35.41666700000,-7.45000000000
Byrsonima sericea,-39.33750000000,-7.44888900000
Byrsonima sericea,-39.06839400000,-7.44451100000
Byrsonima sericea,-39.06902800000,-7.44397200000
Byrsonima sericea,-39.74527800000,-7.41557800000
Byrsonima sericea,-39.46805600000,-7.41166700000
Byrsonima sericea,-39.34861100000,-7.40777800000
Byrsonima sericea,-39.50650800000,-7.40634400000
Byrsonima sericea,-39.75000000000,-7.40000000000
Byrsonima sericea,-39.33316700000,-7.39830600000
Byrsonima sericea,-39.35443600000,-7.38386700000
Byrsonima sericea,-39.33833300000,-7.37472200000
Byrsonima sericea,-39.39444400000,-7.34741700000
Byrsonima sericea,-34.81791862000,-7.31961731300
Byrsonima sericea,-39.56444400000,-7.31305600000
Byrsonima sericea,-39.64166700000,-7.29277800000
Byrsonima sericea,-39.54166700000,-7.29277800000
Byrsonima sericea,-39.52833300000,-7.28833300000
Byrsonima sericea,-39.52822200000,-7.28822200000
Byrsonima sericea,-39.52583300000,-7.27805600000
Byrsonima sericea,-39.45083300000,-7.27416700000
Byrsonima sericea,-34.90712437000,-7.26351581700
Byrsonima sericea,-34.90750000000,-7.26000000000
Byrsonima sericea,-39.40916700000,-7.23444400000
Byrsonima sericea,-39.40940000000,-7.23420000000
Byrsonima sericea,-39.53333300000,-7.21666700000
Byrsonima sericea,-39.60194400000,-7.21638900000
Byrsonima sericea,-39.59000000000,-7.20972200000
Byrsonima sericea,-39.48441900000,-7.20255000000
Byrsonima sericea,-39.60002500000,-7.19999400000
Byrsonima sericea,-34.86272165000,-7.11851170600
Byrsonima sericea,-34.86305600000,-7.11500000000
Byrsonima sericea,-34.97805600000,-7.11416700000
Byrsonima sericea,-34.86310000000,-7.11190000000
Byrsonima sericea,-35.23250000000,-7.09638900000
Byrsonima sericea,-47.46777700000,-7.02833300000
Byrsonima sericea,-35.70416700000,-6.97000000000
Byrsonima sericea,-35.69138900000,-6.96333300000
Byrsonima sericea,-35.62750000000,-6.89638900000
Byrsonima sericea,-35.12583300000,-6.83888900000
Byrsonima sericea,-46.59944400000,-6.78805500000
Byrsonima sericea,-47.10166600000,-6.78694400000
Byrsonima sericea,-35.14205600000,-6.74186100000
Byrsonima sericea,-35.11555600000,-6.66722200000
Byrsonima sericea,-35.11556000000,-6.66722000000
Byrsonima sericea,-35.26555600000,-6.62750000000
Byrsonima sericea,-43.51666700000,-6.53333300000
Byrsonima sericea,-34.97694400000,-6.50222200000
Byrsonima sericea,-35.08309000000,-6.44305000000
Byrsonima sericea,-35.09580000000,-6.41520000000
Byrsonima sericea,-35.02283300000,-6.37791700000
Byrsonima sericea,-35.02355800000,-6.37412200000
Byrsonima sericea,-35.07450000000,-6.36160000000
Byrsonima sericea,-35.21944400000,-6.31972200000
Byrsonima sericea,-42.12000000000,-6.30000000000
Byrsonima sericea,-42.11666700000,-6.30000000000
Byrsonima sericea,-35.13099000000,-6.19113300000
Byrsonima sericea,-35.14060000000,-6.07560000000
Byrsonima sericea,-36.47583300000,-5.92527800000
Byrsonima sericea,-42.60856700000,-5.64461700000
Byrsonima sericea,-42.61666700000,-5.51666700000
Byrsonima sericea,-38.93305600000,-5.26055600000
Byrsonima sericea,-41.69861100000,-5.23333300000
Byrsonima sericea,-41.70916700000,-4.93611100000
Byrsonima sericea,-41.72222200000,-4.92500000000
Byrsonima sericea,-42.05383300000,-4.86725000000
Byrsonima sericea,-41.68333300000,-4.83333300000
Byrsonima sericea,-43.78000000000,-4.70000000000
Byrsonima sericea,-42.81944400000,-4.36388900000
Byrsonima sericea,-38.91508300000,-4.30316700000
Byrsonima sericea,-38.93305600000,-4.29716700000
Byrsonima sericea,-39.01055600000,-4.28527800000
Byrsonima sericea,-38.93180600000,-4.21805600000
Byrsonima sericea,-38.93166700000,-4.21805600000
Byrsonima sericea,-38.97116700000,-4.20602800000
Byrsonima sericea,-38.97111100000,-4.20583300000
Byrsonima sericea,-38.33904700000,-4.13693300000
Byrsonima sericea,-38.33948300000,-4.13651100000
Byrsonima sericea,-41.70916700000,-4.09916700000
Byrsonima sericea,-41.69497200000,-4.09619400000
Byrsonima sericea,-41.68333300000,-4.08333300000
Byrsonima sericea,-41.71666700000,-4.07222200000
Byrsonima sericea,-40.62544400000,-3.92416700000
Byrsonima sericea,-40.95000000000,-3.86666700000
Byrsonima sericea,-38.48611100000,-3.79861100000
Byrsonima sericea,-43.25361100000,-3.54527800000
Byrsonima sericea,-44.27277800000,-2.59638900000
Byrsonima sericea,-44.20946700000,-2.57470000000
Byrsonima sericea,-44.21694400000,-2.48527800000
Byrsonima sericea,-48.48833300000,-1.46750000000
Byrsonima sericea,-48.48333300000,-1.45000000000
Byrsonima sericea,-52.50000000000,-0.00800000000
Byrsonima sericea,-58.55000000000,5.98000000000
Byrsonima sericea,-58.13000000000,6.58000000000
