sp,lon,lat
Croton floribundus,-52.14044400000,-24.71455600000
Croton floribundus,-49.00000000000,-24.50000000000
Croton floribundus,-55.00000000000,-24.33333000000
Croton floribundus,-50.61111100000,-24.31416700000
Croton floribundus,-49.21500000000,-24.29916700000
Croton floribundus,-49.28000000000,-24.28000000000
Croton floribundus,-49.70622151000,-24.25496396000
Croton floribundus,-49.26666700000,-24.23333300000
Croton floribundus,-55.52805600000,-24.13361100000
Croton floribundus,-50.72333300000,-24.11138900000
Croton floribundus,-49.07000000000,-24.06222200000
Croton floribundus,-49.06833300000,-24.06194400000
Croton floribundus,-51.00000000000,-24.00000000000
Croton floribundus,-55.47888900000,-23.99416700000
Croton floribundus,-55.41667000000,-23.96667000000
Croton floribundus,-55.41666700000,-23.96666700000
Croton floribundus,-46.99570000000,-23.93972200000
Croton floribundus,-51.14550000000,-23.93866700000
Croton floribundus,-51.15000000000,-23.93333300000
Croton floribundus,-51.13333300000,-23.93333300000
Croton floribundus,-51.16763900000,-23.89638900000
Croton floribundus,-52.73583300000,-23.88097200000
Croton floribundus,-52.74894400000,-23.87411100000
Croton floribundus,-54.17444400000,-23.79972200000
Croton floribundus,-56.04916700000,-23.77750000000
Croton floribundus,-45.93750000000,-23.71666700000
Croton floribundus,-48.58741700000,-23.71105600000
Croton floribundus,-48.58727800000,-23.71104200000
Croton floribundus,-48.58725000000,-23.71103900000
Croton floribundus,-48.58658300000,-23.71097200000
Croton floribundus,-52.60551688000,-23.66714188000
Croton floribundus,-49.91393249000,-23.57105303000
Croton floribundus,-46.63040635000,-23.54416359000
Croton floribundus,-50.97555600000,-23.54083300000
Croton floribundus,-48.78055600000,-23.52916700000
Croton floribundus,-48.73944400000,-23.52916700000
Croton floribundus,-48.08055600000,-23.52388900000
Croton floribundus,-54.18388900000,-23.48785600000
Croton floribundus,-46.76444400000,-23.47527800000
Croton floribundus,-46.76388900000,-23.47472200000
Croton floribundus,-45.06999819000,-23.43416542000
Croton floribundus,-45.07110000000,-23.43390000000
Croton floribundus,-51.93860000000,-23.42530000000
Croton floribundus,-48.35056000000,-23.42388900000
Croton floribundus,-51.93750000000,-23.40472200000
Croton floribundus,-51.93722200000,-23.40361100000
Croton floribundus,-51.94055600000,-23.40250000000
Croton floribundus,-51.93333300000,-23.40000000000
Croton floribundus,-51.35000000000,-23.40000000000
Croton floribundus,-47.66666700000,-23.40000000000
Croton floribundus,-47.55023300000,-23.39230000000
Croton floribundus,-47.53518600000,-23.36851900000
Croton floribundus,-51.23333300000,-23.36666700000
Croton floribundus,-51.23333300000,-23.36666600000
Croton floribundus,-52.15222200000,-23.36416700000
Croton floribundus,-52.06666700000,-23.35000000000
Croton floribundus,-44.96666700000,-23.35000000000
Croton floribundus,-51.00000000000,-23.34638900000
Croton floribundus,-46.03030000000,-23.27590000000
Croton floribundus,-48.20000000000,-23.25000000000
Croton floribundus,-46.25000000000,-23.25000000000
Croton floribundus,-58.39102400000,-23.23621100000
Croton floribundus,-46.93577800000,-23.23044400000
Croton floribundus,-52.09080000000,-23.21510000000
Croton floribundus,-48.96444400000,-23.20277800000
Croton floribundus,-58.16890000000,-23.20250000000
Croton floribundus,-51.82750000000,-23.19690000000
Croton floribundus,-48.96472200000,-23.18527800000
Croton floribundus,-48.96469400000,-23.18519400000
Croton floribundus,-46.86666700000,-23.18333300000
Croton floribundus,-53.92258300000,-23.14777800000
Croton floribundus,-47.34886400000,-23.12155300000
Croton floribundus,-46.92797200000,-23.11186100000
Croton floribundus,-48.89500000000,-23.09472200000
Croton floribundus,-45.93750000000,-23.07500000000
Croton floribundus,-48.36666700000,-23.06666700000
Croton floribundus,-48.18330000000,-23.03330000000
Croton floribundus,-47.08920000000,-23.01290000000
Croton floribundus,-43.50000000000,-23.00000000000
Croton floribundus,-48.80333300000,-22.99611100000
Croton floribundus,-45.22083300000,-22.96611100000
Croton floribundus,-45.22083000000,-22.96611000000
Croton floribundus,-46.93194400000,-22.95666700000
Croton floribundus,-48.33333000000,-22.95000000000
Croton floribundus,-52.68560000000,-22.93440000000
Croton floribundus,-48.91666700000,-22.91666700000
Croton floribundus,-43.20766855000,-22.90695982000
Croton floribundus,-47.06080000000,-22.90560000000
Croton floribundus,-48.49222200000,-22.88111100000
Croton floribundus,-48.43416700000,-22.87222200000
Croton floribundus,-48.43333300000,-22.86666700000
Croton floribundus,-46.90000000000,-22.86666700000
Croton floribundus,-46.08333000000,-22.86666000000
Croton floribundus,-47.06725000000,-22.86486100000
Croton floribundus,-46.93277800000,-22.83694400000
Croton floribundus,-46.91666700000,-22.83333300000
Croton floribundus,-48.05833300000,-22.82916700000
Croton floribundus,-49.73333300000,-22.81666700000
Croton floribundus,-47.10000000000,-22.81666700000
Croton floribundus,-46.91666700000,-22.81666700000
Croton floribundus,-45.19250000000,-22.81640000000
Croton floribundus,-48.74277800000,-22.81388900000
Croton floribundus,-45.71666700000,-22.80444400000
Croton floribundus,-45.70000000000,-22.80444400000
Croton floribundus,-47.04233100000,-22.80101700000
Croton floribundus,-51.71655142000,-22.79633347000
Croton floribundus,-46.93333300000,-22.78333300000
Croton floribundus,-52.74388900000,-22.76216900000
Croton floribundus,-46.14470000000,-22.75530000000
Croton floribundus,-53.25000000000,-22.71666700000
Croton floribundus,-53.10000000000,-22.71666700000
Croton floribundus,-53.16888900000,-22.71555600000
Croton floribundus,-53.16958300000,-22.71413900000
Croton floribundus,-53.16138900000,-22.71111100000
Croton floribundus,-46.66849200000,-22.69488600000
Croton floribundus,-51.70166700000,-22.68833300000
Croton floribundus,-52.83333300000,-22.64237500000
Croton floribundus,-50.86333300000,-22.62694400000
Croton floribundus,-50.86305600000,-22.62694400000
Croton floribundus,-52.86666700000,-22.61666700000
Croton floribundus,-52.88827800000,-22.61627800000
Croton floribundus,-52.86480600000,-22.61358300000
Croton floribundus,-52.87388900000,-22.61041700000
Croton floribundus,-53.35720800000,-22.61016700000
Croton floribundus,-52.90033300000,-22.60738900000
Croton floribundus,-52.90027800000,-22.60722200000
Croton floribundus,-52.89352800000,-22.60638900000
Croton floribundus,-52.90022200000,-22.60125000000
Croton floribundus,-52.82277800000,-22.59916700000
Croton floribundus,-52.88361100000,-22.59666700000
Croton floribundus,-52.88333300000,-22.58333300000
Croton floribundus,-47.67500000000,-22.57027800000
Croton floribundus,-52.25000000000,-22.53333300000
Croton floribundus,-44.80760000000,-22.52150000000
Croton floribundus,-43.17846605000,-22.50885341000
Croton floribundus,-43.00000000000,-22.50000000000
Croton floribundus,-42.91250000000,-22.48222000000
Croton floribundus,-49.72361100000,-22.42250000000
Croton floribundus,-49.70027800000,-22.40944400000
Croton floribundus,-49.70055600000,-22.40916700000
Croton floribundus,-48.65972000000,-22.40444000000
Croton floribundus,-49.72638900000,-22.39500000000
Croton floribundus,-49.67733300000,-22.37946900000
Croton floribundus,-47.49944400000,-22.35500000000
Croton floribundus,-53.78313900000,-22.32847200000
Croton floribundus,-42.53092127000,-22.28575032000
Croton floribundus,-48.04222200000,-22.26500000000
Croton floribundus,-49.50000000000,-22.25000000000
Croton floribundus,-49.31666700000,-22.16666700000
Croton floribundus,-47.41280000000,-22.14280000000
Croton floribundus,-46.68280000000,-22.11580000000
Croton floribundus,-49.00000000000,-22.00000000000
Croton floribundus,-46.56472200000,-21.83888900000
Croton floribundus,-52.18875000000,-21.76958300000
Croton floribundus,-52.43927800000,-21.75422200000
Croton floribundus,-52.43916700000,-21.75416700000
Croton floribundus,-47.47045823000,-21.71383213000
Croton floribundus,-48.53722200000,-21.62055600000
Croton floribundus,-47.56666700000,-21.60000000000
Croton floribundus,-47.55016289000,-21.47382793000
Croton floribundus,-47.26888900000,-21.46694400000
Croton floribundus,-48.68722200000,-21.40222200000
Croton floribundus,-46.00000000000,-21.26666700000
Croton floribundus,-44.99968879000,-21.24942985000
Croton floribundus,-48.91777800000,-21.22000000000
Croton floribundus,-48.90720000000,-21.18580000000
Croton floribundus,-47.81030000000,-21.17750000000
Croton floribundus,-44.15416700000,-21.11388900000
Croton floribundus,-42.84060000000,-21.01030000000
Croton floribundus,-44.00000000000,-21.00000000000
Croton floribundus,-41.50830000000,-20.97000000000
Croton floribundus,-41.55494400000,-20.94508300000
Croton floribundus,-42.85000000000,-20.80000000000
Croton floribundus,-42.84722200000,-20.79555500000
Croton floribundus,-42.86803100000,-20.76134300000
Croton floribundus,-42.86803100000,-20.76134280000
Croton floribundus,-42.88184388000,-20.75802404000
Croton floribundus,-42.88170000000,-20.75420000000
Croton floribundus,-42.88190000000,-20.75390000000
Croton floribundus,-42.02948587000,-20.73692424000
Croton floribundus,-42.06666700000,-20.73333300000
Croton floribundus,-42.52080000000,-20.66670000000
Croton floribundus,-41.90720000000,-20.65030000000
Croton floribundus,-48.75166700000,-20.63722200000
Croton floribundus,-40.74944400000,-20.63527800000
Croton floribundus,-41.85610900000,-20.53200600000
Croton floribundus,-43.69190000000,-20.52080000000
Croton floribundus,-41.08361100000,-20.51611100000
Croton floribundus,-43.65222200000,-20.51250000000
Croton floribundus,-50.29333300000,-20.47361100000
Croton floribundus,-41.86830000000,-20.43330000000
Croton floribundus,-41.07297200000,-20.38600000000
Croton floribundus,-41.24361100000,-20.36861100000
Croton floribundus,-40.65920000000,-20.36330000000
Croton floribundus,-41.53580000000,-20.34580000000
Croton floribundus,-41.13470000000,-20.33970000000
Croton floribundus,-40.81000000000,-20.31166700000
Croton floribundus,-43.93250000000,-20.30166700000
Croton floribundus,-49.50027800000,-20.28833300000
Croton floribundus,-43.50810000000,-20.28750000000
Croton floribundus,-43.80000000000,-20.28000000000
Croton floribundus,-43.80140000000,-20.25330000000
Croton floribundus,-42.65080000000,-20.22610000000
Croton floribundus,-41.12390000000,-20.07420000000
Croton floribundus,-40.59312800000,-20.04941400000
Croton floribundus,-40.74611100000,-20.04083300000
Croton floribundus,-40.59388900000,-19.97305600000
Croton floribundus,-40.53027800000,-19.97138900000
Croton floribundus,-40.58166700000,-19.95027800000
Croton floribundus,-40.61666700000,-19.93611100000
Croton floribundus,-40.57388900000,-19.93611100000
Croton floribundus,-40.61666700000,-19.93583300000
Croton floribundus,-40.60030000000,-19.93560000000
Croton floribundus,-40.70000000000,-19.93111100000
Croton floribundus,-40.68361100000,-19.93111100000
Croton floribundus,-43.93805600000,-19.92138900000
Croton floribundus,-40.47944400000,-19.91972200000
Croton floribundus,-40.55305600000,-19.90750000000
Croton floribundus,-43.66970000000,-19.88000000000
Croton floribundus,-40.82611100000,-19.87444400000
Croton floribundus,-40.55000000000,-19.86666700000
Croton floribundus,-40.55388900000,-19.83638900000
Croton floribundus,-42.73220000000,-19.71220000000
Croton floribundus,-44.09650300000,-19.69023900000
Croton floribundus,-43.43286100000,-19.43186100000
Croton floribundus,-40.07220000000,-19.39110000000
Croton floribundus,-40.33327068000,-19.26879794000
Croton floribundus,-40.33330000000,-19.26500000000
Croton floribundus,-42.70390000000,-18.82280000000
Croton floribundus,-45.44222000000,-18.78778000000
Croton floribundus,-42.93250000000,-18.77500000000
Croton floribundus,-43.30670000000,-18.46580000000
Croton floribundus,-41.96369400000,-17.61322200000
Croton floribundus,-39.56666700000,-16.36666700000
Croton floribundus,-39.01666700000,-16.26666700000
Croton floribundus,-39.56530000000,-15.39170000000
Croton floribundus,-39.37416700000,-15.26277800000
Croton floribundus,-39.15000000000,-15.18333300000
Croton floribundus,-39.34166700000,-15.17361100000
Croton floribundus,-39.34170000000,-15.17360000000
Croton floribundus,-39.08333300000,-15.15000000000
Croton floribundus,-39.04138900000,-14.91361100000
Croton floribundus,-39.04140000000,-14.91360000000
Croton floribundus,-39.06666700000,-14.88333300000
Croton floribundus,-39.26666700000,-14.78333300000
Croton floribundus,-40.48056000000,-14.75139000000
Croton floribundus,-39.11666700000,-14.68333300000
Croton floribundus,-39.06170000000,-14.42310000000
Croton floribundus,-40.10527800000,-14.42111100000
Croton floribundus,-40.10000000000,-14.41666700000
Croton floribundus,-39.08333300000,-14.41666700000
Croton floribundus,-38.99658362000,-14.28149543000
Croton floribundus,-41.07222200000,-13.96666700000
Croton floribundus,-41.07222200000,-13.95833300000
Croton floribundus,-39.26638900000,-13.95361100000
Croton floribundus,-41.05833300000,-13.94472200000
Croton floribundus,-42.92638900000,-13.61500000000
Croton floribundus,-42.58333300000,-13.58166700000
Croton floribundus,-40.39222200000,-13.45333300000
Croton floribundus,-40.95081196000,-13.28947325000
Croton floribundus,-41.11666700000,-13.15000000000
Croton floribundus,-39.10000000000,-12.66666700000
Croton floribundus,-41.43333300000,-12.55000000000
Croton floribundus,-41.11027800000,-11.87305600000
Croton floribundus,-41.27055600000,-11.64583300000
Croton floribundus,-43.26666700000,-11.55000000000
Croton floribundus,-52.87310000000,-10.83390000000
Croton floribundus,-53.08982000000,-10.77310900000
Croton floribundus,-36.57611100000,-9.62361100000
Croton floribundus,-36.42000000000,-9.25000000000
Croton floribundus,-36.41666000000,-9.25000000000
Croton floribundus,-35.80000000000,-9.23333300000
Croton floribundus,-36.41916700000,-9.22694400000
Croton floribundus,-35.56722200000,-9.10000000000
Croton floribundus,-36.06871700000,-9.01852000000
Croton floribundus,-35.93769300000,-8.97950100000
Croton floribundus,-35.83361100000,-8.70027800000
Croton floribundus,-35.69580000000,-8.49440000000
Croton floribundus,-36.40222200000,-8.19611100000
Croton floribundus,-35.39555600000,-8.14166700000
Croton floribundus,-35.39612500000,-8.13915800000
Croton floribundus,-35.13555600000,-8.11888900000
Croton floribundus,-34.90635300000,-7.83437200000
Croton floribundus,-35.08000000000,-7.80951400000
Croton floribundus,-35.07500000000,-7.80944400000
Croton floribundus,-35.01083300000,-7.80944400000
Croton floribundus,-42.44416700000,-6.94813900000
Croton floribundus,-40.12083300000,-6.74305600000
Croton floribundus,-40.12083300000,-6.60027800000
Croton floribundus,-38.91508300000,-4.30316700000
Croton floribundus,-38.91955600000,-4.29841700000
Croton floribundus,-38.93305600000,-4.29716700000
Croton floribundus,-38.93305600000,-4.29694400000
Croton floribundus,-38.93444400000,-4.28638900000
Croton floribundus,-38.93180600000,-4.21805600000
Croton floribundus,-44.26222200000,-2.56770300000
