sp,lon,lat
Croton urucurana,-43.77360000000,-21.22580000000
Croton urucurana,-42.88222200000,-20.75444400000
Croton urucurana,-42.88190000000,-20.75390000000
Croton urucurana,-43.08440000000,-20.67330000000
Croton urucurana,-42.52080000000,-20.66670000000
Croton urucurana,-41.86830000000,-20.43330000000
Croton urucurana,-42.90860000000,-20.41640000000
Croton urucurana,-41.08511400000,-20.40184700000
Croton urucurana,-41.07102800000,-20.38977800000
Croton urucurana,-43.41610000000,-20.37780000000
Croton urucurana,-40.65916700000,-20.36333300000
Croton urucurana,-41.53580000000,-20.34580000000
Croton urucurana,-43.73000000000,-20.28000000000
Croton urucurana,-43.43944400000,-20.17055600000
Croton urucurana,-43.78940000000,-20.08750000000
Croton urucurana,-42.00250000000,-19.96194400000
Croton urucurana,-43.41530000000,-19.95940000000
Croton urucurana,-43.17360000000,-19.81000000000
Croton urucurana,-42.61666700000,-19.78333300000
Croton urucurana,-39.83250000000,-19.55792500000
Croton urucurana,-42.52916700000,-19.55138900000
Croton urucurana,-43.74500000000,-19.51360000000
Croton urucurana,-39.88750000000,-19.50611000000
Croton urucurana,-39.88750000000,-19.50610000000
Croton urucurana,-40.54170000000,-19.41280000000
Croton urucurana,-40.07220000000,-19.39110000000
Croton urucurana,-42.55690000000,-18.54860000000
