sp,lon,lat
Eremanthus erythropappus,-46.13860000000,-23.85440000000
Eremanthus erythropappus,-45.69916700000,-23.63805600000
Eremanthus erythropappus,-45.69905600000,-23.63797200000
Eremanthus erythropappus,-48.05310000000,-23.59170000000
Eremanthus erythropappus,-46.63610000000,-23.54750000000
Eremanthus erythropappus,-45.40210000000,-23.38440000000
Eremanthus erythropappus,-45.41560000000,-23.38160000000
Eremanthus erythropappus,-46.53681400000,-23.36496100000
Eremanthus erythropappus,-46.53694400000,-23.36444400000
Eremanthus erythropappus,-46.52455300000,-23.35816700000
Eremanthus erythropappus,-46.52444400000,-23.35805600000
Eremanthus erythropappus,-46.35500000000,-23.35805600000
Eremanthus erythropappus,-46.22455300000,-23.35538900000
Eremanthus erythropappus,-47.46666700000,-23.30083300000
Eremanthus erythropappus,-45.88333300000,-23.26666700000
Eremanthus erythropappus,-46.93577800000,-23.23044400000
Eremanthus erythropappus,-46.93555600000,-23.23027800000
Eremanthus erythropappus,-44.81444400000,-23.13916700000
Eremanthus erythropappus,-45.46170000000,-22.92390000000
Eremanthus erythropappus,-44.36305600000,-22.80861100000
Eremanthus erythropappus,-45.45000000000,-22.71666700000
Eremanthus erythropappus,-45.50122200000,-22.66161100000
Eremanthus erythropappus,-46.66666700000,-22.63333300000
Eremanthus erythropappus,-45.17583300000,-22.61388900000
Eremanthus erythropappus,-46.70060000000,-22.61220000000
Eremanthus erythropappus,-47.55000000000,-22.56666700000
Eremanthus erythropappus,-46.65000000000,-22.52310000000
Eremanthus erythropappus,-45.28000000000,-22.50888900000
Eremanthus erythropappus,-43.17846605000,-22.50885341000
Eremanthus erythropappus,-45.14222200000,-22.50555600000
Eremanthus erythropappus,-43.05000000000,-22.40000000000
Eremanthus erythropappus,-44.81033300000,-22.35730600000
Eremanthus erythropappus,-42.53092127000,-22.28575032000
Eremanthus erythropappus,-44.00638600000,-22.01265600000
Eremanthus erythropappus,-44.60336310000,-21.97964281000
Eremanthus erythropappus,-44.76240300000,-21.96536200000
Eremanthus erythropappus,-44.30920000000,-21.73970000000
Eremanthus erythropappus,-44.97500000000,-21.73888900000
Eremanthus erythropappus,-44.96188900000,-21.72838900000
Eremanthus erythropappus,-43.90111100000,-21.71888900000
Eremanthus erythropappus,-43.87916700000,-21.70666700000
Eremanthus erythropappus,-43.88830000000,-21.69170000000
Eremanthus erythropappus,-43.86666700000,-21.68333300000
Eremanthus erythropappus,-43.87000000000,-21.68000000000
Eremanthus erythropappus,-43.87805600000,-21.67944400000
Eremanthus erythropappus,-43.66305600000,-21.64250000000
Eremanthus erythropappus,-45.62553600000,-21.55961400000
Eremanthus erythropappus,-44.01694400000,-21.53361100000
Eremanthus erythropappus,-47.28888900000,-21.46944400000
Eremanthus erythropappus,-40.96888900000,-21.28027800000
Eremanthus erythropappus,-42.12916700000,-21.19694400000
Eremanthus erythropappus,-44.76222200000,-21.08777800000
Eremanthus erythropappus,-46.38848232000,-20.86742056000
Eremanthus erythropappus,-42.88190000000,-20.75390000000
Eremanthus erythropappus,-42.27890000000,-20.72560000000
Eremanthus erythropappus,-46.22436100000,-20.71572200000
Eremanthus erythropappus,-43.59116700000,-20.67077800000
Eremanthus erythropappus,-42.52080000000,-20.66670000000
Eremanthus erythropappus,-43.69190000000,-20.52080000000
Eremanthus erythropappus,-43.19830000000,-20.48780000000
Eremanthus erythropappus,-41.59027800000,-20.48555600000
Eremanthus erythropappus,-43.90583300000,-20.44583300000
Eremanthus erythropappus,-43.80194400000,-20.44000000000
Eremanthus erythropappus,-41.79583300000,-20.43477800000
Eremanthus erythropappus,-43.49633300000,-20.43186100000
Eremanthus erythropappus,-41.80761100000,-20.43166700000
Eremanthus erythropappus,-46.13270000000,-20.42550000000
Eremanthus erythropappus,-43.48277800000,-20.41722200000
Eremanthus erythropappus,-43.50244400000,-20.41075000000
Eremanthus erythropappus,-41.72027800000,-20.40777800000
Eremanthus erythropappus,-43.41610000000,-20.37780000000
Eremanthus erythropappus,-40.65920000000,-20.36330000000
Eremanthus erythropappus,-43.93805600000,-20.34833300000
Eremanthus erythropappus,-43.67000000000,-20.34610000000
Eremanthus erythropappus,-41.75998500000,-20.34001600000
Eremanthus erythropappus,-43.93750000000,-20.33250000000
Eremanthus erythropappus,-43.95861100000,-20.33000000000
Eremanthus erythropappus,-40.81019400000,-20.31191700000
Eremanthus erythropappus,-43.84055600000,-20.30305600000
Eremanthus erythropappus,-46.52222200000,-20.29750000000
Eremanthus erythropappus,-43.50828593000,-20.29161519000
Eremanthus erythropappus,-43.50810000000,-20.28780000000
Eremanthus erythropappus,-43.50810000000,-20.28750000000
Eremanthus erythropappus,-40.97083300000,-20.28416700000
Eremanthus erythropappus,-43.37694400000,-20.28333300000
Eremanthus erythropappus,-43.36527800000,-20.26472200000
Eremanthus erythropappus,-43.38333300000,-20.26361100000
Eremanthus erythropappus,-43.37000000000,-20.26277800000
Eremanthus erythropappus,-43.36972200000,-20.26083300000
Eremanthus erythropappus,-43.80140000000,-20.25330000000
Eremanthus erythropappus,-43.95000000000,-20.25000000000
Eremanthus erythropappus,-43.86722200000,-20.24055600000
Eremanthus erythropappus,-44.46500000000,-20.23611100000
Eremanthus erythropappus,-43.58111100000,-20.21888900000
Eremanthus erythropappus,-43.57444400000,-20.21000000000
Eremanthus erythropappus,-43.43555600000,-20.19777800000
Eremanthus erythropappus,-44.47833300000,-20.18527800000
Eremanthus erythropappus,-43.82416700000,-20.17500000000
Eremanthus erythropappus,-40.91608300000,-20.16285100000
Eremanthus erythropappus,-43.51472200000,-20.15472200000
Eremanthus erythropappus,-40.81666700000,-20.15000000000
Eremanthus erythropappus,-43.42083300000,-20.13833300000
Eremanthus erythropappus,-43.40527800000,-20.13750000000
Eremanthus erythropappus,-43.51388900000,-20.13138900000
Eremanthus erythropappus,-44.22527800000,-20.12694400000
Eremanthus erythropappus,-43.46666700000,-20.11666700000
Eremanthus erythropappus,-43.68305600000,-20.09388900000
Eremanthus erythropappus,-43.40750000000,-20.07470000000
Eremanthus erythropappus,-43.42166700000,-20.07111100000
Eremanthus erythropappus,-44.02111100000,-20.05777800000
Eremanthus erythropappus,-43.69138900000,-20.05666700000
Eremanthus erythropappus,-43.84826400000,-20.02770600000
Eremanthus erythropappus,-43.86361100000,-20.01258300000
Eremanthus erythropappus,-43.84690848000,-19.98960940000
Eremanthus erythropappus,-43.85000000000,-19.98333000000
Eremanthus erythropappus,-43.60305600000,-19.97472200000
Eremanthus erythropappus,-40.53027800000,-19.97138900000
Eremanthus erythropappus,-43.41555600000,-19.96000000000
Eremanthus erythropappus,-43.41527800000,-19.95944400000
Eremanthus erythropappus,-43.41530000000,-19.95940000000
Eremanthus erythropappus,-43.90460300000,-19.95213600000
Eremanthus erythropappus,-40.56250000000,-19.95166700000
Eremanthus erythropappus,-40.60444400000,-19.94666700000
Eremanthus erythropappus,-43.89805600000,-19.94583300000
Eremanthus erythropappus,-40.60030000000,-19.93560000000
Eremanthus erythropappus,-40.55583300000,-19.93500000000
Eremanthus erythropappus,-40.59000000000,-19.93333300000
Eremanthus erythropappus,-40.60750000000,-19.93138900000
Eremanthus erythropappus,-43.17420000000,-19.92920000000
Eremanthus erythropappus,-40.56027800000,-19.92055600000
Eremanthus erythropappus,-40.59166700000,-19.90916700000
Eremanthus erythropappus,-40.55305600000,-19.90750000000
Eremanthus erythropappus,-43.36527800000,-19.89250000000
Eremanthus erythropappus,-43.36666700000,-19.88333300000
Eremanthus erythropappus,-43.66970000000,-19.88000000000
Eremanthus erythropappus,-44.04725000000,-19.85725000000
Eremanthus erythropappus,-43.38361100000,-19.85333300000
Eremanthus erythropappus,-40.57305600000,-19.83694400000
Eremanthus erythropappus,-43.66666700000,-19.81666700000
Eremanthus erythropappus,-40.77055600000,-19.80333300000
Eremanthus erythropappus,-40.77047200000,-19.80305600000
Eremanthus erythropappus,-40.77500000000,-19.79722200000
Eremanthus erythropappus,-42.13920000000,-19.78970000000
Eremanthus erythropappus,-44.09650300000,-19.69023900000
Eremanthus erythropappus,-43.26027800000,-19.64805600000
Eremanthus erythropappus,-43.22690000000,-19.61920000000
Eremanthus erythropappus,-43.74500000000,-19.51360000000
Eremanthus erythropappus,-43.95500000000,-19.50777800000
Eremanthus erythropappus,-41.57840000000,-19.30700000000
Eremanthus erythropappus,-41.57839200000,-19.30700000000
Eremanthus erythropappus,-43.57027800000,-19.28916700000
Eremanthus erythropappus,-43.55194400000,-19.28277800000
Eremanthus erythropappus,-43.55202800000,-19.28261100000
Eremanthus erythropappus,-43.55194400000,-19.28250000000
Eremanthus erythropappus,-43.55388900000,-19.26055600000
Eremanthus erythropappus,-43.58000000000,-19.17000000000
Eremanthus erythropappus,-43.42500000000,-19.03720000000
Eremanthus erythropappus,-43.39972200000,-19.00361100000
Eremanthus erythropappus,-48.27322200000,-18.94619400000
Eremanthus erythropappus,-48.27333300000,-18.94611100000
Eremanthus erythropappus,-43.41750000000,-18.92222200000
Eremanthus erythropappus,-43.74579300000,-18.90990300000
Eremanthus erythropappus,-43.55250000000,-18.80833300000
Eremanthus erythropappus,-45.44222000000,-18.78778000000
Eremanthus erythropappus,-43.37940000000,-18.60470000000
Eremanthus erythropappus,-43.69825000000,-18.42036100000
Eremanthus erythropappus,-43.30666700000,-18.38305600000
Eremanthus erythropappus,-43.17000000000,-18.36190000000
Eremanthus erythropappus,-43.33358300000,-18.29201700000
Eremanthus erythropappus,-43.33138900000,-18.23611100000
Eremanthus erythropappus,-43.58388900000,-18.20500000000
Eremanthus erythropappus,-43.58833300000,-18.20333300000
Eremanthus erythropappus,-43.59037500000,-18.20184400000
Eremanthus erythropappus,-43.59141700000,-18.19172200000
Eremanthus erythropappus,-43.63916700000,-18.17250000000
Eremanthus erythropappus,-43.33886700000,-18.10423300000
Eremanthus erythropappus,-42.92083300000,-18.01388900000
Eremanthus erythropappus,-44.00000000000,-18.00000000000
Eremanthus erythropappus,-43.84616700000,-17.92941700000
Eremanthus erythropappus,-43.79316700000,-17.92128300000
Eremanthus erythropappus,-43.83222200000,-17.91416700000
Eremanthus erythropappus,-43.83233300000,-17.91400000000
Eremanthus erythropappus,-42.85890000000,-17.85720000000
Eremanthus erythropappus,-41.48833300000,-12.60027800000
Eremanthus erythropappus,-38.27070000000,-12.56400000000
Eremanthus erythropappus,-41.38972200000,-12.56338900000
Eremanthus erythropappus,-40.51666700000,-11.33333300000
Eremanthus erythropappus,-53.08972000000,-10.77306000000
Eremanthus erythropappus,-39.45361100000,-7.26750000000
