sp,lon,lat
Gaylussacia salicifolia,-45.61666700000,-22.80000000000
Gaylussacia salicifolia,-44.73527800000,-22.15305600000
Gaylussacia salicifolia,-44.88998270000,-21.96304206000
Gaylussacia salicifolia,-43.79330740000,-21.84664175000
Gaylussacia salicifolia,-43.50828593000,-20.29161519000
Gaylussacia salicifolia,-43.50810000000,-20.28780000000
Gaylussacia salicifolia,-43.50810000000,-20.28750000000
Gaylussacia salicifolia,-46.49858000000,-20.23430000000
Gaylussacia salicifolia,-43.45697200000,-20.13572200000
Gaylussacia salicifolia,-43.45138900000,-20.13472200000
Gaylussacia salicifolia,-43.50884900000,-20.13006800000
Gaylussacia salicifolia,-43.52694400000,-20.09305600000
Gaylussacia salicifolia,-43.47166700000,-20.09083300000
Gaylussacia salicifolia,-43.40750000000,-20.07470000000
Gaylussacia salicifolia,-43.41547926000,-19.96320940000
Gaylussacia salicifolia,-43.41530000000,-19.95940000000
Gaylussacia salicifolia,-43.48720000000,-19.94580000000
Gaylussacia salicifolia,-43.66959636000,-19.88380769000
Gaylussacia salicifolia,-43.66970000000,-19.88000000000
Gaylussacia salicifolia,-43.66940000000,-19.88000000000
Gaylussacia salicifolia,-43.66666700000,-19.81666700000
Gaylussacia salicifolia,-43.42500000000,-19.03720000000
Gaylussacia salicifolia,-45.44222000000,-18.78778000000
Gaylussacia salicifolia,-43.37940000000,-18.60470000000
Gaylussacia salicifolia,-43.49884000000,-18.47180000000
Gaylussacia salicifolia,-43.39194440000,-18.43185000000
Gaylussacia salicifolia,-43.39194400000,-18.43185000000
Gaylussacia salicifolia,-52.87310000000,-10.83390000000
Gaylussacia salicifolia,-53.08972000000,-10.77306000000
Gaylussacia salicifolia,-55.00000000000,-10.00000000000
