sp,lon,lat
Joannesia princeps,-49.08388900000,-26.88666700000
Joannesia princeps,-46.63610000000,-23.54750000000
Joannesia princeps,-51.93860000000,-23.42530000000
Joannesia princeps,-47.34972200000,-23.12138900000
Joannesia princeps,-43.46666700000,-22.96666700000
Joannesia princeps,-43.20750000000,-22.90280000000
Joannesia princeps,-42.01868641000,-22.88326040000
Joannesia princeps,-47.07717000000,-22.87025000000
Joannesia princeps,-47.04233100000,-22.80101700000
Joannesia princeps,-48.41666700000,-22.75000000000
Joannesia princeps,-47.62666700000,-22.71277800000
Joannesia princeps,-47.62638900000,-22.71277800000
Joannesia princeps,-42.91250000000,-22.48222000000
Joannesia princeps,-41.05500000000,-20.93277800000
Joannesia princeps,-41.11280000000,-20.84890000000
Joannesia princeps,-42.88190000000,-20.75390000000
Joannesia princeps,-40.46833300000,-20.33916700000
Joannesia princeps,-42.65080000000,-20.22610000000
Joannesia princeps,-40.43833300000,-20.10388900000
Joannesia princeps,-40.44194400000,-20.10333300000
Joannesia princeps,-40.47055600000,-20.05916700000
Joannesia princeps,-43.93805600000,-19.92138900000
Joannesia princeps,-43.91597200000,-19.89161100000
Joannesia princeps,-40.79583300000,-19.88722200000
Joannesia princeps,-43.96666700000,-19.86666700000
Joannesia princeps,-40.79333300000,-19.83388900000
Joannesia princeps,-40.27330000000,-19.82030000000
Joannesia princeps,-42.13920000000,-19.78970000000
Joannesia princeps,-43.03750000000,-19.75000000000
Joannesia princeps,-42.61666700000,-19.73333300000
Joannesia princeps,-42.61666000000,-19.73333000000
Joannesia princeps,-42.62000000000,-19.73000000000
Joannesia princeps,-42.73220000000,-19.71220000000
Joannesia princeps,-40.15027800000,-19.67583300000
Joannesia princeps,-42.64440000000,-19.58250000000
Joannesia princeps,-40.80805600000,-19.45119400000
Joannesia princeps,-39.97744400000,-19.42086100000
Joannesia princeps,-43.32110000000,-19.41440000000
Joannesia princeps,-40.07220000000,-19.39110000000
Joannesia princeps,-40.07190000000,-19.39110000000
Joannesia princeps,-41.38000000000,-19.35970000000
Joannesia princeps,-40.14666700000,-19.35750000000
Joannesia princeps,-40.14666660000,-19.35750000000
Joannesia princeps,-40.51416700000,-19.35194400000
Joannesia princeps,-40.55222200000,-19.34361100000
Joannesia princeps,-40.55555600000,-19.32361100000
Joannesia princeps,-39.98166700000,-19.24722200000
Joannesia princeps,-40.53666700000,-19.21916700000
Joannesia princeps,-40.00000000000,-19.16666000000
Joannesia princeps,-39.91617300000,-19.11996700000
Joannesia princeps,-40.16612300000,-19.00694400000
Joannesia princeps,-40.66555600000,-18.97805600000
Joannesia princeps,-40.14786100000,-18.97563900000
Joannesia princeps,-40.14205000000,-18.96538300000
Joannesia princeps,-40.79861100000,-18.94416700000
Joannesia princeps,-40.73472200000,-18.90702800000
Joannesia princeps,-40.73000000000,-18.89222200000
Joannesia princeps,-40.89083300000,-18.75500000000
Joannesia princeps,-39.77812300000,-18.64919700000
Joannesia princeps,-39.73888900000,-18.42394400000
Joannesia princeps,-39.70190000000,-18.40330000000
Joannesia princeps,-40.21305600000,-18.37027800000
Joannesia princeps,-40.16213900000,-18.36252800000
Joannesia princeps,-44.00000000000,-18.00000000000
Joannesia princeps,-39.18333300000,-17.71666700000
Joannesia princeps,-40.42611100000,-17.13805600000
Joannesia princeps,-39.91500000000,-16.59972200000
Joannesia princeps,-39.25000000000,-16.50000000000
Joannesia princeps,-39.13333300000,-16.38333300000
Joannesia princeps,-47.87777800000,-15.94722200000
Joannesia princeps,-47.85000000000,-15.86666700000
Joannesia princeps,-48.01666600000,-15.86666600000
Joannesia princeps,-47.92987267000,-15.78342081000
Joannesia princeps,-47.88527800000,-15.77805600000
Joannesia princeps,-39.00333300000,-15.30333300000
Joannesia princeps,-39.72222200000,-14.17222200000
Joannesia princeps,-39.63250000000,-13.61888900000
Joannesia princeps,-38.31666700000,-12.68333300000
Joannesia princeps,-38.48333300000,-12.50000000000
Joannesia princeps,-37.43805600000,-11.26861100000
Joannesia princeps,-52.87310000000,-10.83390000000
Joannesia princeps,-34.86305600000,-7.11500000000
Joannesia princeps,-40.94555600000,-3.83611100000
