sp,lon,lat
Mabea fistulifera,-52.68333300000,-26.23333300000
Mabea fistulifera,-46.63610000000,-23.54750000000
Mabea fistulifera,-46.48138900000,-23.42500000000
Mabea fistulifera,-47.21810000000,-23.09030000000
Mabea fistulifera,-47.06080000000,-22.90560000000
Mabea fistulifera,-48.44022854000,-22.88384798000
Mabea fistulifera,-47.07717000000,-22.87025000000
Mabea fistulifera,-47.00000000000,-22.78333300000
Mabea fistulifera,-43.45098515000,-22.76325724000
Mabea fistulifera,-48.41666700000,-22.75000000000
Mabea fistulifera,-42.39181200000,-22.65465646000
Mabea fistulifera,-52.85661100000,-22.63855600000
Mabea fistulifera,-52.88194400000,-22.62694400000
Mabea fistulifera,-48.47083300000,-22.62285300000
Mabea fistulifera,-46.91940000000,-22.60610000000
Mabea fistulifera,-48.11433300000,-22.56430600000
Mabea fistulifera,-42.34611100000,-22.53222200000
Mabea fistulifera,-46.95777800000,-22.43194400000
Mabea fistulifera,-46.95780000000,-22.43190000000
Mabea fistulifera,-47.14918100000,-22.28751900000
Mabea fistulifera,-49.50000000000,-22.25000000000
Mabea fistulifera,-45.47323600000,-22.12361100000
Mabea fistulifera,-49.00000000000,-22.00000000000
Mabea fistulifera,-42.39547500000,-21.91351700000
Mabea fistulifera,-47.47920000000,-21.85390000000
Mabea fistulifera,-52.42269314000,-21.71821350000
Mabea fistulifera,-52.36666700000,-21.70000000000
Mabea fistulifera,-43.50000000000,-21.55000000000
Mabea fistulifera,-43.05000000000,-21.55000000000
Mabea fistulifera,-49.29472200000,-21.52083300000
Mabea fistulifera,-51.53280000000,-21.48250000000
Mabea fistulifera,-46.16666700000,-21.46666700000
Mabea fistulifera,-46.00000000000,-21.46666700000
Mabea fistulifera,-42.50641700000,-21.41872200000
Mabea fistulifera,-49.50027800000,-21.40472200000
Mabea fistulifera,-54.40555600000,-21.39861100000
Mabea fistulifera,-43.17920000000,-21.27470000000
Mabea fistulifera,-50.72888900000,-21.27361100000
Mabea fistulifera,-47.81030000000,-21.17750000000
Mabea fistulifera,-47.80000000000,-21.16666700000
Mabea fistulifera,-42.36640000000,-21.13060000000
Mabea fistulifera,-45.47333300000,-21.11611100000
Mabea fistulifera,-51.58772200000,-21.07486100000
Mabea fistulifera,-50.05000000000,-21.06666700000
Mabea fistulifera,-49.37722200000,-21.04277800000
Mabea fistulifera,-43.41140000000,-21.02580000000
Mabea fistulifera,-50.89022500000,-21.02265600000
Mabea fistulifera,-49.97388900000,-21.00138900000
Mabea fistulifera,-51.10833300000,-20.98388900000
Mabea fistulifera,-51.10844700000,-20.98385800000
Mabea fistulifera,-51.69888900000,-20.94583300000
Mabea fistulifera,-51.30722200000,-20.93111100000
Mabea fistulifera,-50.34861100000,-20.92611100000
Mabea fistulifera,-49.92611100000,-20.92111100000
Mabea fistulifera,-41.70961800000,-20.89216900000
Mabea fistulifera,-41.71194400000,-20.89166700000
Mabea fistulifera,-41.70000000000,-20.88333300000
Mabea fistulifera,-49.37940000000,-20.81970000000
Mabea fistulifera,-51.72388900000,-20.81583300000
Mabea fistulifera,-49.38055600000,-20.81000000000
Mabea fistulifera,-42.85000000000,-20.80000000000
Mabea fistulifera,-42.84722200000,-20.79555500000
Mabea fistulifera,-51.68333300000,-20.78333300000
Mabea fistulifera,-51.56666700000,-20.78333300000
Mabea fistulifera,-41.76172200000,-20.77944400000
Mabea fistulifera,-41.67940000000,-20.77560000000
Mabea fistulifera,-41.53310000000,-20.76360000000
Mabea fistulifera,-42.86803100000,-20.76134300000
Mabea fistulifera,-42.86803100000,-20.76134280000
Mabea fistulifera,-42.88222200000,-20.75444400000
Mabea fistulifera,-42.88190000000,-20.75390000000
Mabea fistulifera,-42.01666700000,-20.71666700000
Mabea fistulifera,-49.31638900000,-20.70805600000
Mabea fistulifera,-42.26666700000,-20.68333300000
Mabea fistulifera,-41.90720000000,-20.65030000000
Mabea fistulifera,-41.59111500000,-20.63410100000
Mabea fistulifera,-49.24638900000,-20.54361100000
Mabea fistulifera,-48.19138900000,-20.52611100000
Mabea fistulifera,-48.18333300000,-20.51666700000
Mabea fistulifera,-42.66580000000,-20.45580000000
Mabea fistulifera,-41.50694400000,-20.38750000000
Mabea fistulifera,-43.41610000000,-20.37780000000
Mabea fistulifera,-41.24390000000,-20.36830000000
Mabea fistulifera,-42.60860000000,-20.31440000000
Mabea fistulifera,-40.83500000000,-20.29111100000
Mabea fistulifera,-42.03360000000,-20.25810000000
Mabea fistulifera,-42.89580000000,-20.24470000000
Mabea fistulifera,-43.40750000000,-20.07470000000
Mabea fistulifera,-40.69611100000,-20.04541700000
Mabea fistulifera,-43.45000000000,-19.96666700000
Mabea fistulifera,-43.41530000000,-19.95940000000
Mabea fistulifera,-43.17420000000,-19.92920000000
Mabea fistulifera,-49.51666700000,-19.91666700000
Mabea fistulifera,-42.77670000000,-19.84280000000
Mabea fistulifera,-43.36220000000,-19.82610000000
Mabea fistulifera,-43.17360000000,-19.81000000000
Mabea fistulifera,-40.77500000000,-19.79722200000
Mabea fistulifera,-42.13920000000,-19.78970000000
Mabea fistulifera,-42.61666700000,-19.78333300000
Mabea fistulifera,-55.24371100000,-19.77440000000
Mabea fistulifera,-42.60000000000,-19.77000000000
Mabea fistulifera,-42.60000000000,-19.76666000000
Mabea fistulifera,-42.66638900000,-19.76611100000
Mabea fistulifera,-55.26416700000,-19.74472200000
Mabea fistulifera,-55.26444400000,-19.74361100000
Mabea fistulifera,-55.21311100000,-19.74013900000
Mabea fistulifera,-42.73220000000,-19.71220000000
Mabea fistulifera,-43.47388900000,-19.70416700000
Mabea fistulifera,-43.47360000000,-19.70360000000
Mabea fistulifera,-42.68861100000,-19.70277800000
Mabea fistulifera,-41.83000000000,-19.67000000000
Mabea fistulifera,-41.83333000000,-19.66666000000
Mabea fistulifera,-43.88961090000,-19.63100284000
Mabea fistulifera,-43.22690000000,-19.61920000000
Mabea fistulifera,-42.64440000000,-19.58250000000
Mabea fistulifera,-44.03416700000,-19.53972200000
Mabea fistulifera,-49.48698676000,-19.53958881000
Mabea fistulifera,-41.06390000000,-19.49580000000
Mabea fistulifera,-44.01161100000,-19.47697200000
Mabea fistulifera,-40.77136100000,-19.44041700000
Mabea fistulifera,-40.71483300000,-19.39694400000
Mabea fistulifera,-43.40205600000,-19.39636100000
Mabea fistulifera,-40.69830600000,-19.36163900000
Mabea fistulifera,-40.54861100000,-19.32861100000
Mabea fistulifera,-57.57555600000,-19.22452800000
Mabea fistulifera,-43.42500000000,-19.03720000000
Mabea fistulifera,-54.85000000000,-18.91666700000
Mabea fistulifera,-40.56452800000,-18.89575000000
Mabea fistulifera,-41.08627800000,-18.88405600000
Mabea fistulifera,-41.94940000000,-18.85110000000
Mabea fistulifera,-43.45000000000,-18.76666700000
Mabea fistulifera,-40.89083300000,-18.75500000000
Mabea fistulifera,-43.37940000000,-18.60470000000
Mabea fistulifera,-43.40611100000,-18.59722200000
Mabea fistulifera,-51.14138900000,-18.58388900000
Mabea fistulifera,-43.30670000000,-18.46580000000
Mabea fistulifera,-43.48500000000,-18.44027800000
Mabea fistulifera,-43.48500000000,-18.44027770000
Mabea fistulifera,-43.54000000000,-18.38611100000
Mabea fistulifera,-43.00920000000,-18.29360000000
Mabea fistulifera,-57.53000000000,-17.87000000000
Mabea fistulifera,-57.52408300000,-17.86897200000
Mabea fistulifera,-57.53333300000,-17.86666600000
Mabea fistulifera,-41.50534932000,-17.86157095000
Mabea fistulifera,-61.50000000000,-17.50000000000
Mabea fistulifera,-43.33333300000,-17.32333300000
Mabea fistulifera,-64.43500000000,-16.72610000000
Mabea fistulifera,-49.14722200000,-16.54138900000
Mabea fistulifera,-41.17583300000,-16.47472200000
Mabea fistulifera,-51.98333300000,-15.98333300000
Mabea fistulifera,-47.86666700000,-15.95000000000
Mabea fistulifera,-57.20936100000,-15.64722200000
Mabea fistulifera,-51.59000000000,-15.59000000000
Mabea fistulifera,-40.90920933000,-15.53542331000
Mabea fistulifera,-48.50750000000,-15.50444400000
Mabea fistulifera,-55.75000000000,-15.50000000000
Mabea fistulifera,-55.75037861000,-15.46448852000
Mabea fistulifera,-55.74970000000,-15.46060000000
Mabea fistulifera,-55.83333000000,-15.43333000000
Mabea fistulifera,-55.77825000000,-15.43200000000
Mabea fistulifera,-40.73333300000,-15.33333300000
Mabea fistulifera,-40.75111100000,-15.32833300000
Mabea fistulifera,-40.90111000000,-15.32833000000
Mabea fistulifera,-40.75110000000,-15.32830000000
Mabea fistulifera,-61.24277800000,-15.24611100000
Mabea fistulifera,-39.05472200000,-15.15972200000
Mabea fistulifera,-59.63310000000,-15.12310000000
Mabea fistulifera,-59.89994400000,-15.08344400000
Mabea fistulifera,-59.95166700000,-15.00777800000
Mabea fistulifera,-52.32000000000,-14.82000000000
Mabea fistulifera,-61.14361100000,-14.75055600000
Mabea fistulifera,-62.75000000000,-14.75000000000
Mabea fistulifera,-61.15000000000,-14.72000000000
Mabea fistulifera,-61.15944400000,-14.71944400000
Mabea fistulifera,-61.15000000000,-14.70000000000
Mabea fistulifera,-62.61000000000,-14.67833300000
Mabea fistulifera,-62.60166000000,-14.66861000000
Mabea fistulifera,-62.61666700000,-14.63333300000
Mabea fistulifera,-61.71666000000,-14.63333000000
Mabea fistulifera,-68.68305600000,-14.61333300000
Mabea fistulifera,-68.70750000000,-14.60027800000
Mabea fistulifera,-68.68333300000,-14.60000000000
Mabea fistulifera,-60.78333300000,-14.60000000000
Mabea fistulifera,-60.78333000000,-14.60000000000
Mabea fistulifera,-68.69138000000,-14.59722000000
Mabea fistulifera,-60.93333300000,-14.56666700000
Mabea fistulifera,-68.68250000000,-14.56000000000
Mabea fistulifera,-60.74694000000,-14.55777000000
Mabea fistulifera,-60.92694400000,-14.55555600000
Mabea fistulifera,-60.90000000000,-14.55000000000
Mabea fistulifera,-60.81666000000,-14.55000000000
Mabea fistulifera,-61.11333300000,-14.52222200000
Mabea fistulifera,-60.73722200000,-14.51972200000
Mabea fistulifera,-59.78416700000,-14.51833300000
Mabea fistulifera,-56.38333300000,-14.46666700000
Mabea fistulifera,-60.11083300000,-14.45055600000
Mabea fistulifera,-61.14444400000,-14.40500000000
Mabea fistulifera,-61.14638900000,-14.38916700000
Mabea fistulifera,-60.74250000000,-14.36250000000
Mabea fistulifera,-61.15916700000,-14.34361100000
Mabea fistulifera,-59.47030000000,-14.31060000000
Mabea fistulifera,-61.16111100000,-14.30000000000
Mabea fistulifera,-56.70000000000,-14.30000000000
Mabea fistulifera,-56.50000000000,-14.26666700000
Mabea fistulifera,-56.42000000000,-14.18000000000
Mabea fistulifera,-56.63333300000,-14.16666700000
Mabea fistulifera,-56.30000000000,-14.16000000000
Mabea fistulifera,-56.38000000000,-14.10000000000
Mabea fistulifera,-65.50000000000,-14.00000000000
Mabea fistulifera,-60.81250000000,-13.92611100000
Mabea fistulifera,-56.48333300000,-13.85000000000
Mabea fistulifera,-56.08083300000,-13.80666700000
Mabea fistulifera,-42.45194400000,-13.76277800000
Mabea fistulifera,-60.83111100000,-13.66250000000
Mabea fistulifera,-61.00000000000,-13.60000000000
Mabea fistulifera,-60.93333300000,-13.58333300000
Mabea fistulifera,-55.33916700000,-13.57277800000
Mabea fistulifera,-61.00000000000,-13.55000000000
Mabea fistulifera,-56.29000000000,-13.51000000000
Mabea fistulifera,-53.17300000000,-13.37060000000
Mabea fistulifera,-56.72777800000,-13.31194400000
Mabea fistulifera,-52.57000000000,-13.27000000000
Mabea fistulifera,-56.43400000000,-13.18430000000
Mabea fistulifera,-54.53805600000,-13.17111100000
Mabea fistulifera,-53.25000000000,-13.16666700000
Mabea fistulifera,-68.84277800000,-13.03416700000
Mabea fistulifera,-68.84305000000,-13.02583000000
Mabea fistulifera,-68.83000000000,-13.02000000000
Mabea fistulifera,-68.83333000000,-13.01666000000
Mabea fistulifera,-55.24833300000,-12.98916700000
Mabea fistulifera,-56.45000000000,-12.98333300000
Mabea fistulifera,-51.87000000000,-12.90000000000
Mabea fistulifera,-51.86666700000,-12.90000000000
Mabea fistulifera,-66.56861100000,-12.79277800000
Mabea fistulifera,-66.51990000000,-12.79096000000
Mabea fistulifera,-56.36416700000,-12.62361100000
Mabea fistulifera,-56.27000000000,-12.59000000000
Mabea fistulifera,-55.14540000000,-12.58810000000
Mabea fistulifera,-60.40050000000,-12.56544400000
Mabea fistulifera,-64.67833000000,-12.48638000000
Mabea fistulifera,-55.67000000000,-12.45000000000
Mabea fistulifera,-55.66666000000,-12.45000000000
Mabea fistulifera,-55.75000000000,-12.42000000000
Mabea fistulifera,-55.75000000000,-12.41666700000
Mabea fistulifera,-37.92470000000,-12.39030000000
Mabea fistulifera,-37.92472200000,-12.39027800000
Mabea fistulifera,-56.21510000000,-12.37250000000
Mabea fistulifera,-56.71666700000,-12.36666700000
Mabea fistulifera,-52.35239000000,-12.35673900000
Mabea fistulifera,-56.43000000000,-12.22000000000
Mabea fistulifera,-53.25000000000,-12.16666700000
Mabea fistulifera,-37.96666700000,-12.16666700000
Mabea fistulifera,-44.99000000000,-12.15000000000
Mabea fistulifera,-45.15000000000,-12.11666700000
Mabea fistulifera,-55.55000000000,-12.08000000000
Mabea fistulifera,-55.48479700000,-12.05209200000
Mabea fistulifera,-37.69500000000,-12.02611100000
Mabea fistulifera,-37.71250000000,-12.01666700000
Mabea fistulifera,-37.71722200000,-12.01416700000
Mabea fistulifera,-70.25000000000,-12.00000000000
Mabea fistulifera,-68.58333000000,-11.95000000000
Mabea fistulifera,-68.58000000000,-11.95000000000
Mabea fistulifera,-55.51166700000,-11.87222200000
Mabea fistulifera,-55.48194400000,-11.86416700000
Mabea fistulifera,-55.50166700000,-11.83669400000
Mabea fistulifera,-67.25000000000,-11.83333300000
Mabea fistulifera,-67.25000000000,-11.83000000000
Mabea fistulifera,-67.95638900000,-11.76361100000
Mabea fistulifera,-57.56666700000,-11.73333300000
Mabea fistulifera,-55.03027800000,-11.68805600000
Mabea fistulifera,-55.03027800000,-11.66666700000
Mabea fistulifera,-57.26861100000,-11.66194400000
Mabea fistulifera,-39.03333300000,-11.60000000000
Mabea fistulifera,-48.81138800000,-11.51500000000
Mabea fistulifera,-46.06666700000,-11.43333300000
Mabea fistulifera,-46.06667000000,-11.43333000000
Mabea fistulifera,-55.32477800000,-11.41083300000
Mabea fistulifera,-57.16070000000,-11.39430000000
Mabea fistulifera,-39.02000000000,-11.36000000000
Mabea fistulifera,-58.33848300000,-11.33896500000
Mabea fistulifera,-55.17000000000,-11.30000000000
Mabea fistulifera,-55.16666000000,-11.30000000000
Mabea fistulifera,-62.03000000000,-11.20000000000
Mabea fistulifera,-61.10000000000,-11.20000000000
Mabea fistulifera,-61.00000000000,-11.20000000000
Mabea fistulifera,-66.33000000000,-11.07000000000
Mabea fistulifera,-66.33333300000,-11.06666700000
Mabea fistulifera,-66.28000000000,-11.05000000000
Mabea fistulifera,-58.38044100000,-11.02491800000
Mabea fistulifera,-66.13333000000,-11.00000000000
Mabea fistulifera,-66.08333000000,-11.00000000000
Mabea fistulifera,-66.06666000000,-11.00000000000
Mabea fistulifera,-52.87310000000,-10.83390000000
Mabea fistulifera,-53.08972000000,-10.77306000000
Mabea fistulifera,-63.58000000000,-10.58333300000
Mabea fistulifera,-63.58333000000,-10.58333000000
Mabea fistulifera,-63.58000000000,-10.58000000000
Mabea fistulifera,-50.50310000000,-10.46970000000
Mabea fistulifera,-48.31080600000,-10.41405600000
Mabea fistulifera,-48.31250000000,-10.41361100000
Mabea fistulifera,-48.31166700000,-10.41305600000
Mabea fistulifera,-48.36250000000,-10.40666700000
Mabea fistulifera,-48.33277800000,-10.25472200000
Mabea fistulifera,-65.28748800000,-10.24569300000
Mabea fistulifera,-48.35050000000,-10.22369400000
Mabea fistulifera,-59.40777800000,-10.22361100000
Mabea fistulifera,-48.31583300000,-10.21250000000
Mabea fistulifera,-48.32055600000,-10.20861100000
Mabea fistulifera,-48.32805600000,-10.18611100000
Mabea fistulifera,-59.46038809000,-10.17046273000
Mabea fistulifera,-67.73748117000,-10.15462612000
Mabea fistulifera,-59.24280000000,-10.13250000000
Mabea fistulifera,-54.73333300000,-10.08333300000
Mabea fistulifera,-54.44000000000,-10.05000000000
Mabea fistulifera,-51.11640000000,-10.01170000000
Mabea fistulifera,-48.21666700000,-10.00000000000
Mabea fistulifera,-48.41666700000,-9.99305600000
Mabea fistulifera,-49.58661100000,-9.90794400000
Mabea fistulifera,-58.25872200000,-9.81972200000
Mabea fistulifera,-58.25863900000,-9.81941700000
Mabea fistulifera,-49.61944400000,-9.80916700000
Mabea fistulifera,-49.35016700000,-9.77686100000
Mabea fistulifera,-48.25000000000,-9.75000000000
Mabea fistulifera,-57.79777800000,-9.70416700000
Mabea fistulifera,-54.90000000000,-9.37000000000
Mabea fistulifera,-54.90000000000,-9.36666700000
Mabea fistulifera,-54.90000000000,-9.36666000000
Mabea fistulifera,-64.65944400000,-9.28888900000
Mabea fistulifera,-45.98408300000,-9.26716700000
Mabea fistulifera,-63.02695100000,-9.25325600000
Mabea fistulifera,-49.13722200000,-9.18666700000
Mabea fistulifera,-74.14000000000,-9.18390000000
Mabea fistulifera,-48.07055600000,-8.76166700000
Mabea fistulifera,-46.73916700000,-8.62222200000
Mabea fistulifera,-37.21277800000,-8.56583300000
Mabea fistulifera,-45.74277800000,-8.47555600000
Mabea fistulifera,-45.74277800000,-8.47527800000
Mabea fistulifera,-50.00000000000,-8.35000000000
Mabea fistulifera,-61.82000000000,-8.11666700000
Mabea fistulifera,-62.53333300000,-7.75000000000
Mabea fistulifera,-62.53333000000,-7.75000000000
Mabea fistulifera,-62.53000000000,-7.75000000000
Mabea fistulifera,-47.70472200000,-7.73444400000
Mabea fistulifera,-63.07809900000,-7.56755500000
Mabea fistulifera,-63.17000000000,-7.51666700000
Mabea fistulifera,-63.16666700000,-7.51666700000
Mabea fistulifera,-45.56164400000,-7.39753900000
Mabea fistulifera,-48.42250000000,-7.25305600000
Mabea fistulifera,-45.34611100000,-7.14055600000
Mabea fistulifera,-44.64444400000,-6.81000000000
Mabea fistulifera,-47.47500000000,-6.45972200000
Mabea fistulifera,-52.53000000000,-5.64861000000
Mabea fistulifera,-49.10888900000,-5.34727800000
Mabea fistulifera,-54.85000000000,-3.83333000000
Mabea fistulifera,-44.32888900000,-2.69166700000
Mabea fistulifera,-54.70897999000,-2.44666616400
Mabea fistulifera,-54.72073300000,-2.44654700000
Mabea fistulifera,-51.61666000000,0.16666000000
Mabea fistulifera,-51.61666700000,0.16666700000
Mabea fistulifera,-51.62000000000,0.17000000000
Mabea fistulifera,-66.75000000000,3.45000000000
