sp,lon,lat
Maclura tinctoria,-64.92080000000,-35.38690000000
Maclura tinctoria,-50.21333300000,-29.66166700000
Maclura tinctoria,-51.88994400000,-29.40611100000
Maclura tinctoria,-49.84972200000,-29.36944400000
Maclura tinctoria,-51.85758300000,-29.24100000000
Maclura tinctoria,-51.83444400000,-29.14138900000
Maclura tinctoria,-58.00000000000,-29.00000000000
Maclura tinctoria,-49.48611100000,-28.93527800000
Maclura tinctoria,-49.67944400000,-28.92666700000
Maclura tinctoria,-49.00722200000,-28.46444400000
Maclura tinctoria,-54.96138900000,-28.40722200000
Maclura tinctoria,-49.39732194000,-28.39702027000
Maclura tinctoria,-64.77000000000,-28.27000000000
Maclura tinctoria,-56.23000000000,-28.21000000000
Maclura tinctoria,-58.03000000000,-28.02000000000
Maclura tinctoria,-58.18000000000,-27.99000000000
Maclura tinctoria,-56.73000000000,-27.72000000000
Maclura tinctoria,-57.83000000000,-27.71000000000
Maclura tinctoria,-58.29000000000,-27.56000000000
Maclura tinctoria,-58.77000000000,-27.50000000000
Maclura tinctoria,-55.73330000000,-27.46670000000
Maclura tinctoria,-58.50000000000,-27.33000000000
Maclura tinctoria,-52.02805600000,-27.23472200000
Maclura tinctoria,-49.64373269000,-27.21830456000
Maclura tinctoria,-48.55194400000,-27.18805600000
Maclura tinctoria,-48.55256100000,-27.18752500000
Maclura tinctoria,-53.71281823000,-27.17328149000
Maclura tinctoria,-58.61666700000,-27.15000000000
Maclura tinctoria,-53.77583300000,-27.13527800000
Maclura tinctoria,-53.90000000000,-27.13333000000
Maclura tinctoria,-53.90000000000,-27.13000000000
Maclura tinctoria,-53.42000000000,-27.12000000000
Maclura tinctoria,-53.41666000000,-27.11666000000
Maclura tinctoria,-54.21000000000,-26.92000000000
Maclura tinctoria,-49.07916700000,-26.90555600000
Maclura tinctoria,-49.09000000000,-26.89361100000
Maclura tinctoria,-57.16666000000,-26.86666000000
Maclura tinctoria,-48.92527800000,-26.80333300000
Maclura tinctoria,-49.41166700000,-26.78472200000
Maclura tinctoria,-57.26666000000,-26.70000000000
Maclura tinctoria,-53.96000000000,-26.64000000000
Maclura tinctoria,-58.07888900000,-26.56861100000
Maclura tinctoria,-49.05166700000,-26.46222200000
Maclura tinctoria,-48.73338900000,-26.39008300000
Maclura tinctoria,-49.32027800000,-26.37055600000
Maclura tinctoria,-48.71638900000,-26.33555500000
Maclura tinctoria,-54.43000000000,-26.30000000000
Maclura tinctoria,-55.77055000000,-26.28750000000
Maclura tinctoria,-55.33333000000,-26.16666000000
Maclura tinctoria,-58.77083000000,-26.14861000000
Maclura tinctoria,-55.50666000000,-26.08111000000
Maclura tinctoria,-57.00000000000,-26.00000000000
Maclura tinctoria,-56.25000000000,-25.91666000000
Maclura tinctoria,-57.15000000000,-25.90000000000
Maclura tinctoria,-54.41000000000,-25.88000000000
Maclura tinctoria,-56.21666000000,-25.75000000000
Maclura tinctoria,-54.99666000000,-25.74833000000
Maclura tinctoria,-53.12563900000,-25.68872200000
Maclura tinctoria,-57.50000000000,-25.66666000000
Maclura tinctoria,-57.45000000000,-25.66666000000
Maclura tinctoria,-54.80472000000,-25.63194000000
Maclura tinctoria,-53.96722200000,-25.60194400000
Maclura tinctoria,-53.95838900000,-25.57613900000
Maclura tinctoria,-56.25000000000,-25.48333000000
Maclura tinctoria,-53.05501800000,-25.43117900000
Maclura tinctoria,-53.06070000000,-25.41490000000
Maclura tinctoria,-53.04375500000,-25.36401400000
Maclura tinctoria,-53.89361100000,-25.35194400000
Maclura tinctoria,-57.46666000000,-25.33333000000
Maclura tinctoria,-57.35000000000,-25.33000000000
Maclura tinctoria,-53.95944400000,-25.29444400000
Maclura tinctoria,-53.86388900000,-25.28972200000
Maclura tinctoria,-54.03111100000,-25.27833300000
Maclura tinctoria,-53.87133300000,-25.18827800000
Maclura tinctoria,-57.25000000000,-25.13333000000
Maclura tinctoria,-58.41666000000,-25.03333000000
Maclura tinctoria,-58.42000000000,-25.03000000000
Maclura tinctoria,-57.00000000000,-25.00000000000
Maclura tinctoria,-49.26139350000,-24.82747399000
Maclura tinctoria,-48.50000000000,-24.75000000000
Maclura tinctoria,-52.24305600000,-24.74705600000
Maclura tinctoria,-52.46138900000,-24.74694400000
Maclura tinctoria,-48.45222200000,-24.72000000000
Maclura tinctoria,-52.92000000000,-24.66000000000
Maclura tinctoria,-48.46944400000,-24.61750000000
Maclura tinctoria,-48.67550000000,-24.55727800000
Maclura tinctoria,-53.09252800000,-24.53022200000
Maclura tinctoria,-50.61560000000,-24.32390000000
Maclura tinctoria,-61.92000000000,-24.30000000000
Maclura tinctoria,-61.91666000000,-24.30000000000
Maclura tinctoria,-54.66666700000,-24.28333300000
Maclura tinctoria,-49.70622151000,-24.25496396000
Maclura tinctoria,-55.63333000000,-24.20000000000
Maclura tinctoria,-55.52805000000,-24.13361000000
Maclura tinctoria,-55.53333000000,-24.13333000000
Maclura tinctoria,-50.72333300000,-24.11138900000
Maclura tinctoria,-50.70000000000,-24.03333300000
Maclura tinctoria,-64.31000000000,-23.98000000000
Maclura tinctoria,-51.98644400000,-23.88702800000
Maclura tinctoria,-52.71783300000,-23.86888900000
Maclura tinctoria,-51.96561100000,-23.86261100000
Maclura tinctoria,-64.81000000000,-23.78000000000
Maclura tinctoria,-64.51666700000,-23.74388900000
Maclura tinctoria,-48.59025000000,-23.71133900000
Maclura tinctoria,-64.73000000000,-23.71000000000
Maclura tinctoria,-46.63610000000,-23.54750000000
Maclura tinctoria,-50.97555600000,-23.54083300000
Maclura tinctoria,-48.78027800000,-23.52916700000
Maclura tinctoria,-48.78055600000,-23.52888900000
Maclura tinctoria,-47.11250000000,-23.52388900000
Maclura tinctoria,-62.79000000000,-23.45000000000
Maclura tinctoria,-53.25000000000,-23.45000000000
Maclura tinctoria,-51.94563900000,-23.43265800000
Maclura tinctoria,-51.97111100000,-23.43138900000
Maclura tinctoria,-51.35000000000,-23.40000000000
Maclura tinctoria,-64.22000000000,-23.37000000000
Maclura tinctoria,-51.23333300000,-23.36666700000
Maclura tinctoria,-51.86477800000,-23.34240600000
Maclura tinctoria,-53.84247200000,-23.31952800000
Maclura tinctoria,-47.13044008000,-23.30385853000
Maclura tinctoria,-51.04810000000,-23.26920000000
Maclura tinctoria,-51.05000000000,-23.26666700000
Maclura tinctoria,-58.39102400000,-23.23621100000
Maclura tinctoria,-58.16890000000,-23.20250000000
Maclura tinctoria,-51.65583300000,-23.16416700000
Maclura tinctoria,-64.33333000000,-23.13333000000
Maclura tinctoria,-47.21810000000,-23.09030000000
Maclura tinctoria,-45.10185300000,-23.07438300000
Maclura tinctoria,-46.88333300000,-22.91666700000
Maclura tinctoria,-47.06080000000,-22.90560000000
Maclura tinctoria,-46.90000000000,-22.90000000000
Maclura tinctoria,-46.90000000000,-22.86666700000
Maclura tinctoria,-46.91666700000,-22.81666700000
Maclura tinctoria,-53.38790800000,-22.81016900000
Maclura tinctoria,-47.04233100000,-22.80101700000
Maclura tinctoria,-46.88333300000,-22.80000000000
Maclura tinctoria,-53.31727200000,-22.78913300000
Maclura tinctoria,-57.41666000000,-22.78333000000
Maclura tinctoria,-57.43750000000,-22.76111000000
Maclura tinctoria,-46.14470000000,-22.75530000000
Maclura tinctoria,-60.60000000000,-22.75000000000
Maclura tinctoria,-46.11666700000,-22.73333300000
Maclura tinctoria,-57.36472000000,-22.69166000000
Maclura tinctoria,-46.51666700000,-22.58333300000
Maclura tinctoria,-46.52000000000,-22.58000000000
Maclura tinctoria,-47.40045619000,-22.56384613000
Maclura tinctoria,-46.82170000000,-22.43610000000
Maclura tinctoria,-47.26111100000,-22.43333300000
Maclura tinctoria,-62.35000000000,-22.43333000000
Maclura tinctoria,-44.10933300000,-22.39872200000
Maclura tinctoria,-51.94194400000,-22.39111100000
Maclura tinctoria,-62.70000000000,-22.26666000000
Maclura tinctoria,-49.31666700000,-22.16666700000
Maclura tinctoria,-57.95333000000,-22.14138000000
Maclura tinctoria,-53.41667000000,-22.11667000000
Maclura tinctoria,-61.68333000000,-21.80000000000
Maclura tinctoria,-60.91666700000,-21.75000000000
Maclura tinctoria,-47.00470000000,-21.46780000000
Maclura tinctoria,-64.28777800000,-21.41416700000
Maclura tinctoria,-56.36666700000,-21.40000000000
Maclura tinctoria,-47.93019700000,-21.32670100000
Maclura tinctoria,-40.96888900000,-21.28027800000
Maclura tinctoria,-47.84613800000,-21.24184000000
Maclura tinctoria,-56.59211100000,-21.16577800000
Maclura tinctoria,-56.59055600000,-21.14194400000
Maclura tinctoria,-56.72161100000,-21.12436100000
Maclura tinctoria,-56.71972200000,-21.12216700000
Maclura tinctoria,-42.94280000000,-21.12000000000
Maclura tinctoria,-45.46766700000,-21.10630600000
Maclura tinctoria,-56.56888900000,-21.10194400000
Maclura tinctoria,-47.76648000000,-21.09645200000
Maclura tinctoria,-64.27277000000,-21.09277000000
Maclura tinctoria,-64.25000000000,-21.08300000000
Maclura tinctoria,-64.34413900000,-21.07513900000
Maclura tinctoria,-64.35258300000,-21.07388900000
Maclura tinctoria,-44.29041700000,-21.04438900000
Maclura tinctoria,-55.00000000000,-21.00000000000
Maclura tinctoria,-56.70913900000,-20.96172200000
Maclura tinctoria,-42.98030000000,-20.87420000000
Maclura tinctoria,-64.33300000000,-20.83300000000
Maclura tinctoria,-42.93568300000,-20.82441700000
Maclura tinctoria,-42.86513900000,-20.80230600000
Maclura tinctoria,-42.86250000000,-20.80047200000
Maclura tinctoria,-42.85000000000,-20.80000000000
Maclura tinctoria,-42.84722200000,-20.79555500000
Maclura tinctoria,-56.74250000000,-20.78194400000
Maclura tinctoria,-42.86803100000,-20.76134300000
Maclura tinctoria,-42.86803100000,-20.76134280000
Maclura tinctoria,-42.85744400000,-20.75883300000
Maclura tinctoria,-42.88184388000,-20.75802404000
Maclura tinctoria,-54.84361100000,-20.75611100000
Maclura tinctoria,-42.88222200000,-20.75444400000
Maclura tinctoria,-42.88170000000,-20.75420000000
Maclura tinctoria,-42.88190000000,-20.75390000000
Maclura tinctoria,-64.30500000000,-20.71100000000
Maclura tinctoria,-42.99763300000,-20.70513300000
Maclura tinctoria,-63.78027800000,-20.70166700000
Maclura tinctoria,-63.78047200000,-20.70088900000
Maclura tinctoria,-64.33300000000,-20.70000000000
Maclura tinctoria,-42.79700000000,-20.68736100000
Maclura tinctoria,-42.79719400000,-20.68719400000
Maclura tinctoria,-42.96338900000,-20.68311100000
Maclura tinctoria,-56.76527800000,-20.67083300000
Maclura tinctoria,-59.83333000000,-20.66666000000
Maclura tinctoria,-40.46962300000,-20.63232500000
Maclura tinctoria,-56.86833300000,-20.62222200000
Maclura tinctoria,-42.66580000000,-20.45580000000
Maclura tinctoria,-54.72500000000,-20.44500000000
Maclura tinctoria,-60.25000000000,-20.43333000000
Maclura tinctoria,-44.61738900000,-20.42172200000
Maclura tinctoria,-44.61722200000,-20.42166700000
Maclura tinctoria,-63.92972000000,-20.40027000000
Maclura tinctoria,-43.41610000000,-20.37780000000
Maclura tinctoria,-60.33333000000,-20.33333000000
Maclura tinctoria,-50.54066001000,-20.26409772000
Maclura tinctoria,-60.11666000000,-20.23333000000
Maclura tinctoria,-42.65080000000,-20.22610000000
Maclura tinctoria,-47.43333300000,-20.21666700000
Maclura tinctoria,-47.46194400000,-20.20416700000
Maclura tinctoria,-54.77158300000,-20.04904700000
Maclura tinctoria,-49.77055600000,-19.98805600000
Maclura tinctoria,-40.60030000000,-19.93560000000
Maclura tinctoria,-49.53333300000,-19.91666700000
Maclura tinctoria,-40.61500000000,-19.86111100000
Maclura tinctoria,-44.04725000000,-19.85725000000
Maclura tinctoria,-40.80750000000,-19.85166700000
Maclura tinctoria,-43.36220000000,-19.82610000000
Maclura tinctoria,-40.27333300000,-19.82055600000
Maclura tinctoria,-40.29226200000,-19.82034100000
Maclura tinctoria,-40.27330000000,-19.82030000000
Maclura tinctoria,-42.13920000000,-19.78970000000
Maclura tinctoria,-63.91583300000,-19.72861100000
Maclura tinctoria,-42.73220000000,-19.71220000000
Maclura tinctoria,-40.61861100000,-19.63388900000
Maclura tinctoria,-63.89527800000,-19.56722200000
Maclura tinctoria,-62.56166000000,-19.54916000000
Maclura tinctoria,-41.06390000000,-19.49580000000
Maclura tinctoria,-43.96111100000,-19.46194400000
Maclura tinctoria,-43.96994400000,-19.45436100000
Maclura tinctoria,-57.13333300000,-19.43333300000
Maclura tinctoria,-43.43286100000,-19.43186100000
Maclura tinctoria,-43.40075000000,-19.40113900000
Maclura tinctoria,-43.40236100000,-19.40097200000
Maclura tinctoria,-57.41333300000,-19.39916600000
Maclura tinctoria,-41.17030000000,-19.39420000000
Maclura tinctoria,-40.07220000000,-19.39110000000
Maclura tinctoria,-54.96666700000,-19.39027800000
Maclura tinctoria,-54.97900000000,-19.38800000000
Maclura tinctoria,-62.53416000000,-19.38444000000
Maclura tinctoria,-45.49602800000,-19.25750000000
Maclura tinctoria,-63.85305000000,-19.15861000000
Maclura tinctoria,-40.08469000000,-19.13285800000
Maclura tinctoria,-57.69638900000,-19.10055600000
Maclura tinctoria,-57.61818900000,-19.09245600000
Maclura tinctoria,-42.71560000000,-19.05580000000
Maclura tinctoria,-58.37222000000,-19.04861000000
Maclura tinctoria,-57.65000000000,-19.01666700000
Maclura tinctoria,-43.77622700000,-19.00417100000
Maclura tinctoria,-58.23333300000,-18.98333300000
Maclura tinctoria,-57.80000000000,-18.95000000000
Maclura tinctoria,-46.99361100000,-18.94472200000
Maclura tinctoria,-62.43333000000,-18.86666000000
Maclura tinctoria,-41.94940000000,-18.85110000000
Maclura tinctoria,-62.33333000000,-18.83333000000
Maclura tinctoria,-63.61888900000,-18.74416700000
Maclura tinctoria,-51.27916700000,-18.71138900000
Maclura tinctoria,-63.65805600000,-18.70277800000
Maclura tinctoria,-44.08250000000,-18.64444400000
Maclura tinctoria,-58.78305600000,-18.62888900000
Maclura tinctoria,-42.30670000000,-18.47580000000
Maclura tinctoria,-59.57000000000,-18.32000000000
Maclura tinctoria,-59.56666700000,-18.31666700000
Maclura tinctoria,-44.18333300000,-18.28333300000
Maclura tinctoria,-63.69472200000,-18.24333300000
Maclura tinctoria,-63.68361100000,-18.23916700000
Maclura tinctoria,-59.45000000000,-18.20000000000
Maclura tinctoria,-63.68333000000,-18.15000000000
Maclura tinctoria,-63.64722000000,-18.12138000000
Maclura tinctoria,-63.95000000000,-18.10833000000
Maclura tinctoria,-63.21666000000,-17.86666000000
Maclura tinctoria,-51.72555600000,-17.85916700000
Maclura tinctoria,-51.78444400000,-17.79638900000
Maclura tinctoria,-63.19750000000,-17.78916700000
Maclura tinctoria,-63.06666000000,-17.78333000000
Maclura tinctoria,-63.00000000000,-17.78333000000
Maclura tinctoria,-63.06000000000,-17.77000000000
Maclura tinctoria,-63.06666000000,-17.76666000000
Maclura tinctoria,-48.62500000000,-17.74170000000
Maclura tinctoria,-63.20000000000,-17.74166000000
Maclura tinctoria,-39.26000000000,-17.73000000000
Maclura tinctoria,-62.95000000000,-17.71666700000
Maclura tinctoria,-63.75000000000,-17.60000000000
Maclura tinctoria,-63.60000000000,-17.50000000000
Maclura tinctoria,-62.40333300000,-17.31111100000
Maclura tinctoria,-47.91666700000,-16.80000000000
Maclura tinctoria,-66.16722000000,-16.73638000000
Maclura tinctoria,-64.43500000000,-16.72610000000
Maclura tinctoria,-48.01120000000,-16.71250000000
Maclura tinctoria,-44.36523896000,-16.68934543000
Maclura tinctoria,-62.45000000000,-16.63750000000
Maclura tinctoria,-67.31666000000,-16.58333000000
Maclura tinctoria,-57.54622200000,-16.57055600000
Maclura tinctoria,-61.84805000000,-16.52166000000
Maclura tinctoria,-61.84638000000,-16.52027000000
Maclura tinctoria,-41.51083300000,-16.48527800000
Maclura tinctoria,-39.07173300000,-16.46738600000
Maclura tinctoria,-39.06666700000,-16.45000000000
Maclura tinctoria,-48.48166700000,-16.42361100000
Maclura tinctoria,-62.87833000000,-16.33444000000
Maclura tinctoria,-56.62988700000,-16.23577200000
Maclura tinctoria,-47.29166700000,-16.21333300000
Maclura tinctoria,-47.29167000000,-16.21333000000
Maclura tinctoria,-62.16944000000,-16.17500000000
Maclura tinctoria,-62.37916000000,-15.94861000000
Maclura tinctoria,-63.21666000000,-15.90000000000
Maclura tinctoria,-47.92987267000,-15.78342081000
Maclura tinctoria,-52.33333300000,-15.66666700000
Maclura tinctoria,-73.06861100000,-15.64250000000
Maclura tinctoria,-48.18333300000,-15.55000000000
Maclura tinctoria,-48.18055600000,-15.52194400000
Maclura tinctoria,-48.16666700000,-15.51666700000
Maclura tinctoria,-61.24277000000,-15.24611000000
Maclura tinctoria,-67.65000000000,-15.23333000000
Maclura tinctoria,-68.69611000000,-15.21027000000
Maclura tinctoria,-39.58333300000,-15.16666700000
Maclura tinctoria,-39.52861100000,-15.15805600000
Maclura tinctoria,-59.58333300000,-14.95000000000
Maclura tinctoria,-59.58333000000,-14.95000000000
Maclura tinctoria,-59.58000000000,-14.95000000000
Maclura tinctoria,-63.93333000000,-14.75194000000
Maclura tinctoria,-63.96777000000,-14.71805000000
Maclura tinctoria,-62.60166000000,-14.66861000000
Maclura tinctoria,-67.79250000000,-14.65500000000
Maclura tinctoria,-39.69472200000,-14.61472200000
Maclura tinctoria,-68.43638000000,-14.61444000000
Maclura tinctoria,-68.68888000000,-14.59444000000
Maclura tinctoria,-68.46666000000,-14.56666000000
Maclura tinctoria,-68.68583000000,-14.56027000000
Maclura tinctoria,-60.82000000000,-14.55833000000
Maclura tinctoria,-68.49388000000,-14.54250000000
Maclura tinctoria,-61.50000000000,-14.53333000000
Maclura tinctoria,-62.10000000000,-14.50000000000
Maclura tinctoria,-42.52694400000,-14.45527800000
Maclura tinctoria,-68.55472000000,-14.39138000000
Maclura tinctoria,-61.16138000000,-14.34611000000
Maclura tinctoria,-44.73222200000,-14.25000000000
Maclura tinctoria,-68.62083300000,-14.23083300000
Maclura tinctoria,-68.65583000000,-14.20027000000
Maclura tinctoria,-68.72421700000,-14.15519200000
Maclura tinctoria,-68.72416000000,-14.15500000000
Maclura tinctoria,-46.64944400000,-14.07000000000
Maclura tinctoria,-46.64944000000,-14.07000000000
Maclura tinctoria,-52.15904283000,-14.05397319000
Maclura tinctoria,-65.50000000000,-14.00000000000
Maclura tinctoria,-46.50000000000,-14.00000000000
Maclura tinctoria,-48.45361100000,-13.91083300000
Maclura tinctoria,-40.08325509000,-13.86148632000
Maclura tinctoria,-65.97083300000,-13.82194400000
Maclura tinctoria,-44.32000000000,-13.58611100000
Maclura tinctoria,-60.90000000000,-13.58333000000
Maclura tinctoria,-48.22000000000,-13.53310000000
Maclura tinctoria,-48.04555600000,-13.42638900000
Maclura tinctoria,-48.04555500000,-13.42638800000
Maclura tinctoria,-39.81333300000,-13.40777800000
Maclura tinctoria,-46.31830000000,-13.39830000000
Maclura tinctoria,-42.24555600000,-13.29722200000
Maclura tinctoria,-42.24361100000,-13.29611100000
Maclura tinctoria,-43.41972200000,-13.25888900000
Maclura tinctoria,-40.41972200000,-13.25888900000
Maclura tinctoria,-43.41666700000,-13.25000000000
Maclura tinctoria,-44.54250000000,-13.24361100000
Maclura tinctoria,-70.75000000000,-13.21666000000
Maclura tinctoria,-41.03333300000,-13.16666700000
Maclura tinctoria,-48.22166700000,-13.15222200000
Maclura tinctoria,-48.22166600000,-13.15222200000
Maclura tinctoria,-72.30444000000,-13.13888000000
Maclura tinctoria,-72.56611000000,-13.13361000000
Maclura tinctoria,-38.50333300000,-13.00527800000
Maclura tinctoria,-38.51083300000,-12.97138900000
Maclura tinctoria,-38.50000000000,-12.96666700000
Maclura tinctoria,-47.81388900000,-12.86027800000
Maclura tinctoria,-72.56666700000,-12.81666700000
Maclura tinctoria,-72.68333000000,-12.81666000000
Maclura tinctoria,-72.56666000000,-12.81666000000
Maclura tinctoria,-73.06638900000,-12.81444400000
Maclura tinctoria,-73.15388900000,-12.81305600000
Maclura tinctoria,-73.14444400000,-12.79805600000
Maclura tinctoria,-46.62611100000,-12.79305600000
Maclura tinctoria,-72.66666700000,-12.78333300000
Maclura tinctoria,-38.44583300000,-12.77416700000
Maclura tinctoria,-38.49722200000,-12.76500000000
Maclura tinctoria,-39.70000000000,-12.71666700000
Maclura tinctoria,-39.70000000000,-12.71666600000
Maclura tinctoria,-39.76138900000,-12.71638900000
Maclura tinctoria,-39.76666700000,-12.70000000000
Maclura tinctoria,-39.10190000000,-12.67000000000
Maclura tinctoria,-72.34027000000,-12.64027000000
Maclura tinctoria,-72.38916700000,-12.59305600000
Maclura tinctoria,-69.08333000000,-12.58333000000
Maclura tinctoria,-39.08333300000,-12.53333300000
Maclura tinctoria,-39.08000000000,-12.53000000000
Maclura tinctoria,-40.08250000000,-12.50222200000
Maclura tinctoria,-72.50111100000,-12.50083300000
Maclura tinctoria,-72.48055600000,-12.42416700000
Maclura tinctoria,-44.96888900000,-12.37694400000
Maclura tinctoria,-40.47527800000,-12.33500000000
Maclura tinctoria,-40.47583300000,-12.32750000000
Maclura tinctoria,-72.30000000000,-12.30000000000
Maclura tinctoria,-38.96666700000,-12.26666700000
Maclura tinctoria,-39.07500000000,-12.21638900000
Maclura tinctoria,-39.18390000000,-12.16170000000
Maclura tinctoria,-39.18388900000,-12.16166700000
Maclura tinctoria,-38.65000000000,-12.15000000000
Maclura tinctoria,-39.28000000000,-12.12000000000
Maclura tinctoria,-39.28333300000,-12.11666700000
Maclura tinctoria,-74.70972200000,-12.09000000000
Maclura tinctoria,-40.56250000000,-12.07111100000
Maclura tinctoria,-73.00000000000,-12.07000000000
Maclura tinctoria,-40.48333300000,-12.03333300000
Maclura tinctoria,-70.25000000000,-12.00000000000
Maclura tinctoria,-73.67777800000,-11.97000000000
Maclura tinctoria,-64.16163900000,-11.91694400000
Maclura tinctoria,-41.01388900000,-11.67750000000
Maclura tinctoria,-41.99777800000,-11.67500000000
Maclura tinctoria,-41.02083300000,-11.67166700000
Maclura tinctoria,-40.48305600000,-11.34194400000
Maclura tinctoria,-67.66670000000,-11.33330000000
Maclura tinctoria,-40.28590000000,-11.20310000000
Maclura tinctoria,-40.51808377000,-11.18442263000
Maclura tinctoria,-37.62055600000,-11.14694400000
Maclura tinctoria,-75.41666000000,-11.08333000000
Maclura tinctoria,-40.64722200000,-11.07527800000
Maclura tinctoria,-44.95000000000,-10.96666700000
Maclura tinctoria,-75.36666000000,-10.96666000000
Maclura tinctoria,-37.14305600000,-10.84277800000
Maclura tinctoria,-37.14300000000,-10.84277800000
Maclura tinctoria,-52.87310000000,-10.83390000000
Maclura tinctoria,-37.14833300000,-10.68861100000
Maclura tinctoria,-63.61666000000,-10.58472000000
Maclura tinctoria,-63.61666700000,-10.58333300000
Maclura tinctoria,-63.60000000000,-10.56666700000
Maclura tinctoria,-65.63333300000,-10.53333300000
Maclura tinctoria,-76.49861000000,-10.51666000000
Maclura tinctoria,-50.50000000000,-10.50000000000
Maclura tinctoria,-63.61666700000,-10.41666700000
Maclura tinctoria,-40.21000000000,-10.40444400000
Maclura tinctoria,-39.42527800000,-10.37666700000
Maclura tinctoria,-51.22000000000,-10.33333300000
Maclura tinctoria,-51.21666700000,-10.33333300000
Maclura tinctoria,-51.21666000000,-10.33333000000
Maclura tinctoria,-51.22000000000,-10.33000000000
Maclura tinctoria,-69.53353100000,-10.29510100000
Maclura tinctoria,-75.56861100000,-10.17083300000
Maclura tinctoria,-75.56600000000,-10.16305600000
Maclura tinctoria,-75.56611000000,-10.16305000000
Maclura tinctoria,-67.73748117000,-10.15462612000
Maclura tinctoria,-75.54888000000,-10.06500000000
Maclura tinctoria,-67.71033900000,-9.92241700000
Maclura tinctoria,-67.72000000000,-9.90000000000
Maclura tinctoria,-43.48500000000,-9.22138900000
Maclura tinctoria,-74.14000000000,-9.18390000000
Maclura tinctoria,-69.43967500000,-9.02262800000
Maclura tinctoria,-51.12944400000,-8.77305600000
Maclura tinctoria,-70.86580000000,-8.51810000000
Maclura tinctoria,-70.86583000000,-8.51805000000
Maclura tinctoria,-71.34920000000,-8.44920000000
Maclura tinctoria,-71.34916000000,-8.44916000000
Maclura tinctoria,-71.35000000000,-8.44900000000
Maclura tinctoria,-74.58333000000,-8.33333000000
Maclura tinctoria,-72.73333000000,-8.25000000000
Maclura tinctoria,-72.73000000000,-8.25000000000
Maclura tinctoria,-47.93611100000,-7.86388900000
Maclura tinctoria,-40.47583300000,-7.83333300000
Maclura tinctoria,-38.88866700000,-7.62908300000
Maclura tinctoria,-38.84367500000,-7.56863100000
Maclura tinctoria,-38.50861100000,-7.56222200000
Maclura tinctoria,-63.17000000000,-7.51666700000
Maclura tinctoria,-63.16666700000,-7.51666700000
Maclura tinctoria,-34.86111100000,-7.13555600000
Maclura tinctoria,-77.91283300000,-6.99175000000
Maclura tinctoria,-77.92065000000,-6.99025000000
Maclura tinctoria,-35.69170000000,-6.96330000000
Maclura tinctoria,-78.03333000000,-6.86666000000
Maclura tinctoria,-40.12388900000,-6.62097200000
Maclura tinctoria,-40.12388900000,-6.62083300000
Maclura tinctoria,-40.13333300000,-6.61666700000
Maclura tinctoria,-62.11003100000,-6.40802500000
Maclura tinctoria,-62.07731400000,-6.40231400000
Maclura tinctoria,-77.92000000000,-6.05000000000
Maclura tinctoria,-79.16611000000,-6.00138000000
Maclura tinctoria,-41.38333300000,-6.00000000000
Maclura tinctoria,-78.81500000000,-5.75555000000
Maclura tinctoria,-78.57000000000,-5.41916700000
Maclura tinctoria,-78.75000000000,-5.30000000000
Maclura tinctoria,-78.00000000000,-5.30000000000
Maclura tinctoria,-74.50000000000,-5.25000000000
Maclura tinctoria,-74.66861000000,-5.21083000000
Maclura tinctoria,-78.88333000000,-5.18333000000
Maclura tinctoria,-73.86388900000,-5.17055600000
Maclura tinctoria,-79.00000000000,-5.13333000000
Maclura tinctoria,-74.24305600000,-5.12833300000
Maclura tinctoria,-74.24305000000,-5.12833000000
Maclura tinctoria,-42.80194400000,-5.08944400000
Maclura tinctoria,-78.93583000000,-5.07638000000
Maclura tinctoria,-79.08861000000,-5.00083000000
Maclura tinctoria,-79.17500000000,-4.97500000000
Maclura tinctoria,-73.66667000000,-4.91667000000
Maclura tinctoria,-73.75000000000,-4.91666700000
Maclura tinctoria,-78.31666000000,-4.91666000000
Maclura tinctoria,-73.75000000000,-4.91666000000
Maclura tinctoria,-44.32694400000,-4.72833300000
Maclura tinctoria,-74.30000000000,-4.70000000000
Maclura tinctoria,-78.67944000000,-4.45638000000
Maclura tinctoria,-79.81666000000,-4.30000000000
Maclura tinctoria,-62.48000000000,-4.21947200000
Maclura tinctoria,-69.95777400000,-4.18844100000
Maclura tinctoria,-73.50000000000,-4.16666000000
Maclura tinctoria,-80.61666000000,-4.15000000000
Maclura tinctoria,-78.96666700000,-4.11666700000
Maclura tinctoria,-78.94000000000,-4.07000000000
Maclura tinctoria,-75.00000000000,-4.00000000000
Maclura tinctoria,-62.59000000000,-3.85916700000
Maclura tinctoria,-73.35000000000,-3.80000000000
Maclura tinctoria,-73.24722000000,-3.74805000000
Maclura tinctoria,-73.05000000000,-3.53333300000
Maclura tinctoria,-73.05000000000,-3.53333000000
Maclura tinctoria,-73.16666700000,-3.50000000000
Maclura tinctoria,-73.01666000000,-3.50000000000
Maclura tinctoria,-72.83333000000,-3.50000000000
Maclura tinctoria,-72.86667000000,-3.46667000000
Maclura tinctoria,-72.80000000000,-3.46666700000
Maclura tinctoria,-72.86666000000,-3.46666000000
Maclura tinctoria,-72.83333000000,-3.46666000000
Maclura tinctoria,-72.80000000000,-3.46666000000
Maclura tinctoria,-72.85000000000,-3.45000000000
Maclura tinctoria,-76.33333300000,-3.33333300000
Maclura tinctoria,-71.81666000000,-3.33333000000
Maclura tinctoria,-71.08333000000,-3.33333000000
Maclura tinctoria,-74.83333000000,-3.30000000000
Maclura tinctoria,-41.40000000000,-3.05000000000
Maclura tinctoria,-41.24393035000,-3.03699003700
Maclura tinctoria,-41.24390000000,-3.03360000000
Maclura tinctoria,-41.53944400000,-2.93611100000
Maclura tinctoria,-59.97000000000,-2.88333300000
Maclura tinctoria,-59.96666000000,-2.88333000000
Maclura tinctoria,-76.91666700000,-2.83333300000
Maclura tinctoria,-65.13000000000,-2.70000000000
Maclura tinctoria,-44.20111500000,-2.57732300000
Maclura tinctoria,-66.09170000000,-2.51390000000
Maclura tinctoria,-44.25000000000,-2.50000000000
Maclura tinctoria,-80.71666000000,-1.58333000000
Maclura tinctoria,-80.71700000000,-1.56700000000
Maclura tinctoria,-80.56666700000,-1.50000000000
Maclura tinctoria,-78.18690000000,-1.46280000000
Maclura tinctoria,-79.40000000000,-1.35000000000
Maclura tinctoria,-79.70000000000,-1.26666700000
Maclura tinctoria,-80.58333000000,-1.16666000000
Maclura tinctoria,-77.61666700000,-1.06666700000
Maclura tinctoria,-77.60000000000,-1.06666700000
Maclura tinctoria,-77.51666000000,-1.06666000000
Maclura tinctoria,-80.68333000000,-1.03333000000
Maclura tinctoria,-77.68333000000,-1.03330000000
Maclura tinctoria,-79.61700000000,-0.90000000000
Maclura tinctoria,-79.60000000000,-0.88333300000
Maclura tinctoria,-76.16666000000,-0.63333000000
Maclura tinctoria,-79.36666000000,-0.58333000000
Maclura tinctoria,-79.36666000000,-0.35000000000
Maclura tinctoria,-79.36600000000,-0.35000000000
Maclura tinctoria,-79.80000000000,0.25000000000
Maclura tinctoria,-79.73333000000,0.35000000000
Maclura tinctoria,-79.75000000000,0.41666000000
Maclura tinctoria,-79.21666700000,0.88333300000
Maclura tinctoria,-79.21750000000,0.89583000000
Maclura tinctoria,-79.61666000000,0.90000000000
Maclura tinctoria,-77.72158000000,1.72967000000
Maclura tinctoria,-76.00132400000,2.31912200000
Maclura tinctoria,-72.77944000000,2.33333000000
Maclura tinctoria,-72.75111000000,2.33389000000
Maclura tinctoria,-75.11904000000,2.85730000000
Maclura tinctoria,-73.24398500000,3.21685900000
Maclura tinctoria,-73.91667000000,3.28333000000
Maclura tinctoria,-73.91666700000,3.28333300000
Maclura tinctoria,-74.86666000000,3.30000000000
Maclura tinctoria,-75.33002800000,3.31838900000
Maclura tinctoria,-75.35177800000,3.33252800000
Maclura tinctoria,-75.27283300000,3.35947200000
Maclura tinctoria,-74.77444400000,3.36197500000
Maclura tinctoria,-74.98627800000,3.64502800000
Maclura tinctoria,-75.00863900000,3.65630600000
Maclura tinctoria,-74.98161100000,3.67372200000
Maclura tinctoria,-74.98188900000,3.67708300000
Maclura tinctoria,-74.95036100000,3.67858300000
Maclura tinctoria,-76.69058300000,3.73325000000
Maclura tinctoria,-76.66214000000,3.76282000000
Maclura tinctoria,-70.70686100000,3.79269400000
Maclura tinctoria,-72.86670000000,3.88110000000
Maclura tinctoria,-74.90527800000,4.27805600000
Maclura tinctoria,-74.70120300000,4.29057500000
Maclura tinctoria,-74.38850000000,4.32269000000
Maclura tinctoria,-74.38852700000,4.32269300000
Maclura tinctoria,-74.83140000000,4.40126000000
Maclura tinctoria,-74.83138300000,4.40126200000
Maclura tinctoria,-74.83236700000,4.41538900000
Maclura tinctoria,-74.83240000000,4.41539000000
Maclura tinctoria,-74.57052800000,4.50730600000
Maclura tinctoria,-74.77783300000,4.53337200000
Maclura tinctoria,-74.68791100000,4.55277200000
Maclura tinctoria,-74.54638900000,4.56508300000
Maclura tinctoria,-75.82544300000,4.58215500000
Maclura tinctoria,-74.97944400000,4.58583300000
Maclura tinctoria,-75.77978300000,4.60203300000
Maclura tinctoria,-75.77883300000,4.60205000000
Maclura tinctoria,-74.47794300000,4.60411300000
Maclura tinctoria,-75.78238300000,4.60483300000
Maclura tinctoria,-74.80880000000,4.60537000000
Maclura tinctoria,-74.47680000000,4.65526000000
Maclura tinctoria,-74.47681400000,4.65526200000
Maclura tinctoria,-74.78944400000,4.66258300000
Maclura tinctoria,-75.62519400000,4.68384700000
Maclura tinctoria,-71.66058300000,4.81363900000
Maclura tinctoria,-71.66058000000,4.81364000000
Maclura tinctoria,-75.86890000000,4.85260000000
Maclura tinctoria,-75.88391400000,4.85500800000
Maclura tinctoria,-75.87145900000,4.87427200000
Maclura tinctoria,-71.14533300000,4.89441700000
Maclura tinctoria,-76.45000000000,4.95000000000
Maclura tinctoria,-74.92000000000,4.98000000000
Maclura tinctoria,-74.47378400000,5.00810700000
Maclura tinctoria,-74.36681400000,5.02920700000
Maclura tinctoria,-74.36680000000,5.02921000000
Maclura tinctoria,-74.59638900000,5.06638900000
Maclura tinctoria,-74.80007200000,5.06870800000
Maclura tinctoria,-74.59950000000,5.07171000000
Maclura tinctoria,-74.59947200000,5.07171500000
Maclura tinctoria,-74.75222200000,5.09194400000
Maclura tinctoria,-74.86035000000,5.19445000000
Maclura tinctoria,-72.65470000000,5.22100000000
Maclura tinctoria,-72.50000000000,5.33333000000
Maclura tinctoria,-72.50000000000,5.33333300000
Maclura tinctoria,-76.54773000000,5.46229800000
Maclura tinctoria,-74.69940000000,5.52082000000
Maclura tinctoria,-74.92744400000,5.56594400000
Maclura tinctoria,-74.90761100000,5.56616700000
Maclura tinctoria,-75.05000000000,5.56666000000
Maclura tinctoria,-75.11783000000,5.57151000000
Maclura tinctoria,-74.93277800000,5.58027800000
Maclura tinctoria,-71.97210000000,5.62270000000
Maclura tinctoria,-75.66520000000,5.78520000000
Maclura tinctoria,-75.81792600000,5.97195800000
Maclura tinctoria,-75.80000000000,6.01666000000
Maclura tinctoria,-75.80000000000,6.01666700000
Maclura tinctoria,-71.80120000000,6.03000000000
Maclura tinctoria,-71.80170000000,6.03090000000
Maclura tinctoria,-71.29547000000,6.03719000000
Maclura tinctoria,-71.29547200000,6.03719400000
Maclura tinctoria,-74.66990800000,6.10875300000
Maclura tinctoria,-73.35000000000,6.15000000000
Maclura tinctoria,-72.75284100000,6.32818000000
Maclura tinctoria,-72.65086500000,6.32876400000
Maclura tinctoria,-71.89491700000,6.36038900000
Maclura tinctoria,-71.89576100000,6.36051100000
Maclura tinctoria,-75.70961100000,6.45413900000
Maclura tinctoria,-75.70300000000,6.45675000000
Maclura tinctoria,-75.83357900000,6.48582600000
Maclura tinctoria,-74.10548400000,6.52019500000
Maclura tinctoria,-73.11820000000,6.55131000000
Maclura tinctoria,-73.16087900000,6.55421900000
Maclura tinctoria,-73.15658000000,6.57919000000
Maclura tinctoria,-72.70777800000,6.60750000000
Maclura tinctoria,-72.70750000000,6.60916700000
Maclura tinctoria,-72.70611100000,6.60972200000
Maclura tinctoria,-75.13333300000,6.66666700000
Maclura tinctoria,-75.81666700000,6.68333300000
Maclura tinctoria,-73.20222200000,6.71527800000
Maclura tinctoria,-73.27122200000,6.72486100000
Maclura tinctoria,-73.21000000000,6.72527800000
Maclura tinctoria,-73.21166700000,6.72611100000
Maclura tinctoria,-73.09747000000,6.75256000000
Maclura tinctoria,-75.10016700000,6.77244400000
Maclura tinctoria,-75.10166700000,6.77250000000
Maclura tinctoria,-72.99465000000,6.82760000000
Maclura tinctoria,-73.03570000000,6.89134000000
Maclura tinctoria,-75.80208300000,6.91611100000
Maclura tinctoria,-73.91023000000,6.99980000000
Maclura tinctoria,-73.91353200000,7.00700200000
Maclura tinctoria,-73.91379000000,7.00962900000
Maclura tinctoria,-65.91190000000,7.07580000000
Maclura tinctoria,-73.15325600000,7.13554200000
Maclura tinctoria,-75.69140000000,7.13982900000
Maclura tinctoria,-73.24858300000,7.23500000000
Maclura tinctoria,-73.20950000000,7.24980000000
Maclura tinctoria,-73.20952800000,7.24980600000
Maclura tinctoria,-75.90014800000,7.25226100000
Maclura tinctoria,-76.48906000000,7.33300600000
Maclura tinctoria,-76.48910000000,7.33301000000
Maclura tinctoria,-80.31666000000,7.41666000000
Maclura tinctoria,-78.05000000000,7.41666000000
Maclura tinctoria,-73.20000000000,7.50000000000
Maclura tinctoria,-73.43661000000,7.66357000000
Maclura tinctoria,-80.35000000000,7.76666000000
Maclura tinctoria,-72.43333000000,7.83333000000
Maclura tinctoria,-72.57247000000,7.87115000000
Maclura tinctoria,-75.55071900000,7.95152200000
Maclura tinctoria,-77.68333000000,8.08333000000
Maclura tinctoria,-80.68333000000,8.13333000000
Maclura tinctoria,-70.75000000000,8.25000000000
Maclura tinctoria,-63.58333000000,8.25000000000
Maclura tinctoria,-82.90000000000,8.26666700000
Maclura tinctoria,-73.89619400000,8.27363900000
Maclura tinctoria,-82.86666000000,8.28333000000
Maclura tinctoria,-73.62252800000,8.31456900000
Maclura tinctoria,-73.75781700000,8.32988300000
Maclura tinctoria,-74.10531100000,8.33995500000
Maclura tinctoria,-73.74633300000,8.37622200000
Maclura tinctoria,-83.33979700000,8.40317500000
Maclura tinctoria,-83.34000000000,8.41000000000
Maclura tinctoria,-83.34305500000,8.41666700000
Maclura tinctoria,-82.83333300000,8.45000000000
Maclura tinctoria,-83.58333400000,8.46666700000
Maclura tinctoria,-76.01501000000,8.49661000000
Maclura tinctoria,-77.27816000000,8.50682000000
Maclura tinctoria,-76.10358300000,8.51030600000
Maclura tinctoria,-72.78596200000,8.57261200000
Maclura tinctoria,-80.13333000000,8.60000000000
Maclura tinctoria,-83.44392300000,8.64169700000
Maclura tinctoria,-75.93357000000,8.67155000000
Maclura tinctoria,-83.21000000000,8.68000000000
Maclura tinctoria,-83.21667000000,8.68333000000
Maclura tinctoria,-83.09000000000,8.69000000000
Maclura tinctoria,-83.10972200000,8.70833300000
Maclura tinctoria,-75.90333300000,8.72494400000
Maclura tinctoria,-75.04166700000,8.94361100000
Maclura tinctoria,-74.04322500000,8.94745800000
Maclura tinctoria,-79.55000000000,8.96250000000
Maclura tinctoria,-83.53571300000,8.97386700000
Maclura tinctoria,-83.46666000000,8.98333000000
Maclura tinctoria,-83.46666700000,8.98333300000
Maclura tinctoria,-74.08333300000,9.00000000000
Maclura tinctoria,-74.08333000000,9.00000000000
Maclura tinctoria,-74.05000000000,9.00000000000
Maclura tinctoria,-72.66666000000,9.01666000000
Maclura tinctoria,-79.45722000000,9.03805000000
Maclura tinctoria,-83.43015000000,9.08594000000
Maclura tinctoria,-83.43014900000,9.08594000000
Maclura tinctoria,-78.88888000000,9.21388000000
Maclura tinctoria,-75.44277800000,9.45361100000
Maclura tinctoria,-75.59535000000,9.50246000000
Maclura tinctoria,-75.34580600000,9.53950000000
Maclura tinctoria,-73.61441700000,9.64605600000
Maclura tinctoria,-84.37000000000,9.72000000000
Maclura tinctoria,-84.37222200000,9.72722200000
Maclura tinctoria,-75.63663000000,9.74723000000
Maclura tinctoria,-84.60000000000,9.76000000000
Maclura tinctoria,-84.60000000000,9.76666700000
Maclura tinctoria,-69.00000000000,9.76666700000
Maclura tinctoria,-84.60752800000,9.77286100000
Maclura tinctoria,-84.60805000000,9.77416000000
Maclura tinctoria,-84.60812400000,9.77423300000
Maclura tinctoria,-84.60000000000,9.78333300000
Maclura tinctoria,-84.59166700000,9.80000000000
Maclura tinctoria,-72.66666000000,9.83333000000
Maclura tinctoria,-85.34000000000,9.84000000000
Maclura tinctoria,-85.34055600000,9.84916700000
Maclura tinctoria,-85.43194400000,9.86527800000
Maclura tinctoria,-72.70000000000,9.88333300000
Maclura tinctoria,-84.30142000000,9.90408900000
Maclura tinctoria,-84.14000000000,9.91000000000
Maclura tinctoria,-67.35000000000,9.91666000000
Maclura tinctoria,-84.14444400000,9.91666700000
Maclura tinctoria,-84.26666000000,9.92222000000
Maclura tinctoria,-84.26666700000,9.92222200000
Maclura tinctoria,-84.21000000000,9.96000000000
Maclura tinctoria,-84.19000000000,9.97000000000
Maclura tinctoria,-84.19583000000,9.97222000000
Maclura tinctoria,-84.19583300000,9.97222200000
Maclura tinctoria,-84.74099700000,9.97254500000
Maclura tinctoria,-84.18000000000,9.98000000000
Maclura tinctoria,-84.16000000000,9.98000000000
Maclura tinctoria,-84.16666700000,9.98333300000
Maclura tinctoria,-74.50000000000,10.00000000000
Maclura tinctoria,-84.81000000000,10.11000000000
Maclura tinctoria,-75.26887500000,10.14303000000
Maclura tinctoria,-75.26879500000,10.14348200000
Maclura tinctoria,-85.36000000000,10.16000000000
Maclura tinctoria,-85.36666700000,10.16666700000
Maclura tinctoria,-74.27784000000,10.23730000000
Maclura tinctoria,-84.81000000000,10.26000000000
Maclura tinctoria,-84.81666700000,10.26666700000
Maclura tinctoria,-85.13000000000,10.27000000000
Maclura tinctoria,-68.17111000000,10.29111000000
Maclura tinctoria,-84.83333300000,10.30000000000
Maclura tinctoria,-84.83000000000,10.30000000000
Maclura tinctoria,-84.80000100000,10.30000000000
Maclura tinctoria,-84.80000000000,10.30000000000
Maclura tinctoria,-85.80694400000,10.30416700000
Maclura tinctoria,-85.80694000000,10.30416700000
Maclura tinctoria,-72.08000000000,10.31000000000
Maclura tinctoria,-85.30000000000,10.32000000000
Maclura tinctoria,-85.30000000000,10.33000000000
Maclura tinctoria,-85.20000400000,10.33333000000
Maclura tinctoria,-75.41776700000,10.33393300000
Maclura tinctoria,-85.34000000000,10.34000000000
Maclura tinctoria,-85.34444400000,10.34583300000
Maclura tinctoria,-85.35000000000,10.35000000000
Maclura tinctoria,-75.44527500000,10.36396700000
Maclura tinctoria,-73.13333000000,10.36666000000
Maclura tinctoria,-73.13333300000,10.36666700000
Maclura tinctoria,-85.31000000000,10.38000000000
Maclura tinctoria,-73.11154400000,10.38298600000
Maclura tinctoria,-85.31666000000,10.38333000000
Maclura tinctoria,-85.31666700000,10.38333300000
Maclura tinctoria,-85.57854000000,10.42246500000
Maclura tinctoria,-85.57853800000,10.42246500000
Maclura tinctoria,-85.55000000000,10.44000000000
Maclura tinctoria,-85.13000000000,10.45000000000
Maclura tinctoria,-68.46666700000,10.45000000000
Maclura tinctoria,-68.46666000000,10.45000000000
Maclura tinctoria,-85.13138000000,10.45472000000
Maclura tinctoria,-85.13138900000,10.45472200000
Maclura tinctoria,-85.12000000000,10.46000000000
Maclura tinctoria,-70.61666000000,10.46666000000
Maclura tinctoria,-70.80000000000,10.48333300000
Maclura tinctoria,-85.16000000000,10.50000000000
Maclura tinctoria,-70.75000000000,10.50000000000
Maclura tinctoria,-75.28333000000,10.51666000000
Maclura tinctoria,-85.31666000000,10.53333000000
Maclura tinctoria,-74.85088000000,10.59253000000
Maclura tinctoria,-85.65000000000,10.79000000000
Maclura tinctoria,-85.65555600000,10.79166700000
Maclura tinctoria,-85.65000000000,10.79305600000
Maclura tinctoria,-85.65000000000,10.80000000000
Maclura tinctoria,-85.61000000000,10.83000000000
Maclura tinctoria,-85.61666000000,10.83333000000
Maclura tinctoria,-85.61666700000,10.83333300000
Maclura tinctoria,-85.60958300000,10.83400000000
Maclura tinctoria,-85.61000000000,10.84000000000
Maclura tinctoria,-68.30000000000,10.86666700000
Maclura tinctoria,-74.05570000000,10.88870000000
Maclura tinctoria,-74.05574000000,10.88871400000
Maclura tinctoria,-85.48000000000,10.89000000000
Maclura tinctoria,-85.73000000000,10.90000000000
Maclura tinctoria,-85.72500000000,10.90000000000
Maclura tinctoria,-85.71000000000,10.90000000000
Maclura tinctoria,-72.33333300000,10.90000000000
Maclura tinctoria,-72.33333000000,10.90000000000
Maclura tinctoria,-85.73055600000,10.90277800000
Maclura tinctoria,-85.79330600000,10.90894400000
Maclura tinctoria,-72.45000000000,10.91666000000
Maclura tinctoria,-72.45000000000,10.91666700000
Maclura tinctoria,-85.83563600000,10.93925300000
Maclura tinctoria,-74.03847500000,10.94578800000
Maclura tinctoria,-72.75388900000,10.96611100000
Maclura tinctoria,-72.35000000000,11.03333300000
Maclura tinctoria,-72.35000000000,11.04166000000
Maclura tinctoria,-72.28333000000,11.06666000000
Maclura tinctoria,-72.28333300000,11.06666700000
Maclura tinctoria,-73.88940000000,11.11770000000
