sp,lon,lat
Myrsine coriacea,-64.92080000000,-35.38690000000
Myrsine coriacea,-55.34140000000,-34.77110000000
Myrsine coriacea,-55.79330000000,-32.86670000000
Myrsine coriacea,-53.40280600000,-31.59577800000
Myrsine coriacea,-51.01555600000,-30.27666700000
Myrsine coriacea,-51.38611100000,-30.18083300000
Myrsine coriacea,-51.71805600000,-29.94333300000
Myrsine coriacea,-51.15000000000,-29.66666700000
Myrsine coriacea,-50.21333300000,-29.66166700000
Myrsine coriacea,-50.93555600000,-29.59972200000
Myrsine coriacea,-51.86168600000,-29.58026400000
Myrsine coriacea,-50.94833300000,-29.57833300000
Myrsine coriacea,-50.17444400000,-29.48083300000
Myrsine coriacea,-50.58401387000,-29.45222668000
Myrsine coriacea,-50.55000000000,-29.43333300000
Myrsine coriacea,-50.50000000000,-29.40000000000
Myrsine coriacea,-50.82896500000,-29.38078400000
Myrsine coriacea,-52.02999900000,-29.37000100000
Myrsine coriacea,-49.84972200000,-29.36944400000
Myrsine coriacea,-49.93500000000,-29.36555600000
Myrsine coriacea,-49.72722200000,-29.33583300000
Myrsine coriacea,-51.17995468000,-29.17222024000
Myrsine coriacea,-49.48611100000,-28.93527800000
Myrsine coriacea,-49.86000000000,-28.89000000000
Myrsine coriacea,-49.46666700000,-28.73333300000
Myrsine coriacea,-49.40916700000,-28.70916700000
Myrsine coriacea,-49.30000000000,-28.70000000000
Myrsine coriacea,-49.23000000000,-28.62000000000
Myrsine coriacea,-49.23222200000,-28.61916700000
Myrsine coriacea,-49.42472200000,-28.59833300000
Myrsine coriacea,-49.60388900000,-28.54944400000
Myrsine coriacea,-50.07722800000,-28.48367200000
Myrsine coriacea,-50.07722200000,-28.48361100000
Myrsine coriacea,-50.04000000000,-28.44000000000
Myrsine coriacea,-49.85888900000,-28.43805500000
Myrsine coriacea,-49.55166700000,-28.40175000000
Myrsine coriacea,-49.29888900000,-28.28527800000
Myrsine coriacea,-48.96916700000,-28.25555600000
Myrsine coriacea,-48.67055600000,-28.24055600000
Myrsine coriacea,-49.38916700000,-28.18888900000
Myrsine coriacea,-49.04972200000,-28.16944400000
Myrsine coriacea,-48.97972200000,-28.16527800000
Myrsine coriacea,-50.88694400000,-28.12138800000
Myrsine coriacea,-50.88611100000,-28.12138800000
Myrsine coriacea,-48.87611100000,-28.09777800000
Myrsine coriacea,-48.87000000000,-28.08000000000
Myrsine coriacea,-48.78000000000,-28.08000000000
Myrsine coriacea,-48.69000000000,-28.08000000000
Myrsine coriacea,-49.49833300000,-28.07444400000
Myrsine coriacea,-49.13833300000,-28.07027800000
Myrsine coriacea,-49.05277800000,-28.01777800000
Myrsine coriacea,-49.37194400000,-28.01416700000
Myrsine coriacea,-49.49194400000,-28.01305600000
Myrsine coriacea,-49.41222200000,-27.99222200000
Myrsine coriacea,-50.89500000000,-27.99027800000
Myrsine coriacea,-49.04888900000,-27.98916700000
Myrsine coriacea,-49.87310000000,-27.95280000000
Myrsine coriacea,-49.86916700000,-27.92111100000
Myrsine coriacea,-49.87916700000,-27.91666700000
Myrsine coriacea,-50.57944400000,-27.90138900000
Myrsine coriacea,-50.40000000000,-27.90027800000
Myrsine coriacea,-48.75583300000,-27.89333300000
Myrsine coriacea,-48.97700600000,-27.89050500000
Myrsine coriacea,-49.59000000000,-27.81000000000
Myrsine coriacea,-48.86694400000,-27.81000000000
Myrsine coriacea,-49.94440000000,-27.74440000000
Myrsine coriacea,-48.51527800000,-27.73166700000
Myrsine coriacea,-49.22916700000,-27.72111100000
Myrsine coriacea,-48.78000000000,-27.72000000000
Myrsine coriacea,-48.69000000000,-27.72000000000
Myrsine coriacea,-49.33388900000,-27.70083300000
Myrsine coriacea,-48.66836583000,-27.64951421000
Myrsine coriacea,-48.77694400000,-27.64416700000
Myrsine coriacea,-48.48000000000,-27.59222200000
Myrsine coriacea,-48.46495600000,-27.56305600000
Myrsine coriacea,-48.78000000000,-27.54000000000
Myrsine coriacea,-50.81371900000,-27.48584200000
Myrsine coriacea,-50.81372500000,-27.48582500000
Myrsine coriacea,-50.81369700000,-27.48581700000
Myrsine coriacea,-49.86222200000,-27.45083300000
Myrsine coriacea,-48.87000000000,-27.45000000000
Myrsine coriacea,-48.69000000000,-27.45000000000
Myrsine coriacea,-50.94083300000,-27.44972200000
Myrsine coriacea,-55.59000000000,-27.44000000000
Myrsine coriacea,-55.58333000000,-27.38333000000
Myrsine coriacea,-53.75805600000,-27.37111100000
Myrsine coriacea,-49.41055600000,-27.36055600000
Myrsine coriacea,-48.86750000000,-27.35972200000
Myrsine coriacea,-50.58083300000,-27.35916700000
Myrsine coriacea,-51.97472200000,-27.31388900000
Myrsine coriacea,-50.58489959000,-27.28700095000
Myrsine coriacea,-50.22000600000,-27.27000400000
Myrsine coriacea,-50.22000000000,-27.27000000000
Myrsine coriacea,-49.14000000000,-27.27000000000
Myrsine coriacea,-49.05194400000,-27.26861100000
Myrsine coriacea,-54.53333000000,-27.26666000000
Myrsine coriacea,-51.96416700000,-27.23444400000
Myrsine coriacea,-49.64373269000,-27.21830456000
Myrsine coriacea,-48.55555600000,-27.19500000000
Myrsine coriacea,-49.32055600000,-27.18027800000
Myrsine coriacea,-50.76000000000,-27.18000000000
Myrsine coriacea,-50.80500000000,-27.17527800000
Myrsine coriacea,-49.21527800000,-27.17388900000
Myrsine coriacea,-49.21514200000,-27.17375000000
Myrsine coriacea,-49.21500000000,-27.17361100000
Myrsine coriacea,-55.34000000000,-27.16000000000
Myrsine coriacea,-48.51736100000,-27.14422200000
Myrsine coriacea,-49.04916700000,-27.13027800000
Myrsine coriacea,-57.33333300000,-27.11666700000
Myrsine coriacea,-49.20638900000,-27.11027800000
Myrsine coriacea,-49.20333300000,-27.10972200000
Myrsine coriacea,-48.91778071000,-27.10220622000
Myrsine coriacea,-50.22000000000,-27.09250000000
Myrsine coriacea,-49.23083300000,-27.09000000000
Myrsine coriacea,-48.98110000000,-27.08580000000
Myrsine coriacea,-49.26833300000,-27.04750000000
Myrsine coriacea,-49.16527800000,-27.03138900000
Myrsine coriacea,-49.13277800000,-27.02500000000
Myrsine coriacea,-49.15194400000,-27.02472200000
Myrsine coriacea,-49.07972200000,-27.00861100000
Myrsine coriacea,-50.22055600000,-27.00027800000
Myrsine coriacea,-49.41000000000,-27.00000000000
Myrsine coriacea,-50.67027800000,-26.99972200000
Myrsine coriacea,-48.96027800000,-26.99944400000
Myrsine coriacea,-49.07833300000,-26.95500000000
Myrsine coriacea,-49.37083300000,-26.92416700000
Myrsine coriacea,-54.21000000000,-26.92000000000
Myrsine coriacea,-54.20500000000,-26.91638000000
Myrsine coriacea,-48.66226167000,-26.91200479000
Myrsine coriacea,-50.22027800000,-26.91000000000
Myrsine coriacea,-49.07916700000,-26.90555600000
Myrsine coriacea,-48.93666700000,-26.90333300000
Myrsine coriacea,-48.82750000000,-26.90027800000
Myrsine coriacea,-49.09833300000,-26.83722200000
Myrsine coriacea,-50.67444400000,-26.81972200000
Myrsine coriacea,-49.23333300000,-26.81083300000
Myrsine coriacea,-48.97388900000,-26.77000000000
Myrsine coriacea,-50.31000000000,-26.73000000000
Myrsine coriacea,-53.57000000000,-26.67000000000
Myrsine coriacea,-53.56667000000,-26.66667000000
Myrsine coriacea,-49.23000000000,-26.64000000000
Myrsine coriacea,-51.48027800000,-26.63750000000
Myrsine coriacea,-65.87000000000,-26.61000000000
Myrsine coriacea,-49.33888900000,-26.60361100000
Myrsine coriacea,-49.68000000000,-26.55000000000
Myrsine coriacea,-49.32000000000,-26.55000000000
Myrsine coriacea,-64.83000000000,-26.51000000000
Myrsine coriacea,-51.98333300000,-26.48333300000
Myrsine coriacea,-50.94083300000,-26.46166700000
Myrsine coriacea,-50.40000000000,-26.46000000000
Myrsine coriacea,-49.85833300000,-26.45944400000
Myrsine coriacea,-48.82113900000,-26.44797200000
Myrsine coriacea,-49.33886100000,-26.36527800000
Myrsine coriacea,-49.37505600000,-26.34488900000
Myrsine coriacea,-49.37860000000,-26.25030000000
Myrsine coriacea,-49.09777800000,-26.22388900000
Myrsine coriacea,-55.33333000000,-26.16666000000
Myrsine coriacea,-48.65000000000,-26.15000000000
Myrsine coriacea,-48.61610000000,-26.11690000000
Myrsine coriacea,-51.98777800000,-26.10536100000
Myrsine coriacea,-56.83333000000,-26.05000000000
Myrsine coriacea,-48.85527095000,-26.03079231000
Myrsine coriacea,-48.69000000000,-26.01000000000
Myrsine coriacea,-53.98000000000,-26.00000000000
Myrsine coriacea,-49.18333300000,-25.91666700000
Myrsine coriacea,-57.15000000000,-25.90000000000
Myrsine coriacea,-57.38333000000,-25.88333000000
Myrsine coriacea,-50.38347704000,-25.87828367000
Myrsine coriacea,-57.23333300000,-25.80000000000
Myrsine coriacea,-49.07622200000,-25.79056700000
Myrsine coriacea,-57.13333000000,-25.76666000000
Myrsine coriacea,-56.11666000000,-25.76666000000
Myrsine coriacea,-49.05000000000,-25.75000000000
Myrsine coriacea,-48.46825000000,-25.67994400000
Myrsine coriacea,-50.29305600000,-25.66777800000
Myrsine coriacea,-54.81388900000,-25.63027800000
Myrsine coriacea,-48.70805600000,-25.59888900000
Myrsine coriacea,-48.55580000000,-25.59170000000
Myrsine coriacea,-49.63194400000,-25.58638900000
Myrsine coriacea,-48.97222200000,-25.52777800000
Myrsine coriacea,-50.68333300000,-25.51666700000
Myrsine coriacea,-48.98705600000,-25.51580600000
Myrsine coriacea,-48.98200000000,-25.51500000000
Myrsine coriacea,-48.83476690000,-25.48078485000
Myrsine coriacea,-49.64083300000,-25.47166700000
Myrsine coriacea,-49.52871521000,-25.46248180000
Myrsine coriacea,-56.01666000000,-25.45000000000
Myrsine coriacea,-49.24040000000,-25.44810000000
Myrsine coriacea,-49.48416700000,-25.42861100000
Myrsine coriacea,-53.90638900000,-25.42305600000
Myrsine coriacea,-57.18333000000,-25.41666000000
Myrsine coriacea,-53.06040000000,-25.41300000000
Myrsine coriacea,-51.45884893000,-25.39947198000
Myrsine coriacea,-49.00360000000,-25.38870000000
Myrsine coriacea,-49.27361100000,-25.38527800000
Myrsine coriacea,-57.35000000000,-25.33000000000
Myrsine coriacea,-49.05588151000,-25.30968160000
Myrsine coriacea,-48.69900000000,-25.30700000000
Myrsine coriacea,-53.96333300000,-25.28527800000
Myrsine coriacea,-48.33333300000,-25.28333300000
Myrsine coriacea,-57.11666000000,-25.20000000000
Myrsine coriacea,-49.31479898000,-25.19417895000
Myrsine coriacea,-49.96988900000,-25.17483300000
Myrsine coriacea,-49.09813900000,-25.11819400000
Myrsine coriacea,-53.78716700000,-25.10894400000
Myrsine coriacea,-50.16235736000,-25.09887403000
Myrsine coriacea,-53.73244400000,-25.09450000000
Myrsine coriacea,-50.15000000000,-25.08333300000
Myrsine coriacea,-48.14138900000,-25.03722200000
Myrsine coriacea,-57.00000000000,-25.00000000000
Myrsine coriacea,-47.84175000000,-24.90080600000
Myrsine coriacea,-47.91666700000,-24.88333300000
Myrsine coriacea,-49.05722200000,-24.85722200000
Myrsine coriacea,-49.57160000000,-24.85716000000
Myrsine coriacea,-49.26139350000,-24.82747399000
Myrsine coriacea,-52.13311100000,-24.77080600000
Myrsine coriacea,-49.75000000000,-24.75000000000
Myrsine coriacea,-49.71666700000,-24.73333300000
Myrsine coriacea,-47.88110000000,-24.71500000000
Myrsine coriacea,-47.55530000000,-24.70810000000
Myrsine coriacea,-47.87694400000,-24.67583300000
Myrsine coriacea,-48.72805600000,-24.65305600000
Myrsine coriacea,-47.88250000000,-24.60833300000
Myrsine coriacea,-47.87694400000,-24.60833300000
Myrsine coriacea,-48.59310000000,-24.58560000000
Myrsine coriacea,-48.63500000000,-24.57805600000
Myrsine coriacea,-51.33383532000,-24.57076118000
Myrsine coriacea,-48.71388900000,-24.54277800000
Myrsine coriacea,-48.10810000000,-24.52000000000
Myrsine coriacea,-50.41360000000,-24.50940000000
Myrsine coriacea,-48.40888900000,-24.50166700000
Myrsine coriacea,-48.60444400000,-24.33361100000
Myrsine coriacea,-49.14390000000,-24.31780000000
Myrsine coriacea,-48.24320000000,-24.30060000000
Myrsine coriacea,-49.17077800000,-24.28341700000
Myrsine coriacea,-47.45970000000,-24.28140000000
Myrsine coriacea,-48.40694400000,-24.27750000000
Myrsine coriacea,-48.44722200000,-24.27083300000
Myrsine coriacea,-49.15138900000,-24.26972200000
Myrsine coriacea,-52.43816700000,-24.25072200000
Myrsine coriacea,-52.44100000000,-24.25038900000
Myrsine coriacea,-47.54638900000,-24.15722200000
Myrsine coriacea,-47.54639000000,-24.15710000000
Myrsine coriacea,-49.46360000000,-24.11280000000
Myrsine coriacea,-49.33170000000,-24.11250000000
Myrsine coriacea,-47.20472200000,-24.11055500000
Myrsine coriacea,-65.41000000000,-24.11000000000
Myrsine coriacea,-52.31666700000,-24.10000000000
Myrsine coriacea,-49.06805600000,-24.07944400000
Myrsine coriacea,-49.05138900000,-24.07944400000
Myrsine coriacea,-49.06138900000,-24.07750000000
Myrsine coriacea,-49.07388900000,-24.07666700000
Myrsine coriacea,-49.07111100000,-24.07472200000
Myrsine coriacea,-47.96888900000,-24.06750000000
Myrsine coriacea,-47.99861100000,-24.06194400000
Myrsine coriacea,-47.98972200000,-24.05833300000
Myrsine coriacea,-49.07888900000,-24.05250000000
Myrsine coriacea,-47.21666700000,-24.05000000000
Myrsine coriacea,-51.00000000000,-24.00000000000
Myrsine coriacea,-46.73361100000,-23.98777800000
Myrsine coriacea,-46.73330000000,-23.98333300000
Myrsine coriacea,-48.87560000000,-23.98220000000
Myrsine coriacea,-46.25611100000,-23.98166700000
Myrsine coriacea,-46.37194400000,-23.97694400000
Myrsine coriacea,-47.10000000000,-23.96666700000
Myrsine coriacea,-51.08211100000,-23.96569400000
Myrsine coriacea,-47.50720000000,-23.96360000000
Myrsine coriacea,-51.15000000000,-23.95000000000
Myrsine coriacea,-51.14550000000,-23.93866700000
Myrsine coriacea,-51.15000000000,-23.93333300000
Myrsine coriacea,-65.80000000000,-23.92000000000
Myrsine coriacea,-51.22940000000,-23.90140000000
Myrsine coriacea,-46.72777800000,-23.89611100000
Myrsine coriacea,-51.15000000000,-23.88333300000
Myrsine coriacea,-47.99720000000,-23.87830000000
Myrsine coriacea,-47.99050143000,-23.87416463000
Myrsine coriacea,-49.13720000000,-23.86190000000
Myrsine coriacea,-46.13860000000,-23.85440000000
Myrsine coriacea,-56.18833000000,-23.79888000000
Myrsine coriacea,-45.30000000000,-23.75000000000
Myrsine coriacea,-45.76694400000,-23.73166700000
Myrsine coriacea,-48.58569400000,-23.71088300000
Myrsine coriacea,-47.07213400000,-23.70833200000
Myrsine coriacea,-45.61666700000,-23.68333300000
Myrsine coriacea,-46.53830000000,-23.66390000000
Myrsine coriacea,-45.81572200000,-23.63797200000
Myrsine coriacea,-45.69888900000,-23.63777800000
Myrsine coriacea,-45.86666000000,-23.63333000000
Myrsine coriacea,-45.50638900000,-23.62583300000
Myrsine coriacea,-45.41002217000,-23.62416769000
Myrsine coriacea,-45.41310000000,-23.62030000000
Myrsine coriacea,-46.85750000000,-23.59222200000
Myrsine coriacea,-46.70000000000,-23.58333300000
Myrsine coriacea,-46.46666700000,-23.58333300000
Myrsine coriacea,-45.58333300000,-23.58333300000
Myrsine coriacea,-46.46660000000,-23.58330000000
Myrsine coriacea,-46.03860000000,-23.57250000000
Myrsine coriacea,-51.09000000000,-23.57000000000
Myrsine coriacea,-46.63610000000,-23.54750000000
Myrsine coriacea,-46.63040635000,-23.54416359000
Myrsine coriacea,-45.84640000000,-23.53220000000
Myrsine coriacea,-47.13530000000,-23.52920000000
Myrsine coriacea,-48.73777800000,-23.50777800000
Myrsine coriacea,-50.64560000000,-23.49360000000
Myrsine coriacea,-46.13555600000,-23.46277800000
Myrsine coriacea,-46.76861100000,-23.45305600000
Myrsine coriacea,-46.76472200000,-23.45138900000
Myrsine coriacea,-46.76444400000,-23.45138900000
Myrsine coriacea,-48.41666700000,-23.45000000000
Myrsine coriacea,-46.64036100000,-23.44827800000
Myrsine coriacea,-45.07110000000,-23.43390000000
Myrsine coriacea,-46.48138900000,-23.42500000000
Myrsine coriacea,-48.35056000000,-23.42388900000
Myrsine coriacea,-47.68333300000,-23.38333300000
Myrsine coriacea,-45.07938700000,-23.38092200000
Myrsine coriacea,-44.80000000000,-23.36666700000
Myrsine coriacea,-44.96666700000,-23.35000000000
Myrsine coriacea,-44.86666700000,-23.35000000000
Myrsine coriacea,-51.16280000000,-23.31030000000
Myrsine coriacea,-44.78611100000,-23.30138900000
Myrsine coriacea,-51.27991700000,-23.29669400000
Myrsine coriacea,-51.38663900000,-23.26927800000
Myrsine coriacea,-45.00472200000,-23.23944400000
Myrsine coriacea,-58.39102400000,-23.23621100000
Myrsine coriacea,-46.93555600000,-23.23027800000
Myrsine coriacea,-44.71310000000,-23.21780000000
Myrsine coriacea,-58.16890000000,-23.20250000000
Myrsine coriacea,-46.88420000000,-23.18640000000
Myrsine coriacea,-46.86666700000,-23.18333300000
Myrsine coriacea,-45.88690000000,-23.17940000000
Myrsine coriacea,-45.81666700000,-23.15000000000
Myrsine coriacea,-56.71666700000,-23.13333300000
Myrsine coriacea,-46.92797200000,-23.11186100000
Myrsine coriacea,-47.71470000000,-23.10190000000
Myrsine coriacea,-48.61580000000,-23.10170000000
Myrsine coriacea,-45.93750000000,-23.07500000000
Myrsine coriacea,-44.95970000000,-23.07440000000
Myrsine coriacea,-44.95998979000,-23.07385995000
Myrsine coriacea,-48.52391700000,-23.04875000000
Myrsine coriacea,-48.52388900000,-23.04861100000
Myrsine coriacea,-48.18330000000,-23.03330000000
Myrsine coriacea,-46.27560000000,-22.93030000000
Myrsine coriacea,-46.32388900000,-22.91972200000
Myrsine coriacea,-43.20766855000,-22.90695982000
Myrsine coriacea,-47.06080000000,-22.90560000000
Myrsine coriacea,-45.96472200000,-22.89833300000
Myrsine coriacea,-49.22555600000,-22.83944400000
Myrsine coriacea,-48.66610000000,-22.80830000000
Myrsine coriacea,-45.18333300000,-22.80000000000
Myrsine coriacea,-46.44310000000,-22.79310000000
Myrsine coriacea,-48.12720000000,-22.78940000000
Myrsine coriacea,-46.14470000000,-22.75530000000
Myrsine coriacea,-45.50000000000,-22.75000000000
Myrsine coriacea,-45.59140000000,-22.73940000000
Myrsine coriacea,-46.66849200000,-22.69488600000
Myrsine coriacea,-42.39181200000,-22.65465646000
Myrsine coriacea,-44.57780000000,-22.64500000000
Myrsine coriacea,-44.65666700000,-22.64277800000
Myrsine coriacea,-46.52890000000,-22.59140000000
Myrsine coriacea,-45.32138900000,-22.57502800000
Myrsine coriacea,-45.32138900000,-22.57500000000
Myrsine coriacea,-42.50000000000,-22.55000000000
Myrsine coriacea,-42.28472200000,-22.54333300000
Myrsine coriacea,-44.77390000000,-22.53690000000
Myrsine coriacea,-43.00840000000,-22.53090000000
Myrsine coriacea,-45.28000000000,-22.50920000000
Myrsine coriacea,-44.56336132000,-22.49995142000
Myrsine coriacea,-45.03333300000,-22.48388900000
Myrsine coriacea,-42.91250000000,-22.48222000000
Myrsine coriacea,-44.44695327000,-22.47305117000
Myrsine coriacea,-48.98750000000,-22.46920000000
Myrsine coriacea,-42.50000000000,-22.46666000000
Myrsine coriacea,-43.15972200000,-22.43722200000
Myrsine coriacea,-47.56138900000,-22.41138900000
Myrsine coriacea,-48.65972000000,-22.40444000000
Myrsine coriacea,-44.96670000000,-22.39030000000
Myrsine coriacea,-44.82613900000,-22.37886100000
Myrsine coriacea,-44.81930600000,-22.37747200000
Myrsine coriacea,-44.81694400000,-22.37416700000
Myrsine coriacea,-46.94220000000,-22.37220000000
Myrsine coriacea,-44.70611100000,-22.37111100000
Myrsine coriacea,-42.53250000000,-22.32060000000
Myrsine coriacea,-42.53250000000,-22.32055600000
Myrsine coriacea,-42.28333300000,-22.31666700000
Myrsine coriacea,-44.76194400000,-22.29111100000
Myrsine coriacea,-42.53122129000,-22.28575032000
Myrsine coriacea,-48.12670000000,-22.28420000000
Myrsine coriacea,-44.71638900000,-22.26777800000
Myrsine coriacea,-48.04222200000,-22.26500000000
Myrsine coriacea,-64.53333000000,-22.20000000000
Myrsine coriacea,-48.05000000000,-22.20000000000
Myrsine coriacea,-64.43333000000,-22.16666000000
Myrsine coriacea,-42.48055600000,-22.14027800000
Myrsine coriacea,-43.82780000000,-22.08920000000
Myrsine coriacea,-64.41666000000,-22.08333000000
Myrsine coriacea,-47.89080000000,-22.01750000000
Myrsine coriacea,-64.58166000000,-22.01138000000
Myrsine coriacea,-42.50000000000,-22.00000000000
Myrsine coriacea,-42.05000000000,-22.00000000000
Myrsine coriacea,-48.78333300000,-21.91666700000
Myrsine coriacea,-49.39250000000,-21.86027800000
Myrsine coriacea,-46.56000000000,-21.84000000000
Myrsine coriacea,-41.87194400000,-21.82722200000
Myrsine coriacea,-47.41666700000,-21.81666700000
Myrsine coriacea,-64.23333000000,-21.80000000000
Myrsine coriacea,-64.29944000000,-21.79000000000
Myrsine coriacea,-64.21000000000,-21.74766000000
Myrsine coriacea,-43.89916700000,-21.71527800000
Myrsine coriacea,-43.00000000000,-21.71527800000
Myrsine coriacea,-42.91000000000,-21.70055600000
Myrsine coriacea,-42.89888900000,-21.70055600000
Myrsine coriacea,-63.66638900000,-21.67194400000
Myrsine coriacea,-63.63805500000,-21.65083300000
Myrsine coriacea,-43.66305600000,-21.64250000000
Myrsine coriacea,-44.10444400000,-21.60138900000
Myrsine coriacea,-64.21666000000,-21.46666000000
Myrsine coriacea,-64.26666000000,-21.41666000000
Myrsine coriacea,-47.30420000000,-21.27530000000
Myrsine coriacea,-43.77360000000,-21.22580000000
Myrsine coriacea,-43.21530000000,-21.15890000000
Myrsine coriacea,-47.26111100000,-21.15000000000
Myrsine coriacea,-47.76442700000,-21.12174300000
Myrsine coriacea,-47.15110000000,-21.08690000000
Myrsine coriacea,-47.15400000000,-21.08600000000
Myrsine coriacea,-43.80640000000,-20.95360000000
Myrsine coriacea,-64.34100000000,-20.92100000000
Myrsine coriacea,-41.54527800000,-20.91972200000
Myrsine coriacea,-64.33200000000,-20.90400000000
Myrsine coriacea,-56.05352800000,-20.86833300000
Myrsine coriacea,-46.61888900000,-20.85538900000
Myrsine coriacea,-42.65720000000,-20.84000000000
Myrsine coriacea,-64.37400000000,-20.83000000000
Myrsine coriacea,-64.37700000000,-20.82800000000
Myrsine coriacea,-42.18333300000,-20.80000000000
Myrsine coriacea,-51.68333300000,-20.78333300000
Myrsine coriacea,-41.53310000000,-20.76360000000
Myrsine coriacea,-42.86803100000,-20.76134300000
Myrsine coriacea,-42.86803100000,-20.76134280000
Myrsine coriacea,-42.88184388000,-20.75802404000
Myrsine coriacea,-64.53138000000,-20.75583000000
Myrsine coriacea,-42.88170000000,-20.75420000000
Myrsine coriacea,-42.88190000000,-20.75390000000
Myrsine coriacea,-49.31638900000,-20.70805600000
Myrsine coriacea,-64.33300000000,-20.70000000000
Myrsine coriacea,-41.76000200000,-20.69999700000
Myrsine coriacea,-41.84530000000,-20.68890000000
Myrsine coriacea,-42.52080000000,-20.66670000000
Myrsine coriacea,-43.78610000000,-20.66030000000
Myrsine coriacea,-41.90720000000,-20.65030000000
Myrsine coriacea,-64.14433000000,-20.64300000000
Myrsine coriacea,-41.18472200000,-20.60361100000
Myrsine coriacea,-41.66720000000,-20.54140000000
Myrsine coriacea,-41.90440000000,-20.52310000000
Myrsine coriacea,-43.02069400000,-20.52258300000
Myrsine coriacea,-43.69190000000,-20.52080000000
Myrsine coriacea,-41.08750000000,-20.51944400000
Myrsine coriacea,-41.73472200000,-20.50361100000
Myrsine coriacea,-41.97138900000,-20.49805600000
Myrsine coriacea,-41.83261100000,-20.48011100000
Myrsine coriacea,-43.86361100000,-20.44361100000
Myrsine coriacea,-41.86830000000,-20.43330000000
Myrsine coriacea,-41.09377800000,-20.41100000000
Myrsine coriacea,-43.41610000000,-20.37780000000
Myrsine coriacea,-64.00750000000,-20.36361100000
Myrsine coriacea,-41.47305600000,-20.34580000000
Myrsine coriacea,-41.75998500000,-20.34001600000
Myrsine coriacea,-64.43000000000,-20.33916000000
Myrsine coriacea,-40.83500000000,-20.29111100000
Myrsine coriacea,-43.50810000000,-20.28750000000
Myrsine coriacea,-43.57859400000,-20.25558600000
Myrsine coriacea,-43.80140000000,-20.25330000000
Myrsine coriacea,-43.60500000000,-20.19722200000
Myrsine coriacea,-43.43222200000,-20.19722200000
Myrsine coriacea,-43.60527800000,-20.19222200000
Myrsine coriacea,-43.59083300000,-20.17305600000
Myrsine coriacea,-40.31996900000,-20.15998400000
Myrsine coriacea,-43.42083300000,-20.13833300000
Myrsine coriacea,-40.55569400000,-20.12861100000
Myrsine coriacea,-40.59266700000,-20.11000000000
Myrsine coriacea,-43.41944400000,-20.10361100000
Myrsine coriacea,-43.96666700000,-20.09888900000
Myrsine coriacea,-40.44000000000,-20.09805600000
Myrsine coriacea,-40.57472200000,-20.08277800000
Myrsine coriacea,-43.40750000000,-20.07470000000
Myrsine coriacea,-40.69722200000,-20.04333300000
Myrsine coriacea,-40.74610000000,-20.04060000000
Myrsine coriacea,-64.33330000000,-20.00000000000
Myrsine coriacea,-40.75750000000,-19.97361100000
Myrsine coriacea,-40.53027800000,-19.97138900000
Myrsine coriacea,-40.53333300000,-19.96666700000
Myrsine coriacea,-43.90222200000,-19.94944400000
Myrsine coriacea,-40.61666700000,-19.93611100000
Myrsine coriacea,-40.50694400000,-19.93611100000
Myrsine coriacea,-40.60000000000,-19.93583300000
Myrsine coriacea,-40.60030000000,-19.93560000000
Myrsine coriacea,-40.40638900000,-19.93277800000
Myrsine coriacea,-64.23222000000,-19.92777000000
Myrsine coriacea,-40.63555600000,-19.92555600000
Myrsine coriacea,-40.65000000000,-19.91555600000
Myrsine coriacea,-40.47222200000,-19.91416700000
Myrsine coriacea,-40.55305600000,-19.90750000000
Myrsine coriacea,-43.36533300000,-19.89255600000
Myrsine coriacea,-43.91597200000,-19.89161100000
Myrsine coriacea,-40.37694400000,-19.88944400000
Myrsine coriacea,-40.82472200000,-19.88888900000
Myrsine coriacea,-40.38333300000,-19.88333300000
Myrsine coriacea,-64.88330000000,-19.85160000000
Myrsine coriacea,-64.11083300000,-19.84972200000
Myrsine coriacea,-40.36970000000,-19.83190000000
Myrsine coriacea,-40.27330000000,-19.82030000000
Myrsine coriacea,-42.54305600000,-19.80500000000
Myrsine coriacea,-64.03333300000,-19.78333300000
Myrsine coriacea,-40.38560000000,-19.75750000000
Myrsine coriacea,-42.62388900000,-19.75166700000
Myrsine coriacea,-43.03750000000,-19.75000000000
Myrsine coriacea,-64.47805000000,-19.74972000000
Myrsine coriacea,-46.90504400000,-19.67446400000
Myrsine coriacea,-64.51888900000,-19.65972200000
Myrsine coriacea,-43.22690000000,-19.61920000000
Myrsine coriacea,-63.90750000000,-19.57583000000
Myrsine coriacea,-64.33216000000,-19.56666000000
Myrsine coriacea,-63.91472000000,-19.55500000000
Myrsine coriacea,-64.33194500000,-19.55027800000
Myrsine coriacea,-64.33166000000,-19.55000000000
Myrsine coriacea,-63.91100000000,-19.54075000000
Myrsine coriacea,-43.74500000000,-19.51360000000
Myrsine coriacea,-43.83300000000,-19.49752800000
Myrsine coriacea,-44.01516700000,-19.47719400000
Myrsine coriacea,-43.43133300000,-19.41444400000
Myrsine coriacea,-40.07220000000,-19.39110000000
Myrsine coriacea,-43.58333300000,-19.38333300000
Myrsine coriacea,-45.49797200000,-19.25761100000
Myrsine coriacea,-45.49602800000,-19.25750000000
Myrsine coriacea,-43.50733300000,-19.21786100000
Myrsine coriacea,-43.51083300000,-19.21494400000
Myrsine coriacea,-64.28133000000,-19.20500000000
Myrsine coriacea,-63.84444000000,-19.15833000000
Myrsine coriacea,-40.06385400000,-19.13894300000
Myrsine coriacea,-64.19083300000,-19.13500000000
Myrsine coriacea,-64.17447200000,-19.08852800000
Myrsine coriacea,-43.42500000000,-19.03720000000
Myrsine coriacea,-64.33750000000,-19.01361100000
Myrsine coriacea,-64.02222200000,-18.99750000000
Myrsine coriacea,-64.29361000000,-18.98916000000
Myrsine coriacea,-64.30000000000,-18.98333000000
Myrsine coriacea,-64.30333000000,-18.96833000000
Myrsine coriacea,-46.99361100000,-18.94472200000
Myrsine coriacea,-64.09166700000,-18.93638900000
Myrsine coriacea,-64.07305600000,-18.89027800000
Myrsine coriacea,-64.07861100000,-18.87277800000
Myrsine coriacea,-63.91666000000,-18.83330000000
Myrsine coriacea,-63.88583000000,-18.83138000000
Myrsine coriacea,-63.88194400000,-18.80777800000
Myrsine coriacea,-39.75250000000,-18.76583300000
Myrsine coriacea,-63.90111100000,-18.74611100000
Myrsine coriacea,-63.90000000000,-18.74250000000
Myrsine coriacea,-64.11666000000,-18.73333000000
Myrsine coriacea,-43.38333300000,-18.63333300000
Myrsine coriacea,-63.75722200000,-18.62250000000
Myrsine coriacea,-43.37937537000,-18.60848430000
Myrsine coriacea,-43.37920000000,-18.60470000000
Myrsine coriacea,-64.10305600000,-18.58555500000
Myrsine coriacea,-63.77527800000,-18.57888900000
Myrsine coriacea,-64.10444400000,-18.57333300000
Myrsine coriacea,-43.41444400000,-18.55722200000
Myrsine coriacea,-63.98194400000,-18.55444400000
Myrsine coriacea,-63.95638900000,-18.53277800000
Myrsine coriacea,-64.09750000000,-18.53166000000
Myrsine coriacea,-64.12500000000,-18.50583300000
Myrsine coriacea,-64.12388900000,-18.50472200000
Myrsine coriacea,-64.11500000000,-18.50055600000
Myrsine coriacea,-64.10694400000,-18.48972200000
Myrsine coriacea,-64.14694400000,-18.48694400000
Myrsine coriacea,-63.82416700000,-18.40194400000
Myrsine coriacea,-63.92361100000,-18.35000000000
Myrsine coriacea,-64.67638900000,-18.33194400000
Myrsine coriacea,-63.66016000000,-18.25966000000
Myrsine coriacea,-63.66888900000,-18.25722200000
Myrsine coriacea,-64.66666700000,-18.25000000000
Myrsine coriacea,-63.66666700000,-18.25000000000
Myrsine coriacea,-63.65000000000,-18.24222200000
Myrsine coriacea,-63.86805000000,-18.20000000000
Myrsine coriacea,-63.82138900000,-18.17805600000
Myrsine coriacea,-63.67500000000,-18.15416700000
Myrsine coriacea,-63.58333000000,-18.13333000000
Myrsine coriacea,-63.58000000000,-18.13000000000
Myrsine coriacea,-63.79170000000,-18.12000000000
Myrsine coriacea,-63.95000000000,-18.10833000000
Myrsine coriacea,-63.93000000000,-18.10000000000
Myrsine coriacea,-63.91666700000,-18.06666700000
Myrsine coriacea,-64.40000000000,-17.95000000000
Myrsine coriacea,-64.28472000000,-17.91805000000
Myrsine coriacea,-64.41666000000,-17.91666000000
Myrsine coriacea,-63.44472000000,-17.90222000000
Myrsine coriacea,-63.47583000000,-17.88916000000
Myrsine coriacea,-63.46416000000,-17.88833000000
Myrsine coriacea,-64.41666000000,-17.88333000000
Myrsine coriacea,-64.26666000000,-17.88333000000
Myrsine coriacea,-64.24388000000,-17.87277000000
Myrsine coriacea,-64.23472000000,-17.86805000000
Myrsine coriacea,-64.25111000000,-17.85138000000
Myrsine coriacea,-64.53333000000,-17.85000000000
Myrsine coriacea,-64.69833000000,-17.83666000000
Myrsine coriacea,-65.23333000000,-17.83333000000
Myrsine coriacea,-64.33333000000,-17.83333000000
Myrsine coriacea,-64.69166000000,-17.82750000000
Myrsine coriacea,-59.97583000000,-17.82222000000
Myrsine coriacea,-64.61027000000,-17.82027000000
Myrsine coriacea,-64.61805000000,-17.81805000000
Myrsine coriacea,-64.53472000000,-17.81805000000
Myrsine coriacea,-64.67972000000,-17.81777000000
Myrsine coriacea,-64.37888900000,-17.81388900000
Myrsine coriacea,-64.25000000000,-17.80000000000
Myrsine coriacea,-64.79416000000,-17.78305000000
Myrsine coriacea,-64.79777000000,-17.78111000000
Myrsine coriacea,-64.80883000000,-17.77166000000
Myrsine coriacea,-64.71472000000,-17.76416000000
Myrsine coriacea,-64.81194000000,-17.76083000000
Myrsine coriacea,-65.16660000000,-17.75500000000
Myrsine coriacea,-64.73333000000,-17.73333000000
Myrsine coriacea,-64.71805000000,-17.70277000000
Myrsine coriacea,-61.50000000000,-17.50000000000
Myrsine coriacea,-65.27300000000,-17.49583000000
Myrsine coriacea,-66.04000000000,-17.40972200000
Myrsine coriacea,-50.83333300000,-17.25000000000
Myrsine coriacea,-65.81666700000,-17.23333300000
Myrsine coriacea,-65.83166000000,-17.18766000000
Myrsine coriacea,-39.33333300000,-17.18333300000
Myrsine coriacea,-65.75277000000,-17.17472000000
Myrsine coriacea,-65.80555000000,-17.17361000000
Myrsine coriacea,-65.64083000000,-17.14055000000
Myrsine coriacea,-65.93166000000,-17.10633000000
Myrsine coriacea,-65.65371400000,-17.01205700000
Myrsine coriacea,-66.21888000000,-16.92416000000
Myrsine coriacea,-67.33333000000,-16.83333000000
Myrsine coriacea,-67.33000000000,-16.83000000000
Myrsine coriacea,-67.25000000000,-16.80000000000
Myrsine coriacea,-47.91666700000,-16.80000000000
Myrsine coriacea,-67.41666000000,-16.76666000000
Myrsine coriacea,-67.28333000000,-16.75000000000
Myrsine coriacea,-64.43500000000,-16.72610000000
Myrsine coriacea,-64.67083000000,-16.71472000000
Myrsine coriacea,-67.33333000000,-16.70000000000
Myrsine coriacea,-66.70883000000,-16.69433000000
Myrsine coriacea,-48.02060000000,-16.68090000000
Myrsine coriacea,-67.33333000000,-16.66666000000
Myrsine coriacea,-67.30000000000,-16.63333000000
Myrsine coriacea,-42.81666700000,-16.53333300000
Myrsine coriacea,-42.81666000000,-16.53333000000
Myrsine coriacea,-67.46666000000,-16.46666000000
Myrsine coriacea,-39.05000000000,-16.43333300000
Myrsine coriacea,-39.56666700000,-16.36666700000
Myrsine coriacea,-67.53333000000,-16.36666000000
Myrsine coriacea,-67.51666000000,-16.35000000000
Myrsine coriacea,-67.50000000000,-16.35000000000
Myrsine coriacea,-67.60777800000,-16.33805500000
Myrsine coriacea,-67.53333000000,-16.33333000000
Myrsine coriacea,-68.11666000000,-16.31666000000
Myrsine coriacea,-48.40917000000,-16.31139000000
Myrsine coriacea,-67.90000000000,-16.30000000000
Myrsine coriacea,-67.88333000000,-16.30000000000
Myrsine coriacea,-67.80000000000,-16.30000000000
Myrsine coriacea,-67.85000000000,-16.26666000000
Myrsine coriacea,-67.81666000000,-16.26666000000
Myrsine coriacea,-67.78333000000,-16.26666000000
Myrsine coriacea,-67.83183000000,-16.23883000000
Myrsine coriacea,-67.78333300000,-16.23333300000
Myrsine coriacea,-67.78333000000,-16.23333000000
Myrsine coriacea,-66.40000000000,-16.21666700000
Myrsine coriacea,-67.71666000000,-16.20000000000
Myrsine coriacea,-67.71666000000,-16.18333000000
Myrsine coriacea,-68.50000000000,-16.16666000000
Myrsine coriacea,-68.11666700000,-16.15000000000
Myrsine coriacea,-68.11666000000,-16.15000000000
Myrsine coriacea,-68.10000000000,-16.13333300000
Myrsine coriacea,-68.10000000000,-16.13333000000
Myrsine coriacea,-68.83330000000,-16.11666000000
Myrsine coriacea,-67.78333000000,-16.11666000000
Myrsine coriacea,-68.06666000000,-16.10000000000
Myrsine coriacea,-48.27000000000,-16.08000000000
Myrsine coriacea,-68.01666700000,-16.05000000000
Myrsine coriacea,-47.89472200000,-15.99250000000
Myrsine coriacea,-47.89466000000,-15.99250000000
Myrsine coriacea,-47.88527800000,-15.94472200000
Myrsine coriacea,-48.00305600000,-15.91111100000
Myrsine coriacea,-47.84125800000,-15.88289400000
Myrsine coriacea,-47.85000000000,-15.86666700000
Myrsine coriacea,-68.11666000000,-15.86666000000
Myrsine coriacea,-47.81666700000,-15.85000000000
Myrsine coriacea,-41.38500000000,-15.81433300000
Myrsine coriacea,-47.92987267000,-15.78342081000
Myrsine coriacea,-47.63777800000,-15.76527800000
Myrsine coriacea,-47.63777700000,-15.76527700000
Myrsine coriacea,-68.01000000000,-15.75000000000
Myrsine coriacea,-68.37908300000,-15.65564900000
Myrsine coriacea,-68.37692400000,-15.65426300000
Myrsine coriacea,-68.37719000000,-15.65193000000
Myrsine coriacea,-67.56666000000,-15.58333000000
Myrsine coriacea,-68.39358300000,-15.55327800000
Myrsine coriacea,-55.74970000000,-15.46060000000
Myrsine coriacea,-39.56527800000,-15.39166700000
Myrsine coriacea,-68.50183000000,-15.35966000000
Myrsine coriacea,-68.51666700000,-15.33333300000
Myrsine coriacea,-68.51666000000,-15.33333000000
Myrsine coriacea,-68.20000000000,-15.31666000000
Myrsine coriacea,-68.22333700000,-15.30899600000
Myrsine coriacea,-68.21136500000,-15.29691800000
Myrsine coriacea,-40.57472200000,-15.26472200000
Myrsine coriacea,-40.57470000000,-15.26470000000
Myrsine coriacea,-40.57466000000,-15.26466000000
Myrsine coriacea,-68.64722000000,-15.23416000000
Myrsine coriacea,-68.63694000000,-15.21250000000
Myrsine coriacea,-68.63000000000,-15.21000000000
Myrsine coriacea,-68.76200000000,-15.20591700000
Myrsine coriacea,-68.76138900000,-15.20577800000
Myrsine coriacea,-68.76255600000,-15.20563900000
Myrsine coriacea,-68.75202800000,-15.20538900000
Myrsine coriacea,-68.76294400000,-15.20405600000
Myrsine coriacea,-68.75513900000,-15.20302800000
Myrsine coriacea,-68.76280600000,-15.20102800000
Myrsine coriacea,-68.76047200000,-15.20013900000
Myrsine coriacea,-68.64333000000,-15.19472000000
Myrsine coriacea,-68.88555000000,-15.19000000000
Myrsine coriacea,-68.87000000000,-15.18000000000
Myrsine coriacea,-68.89611000000,-15.17555000000
Myrsine coriacea,-68.87880600000,-15.13172200000
Myrsine coriacea,-68.89019400000,-15.12791700000
Myrsine coriacea,-68.89255500000,-15.12302800000
Myrsine coriacea,-68.89633300000,-15.11675000000
Myrsine coriacea,-68.91813900000,-15.11255600000
Myrsine coriacea,-68.92241700000,-15.10861100000
Myrsine coriacea,-68.92491700000,-15.10669400000
Myrsine coriacea,-68.85361100000,-14.88722200000
Myrsine coriacea,-68.85333300000,-14.88722200000
Myrsine coriacea,-68.77727800000,-14.88427800000
Myrsine coriacea,-68.78150000000,-14.88319400000
Myrsine coriacea,-68.77033300000,-14.88100000000
Myrsine coriacea,-68.45194000000,-14.84694000000
Myrsine coriacea,-69.01916700000,-14.78805500000
Myrsine coriacea,-69.00000000000,-14.78333000000
Myrsine coriacea,-69.01433300000,-14.78275000000
Myrsine coriacea,-69.02069400000,-14.78243500000
Myrsine coriacea,-69.01550300000,-14.77880900000
Myrsine coriacea,-68.98533300000,-14.77680600000
Myrsine coriacea,-69.01509900000,-14.77659200000
Myrsine coriacea,-68.97058300000,-14.77641700000
Myrsine coriacea,-68.98894400000,-14.77600000000
Myrsine coriacea,-68.98911100000,-14.77558300000
Myrsine coriacea,-69.00916000000,-14.77555000000
Myrsine coriacea,-68.96647200000,-14.77291700000
Myrsine coriacea,-68.97495200000,-14.77276000000
Myrsine coriacea,-68.98750000000,-14.77250000000
Myrsine coriacea,-68.97158800000,-14.77209600000
Myrsine coriacea,-39.22736600000,-14.77187400000
Myrsine coriacea,-68.98235000000,-14.77162800000
Myrsine coriacea,-68.63405500000,-14.77072200000
Myrsine coriacea,-68.97073800000,-14.76791500000
Myrsine coriacea,-68.98813900000,-14.76638900000
Myrsine coriacea,-68.98747200000,-14.76630600000
Myrsine coriacea,-68.98730500000,-14.76627800000
Myrsine coriacea,-68.98641700000,-14.76516700000
Myrsine coriacea,-68.98638900000,-14.76500000000
Myrsine coriacea,-68.96409700000,-14.76112100000
Myrsine coriacea,-68.96362600000,-14.75925800000
Myrsine coriacea,-68.95550000000,-14.75813900000
Myrsine coriacea,-68.96083300000,-14.75798700000
Myrsine coriacea,-68.95702800000,-14.75555600000
Myrsine coriacea,-68.45138000000,-14.74888000000
Myrsine coriacea,-68.94563900000,-14.74594400000
Myrsine coriacea,-68.94225000000,-14.74213900000
Myrsine coriacea,-47.52470000000,-14.70560000000
Myrsine coriacea,-67.65305000000,-14.68916000000
Myrsine coriacea,-69.02861100000,-14.68611100000
Myrsine coriacea,-68.99611000000,-14.68555000000
Myrsine coriacea,-69.02250000000,-14.68194400000
Myrsine coriacea,-69.02263900000,-14.68191700000
Myrsine coriacea,-69.02222200000,-14.68083300000
Myrsine coriacea,-68.91666700000,-14.66666700000
Myrsine coriacea,-68.57666000000,-14.65444000000
Myrsine coriacea,-68.95833300000,-14.62750000000
Myrsine coriacea,-68.95822200000,-14.62727800000
Myrsine coriacea,-68.95166700000,-14.61805600000
Myrsine coriacea,-68.95388900000,-14.61638900000
Myrsine coriacea,-68.94811100000,-14.61336100000
Myrsine coriacea,-68.94805500000,-14.61333300000
Myrsine coriacea,-68.77694000000,-14.61277000000
Myrsine coriacea,-68.95250000000,-14.61111000000
Myrsine coriacea,-68.71694400000,-14.60416700000
Myrsine coriacea,-68.71305600000,-14.60166700000
Myrsine coriacea,-68.93138900000,-14.59805500000
Myrsine coriacea,-68.93277000000,-14.59694000000
Myrsine coriacea,-68.93500000000,-14.59583300000
Myrsine coriacea,-68.76000000000,-14.59000000000
Myrsine coriacea,-68.76394400000,-14.58202800000
Myrsine coriacea,-68.77166700000,-14.57805600000
Myrsine coriacea,-69.09583000000,-14.57694000000
Myrsine coriacea,-68.90888000000,-14.57666000000
Myrsine coriacea,-68.28694000000,-14.52444000000
Myrsine coriacea,-68.29388000000,-14.52277000000
Myrsine coriacea,-68.30388000000,-14.52027000000
Myrsine coriacea,-68.23277800000,-14.50000000000
Myrsine coriacea,-68.24333300000,-14.49972200000
Myrsine coriacea,-68.24916700000,-14.49750000000
Myrsine coriacea,-68.24930500000,-14.49727800000
Myrsine coriacea,-68.26388900000,-14.49583300000
Myrsine coriacea,-68.24694400000,-14.49444400000
Myrsine coriacea,-68.18861000000,-14.46333000000
Myrsine coriacea,-68.19388000000,-14.45111000000
Myrsine coriacea,-68.19611000000,-14.45055000000
Myrsine coriacea,-68.18694000000,-14.44833000000
Myrsine coriacea,-68.18666000000,-14.44777000000
Myrsine coriacea,-39.06170000000,-14.42310000000
Myrsine coriacea,-39.08333300000,-14.41666700000
Myrsine coriacea,-39.01666700000,-14.41666700000
Myrsine coriacea,-40.12083300000,-14.40722200000
Myrsine coriacea,-39.67083300000,-13.87916700000
Myrsine coriacea,-41.30000000000,-13.58333300000
Myrsine coriacea,-39.69602800000,-13.57119400000
Myrsine coriacea,-40.43057791000,-13.44477683000
Myrsine coriacea,-70.75000000000,-13.21666000000
Myrsine coriacea,-72.55000000000,-13.20000000000
Myrsine coriacea,-72.54305000000,-13.19444000000
Myrsine coriacea,-72.33055000000,-13.18055000000
Myrsine coriacea,-72.51972000000,-13.17583000000
Myrsine coriacea,-39.15000000000,-13.16666700000
Myrsine coriacea,-72.53138000000,-13.15833000000
Myrsine coriacea,-72.50777000000,-13.15055000000
Myrsine coriacea,-72.51666000000,-13.15000000000
Myrsine coriacea,-72.50000000000,-13.15000000000
Myrsine coriacea,-72.30444000000,-13.13888000000
Myrsine coriacea,-72.61444000000,-13.12638000000
Myrsine coriacea,-72.62500000000,-13.12305000000
Myrsine coriacea,-73.05000000000,-13.08333000000
Myrsine coriacea,-71.16666000000,-13.08333000000
Myrsine coriacea,-72.36666000000,-13.06666000000
Myrsine coriacea,-72.92694000000,-13.06250000000
Myrsine coriacea,-72.28888000000,-13.05833000000
Myrsine coriacea,-72.43333000000,-13.05666000000
Myrsine coriacea,-72.93333000000,-13.05000000000
Myrsine coriacea,-72.26666000000,-13.03333000000
Myrsine coriacea,-72.55000000000,-13.00000000000
Myrsine coriacea,-72.01666000000,-13.00000000000
Myrsine coriacea,-70.00000000000,-13.00000000000
Myrsine coriacea,-72.06222000000,-12.98416000000
Myrsine coriacea,-72.03666000000,-12.98000000000
Myrsine coriacea,-72.03583000000,-12.97944000000
Myrsine coriacea,-72.77944000000,-12.94777000000
Myrsine coriacea,-72.83888000000,-12.94555000000
Myrsine coriacea,-72.81250000000,-12.90861000000
Myrsine coriacea,-72.78027000000,-12.90500000000
Myrsine coriacea,-72.61833000000,-12.90361000000
Myrsine coriacea,-73.15277000000,-12.84166000000
Myrsine coriacea,-39.46666700000,-12.83333300000
Myrsine coriacea,-39.46666000000,-12.83333000000
Myrsine coriacea,-39.47000000000,-12.83000000000
Myrsine coriacea,-73.14944000000,-12.81638000000
Myrsine coriacea,-73.06638000000,-12.81444000000
Myrsine coriacea,-72.24833000000,-12.62472000000
Myrsine coriacea,-72.24444400000,-12.62277800000
Myrsine coriacea,-72.24138000000,-12.62222000000
Myrsine coriacea,-72.23000000000,-12.62166000000
Myrsine coriacea,-72.22083000000,-12.61194000000
Myrsine coriacea,-72.38916000000,-12.59305000000
Myrsine coriacea,-72.22777000000,-12.59083000000
Myrsine coriacea,-41.51472200000,-12.57166700000
Myrsine coriacea,-41.43333300000,-12.55000000000
Myrsine coriacea,-41.38333300000,-12.53333300000
Myrsine coriacea,-72.36666000000,-12.53333000000
Myrsine coriacea,-73.50000000000,-12.50000000000
Myrsine coriacea,-72.50000000000,-12.50000000000
Myrsine coriacea,-72.31666000000,-12.50000000000
Myrsine coriacea,-72.48333000000,-12.47861000000
Myrsine coriacea,-72.00000000000,-12.46666000000
Myrsine coriacea,-72.35000000000,-12.45000000000
Myrsine coriacea,-72.16666000000,-12.45000000000
Myrsine coriacea,-41.46666700000,-12.45000000000
Myrsine coriacea,-41.45000000000,-12.45000000000
Myrsine coriacea,-40.53722200000,-12.41722200000
Myrsine coriacea,-72.51666000000,-12.41666000000
Myrsine coriacea,-40.47611100000,-12.32861100000
Myrsine coriacea,-40.47610000000,-12.32860000000
Myrsine coriacea,-72.30000000000,-12.30000000000
Myrsine coriacea,-50.88694400000,-11.86416700000
Myrsine coriacea,-40.75000000000,-11.81666700000
Myrsine coriacea,-41.16612200000,-11.53252500000
Myrsine coriacea,-40.53555600000,-11.38833300000
Myrsine coriacea,-40.48527800000,-11.15138900000
Myrsine coriacea,-75.00000000000,-11.00000000000
Myrsine coriacea,-52.87310000000,-10.83390000000
Myrsine coriacea,-74.91666000000,-10.75000000000
Myrsine coriacea,-74.38333000000,-10.75000000000
Myrsine coriacea,-75.30000000000,-10.73333000000
Myrsine coriacea,-40.37916700000,-10.69305600000
Myrsine coriacea,-75.45166000000,-10.65138000000
Myrsine coriacea,-75.50500000000,-10.64722000000
Myrsine coriacea,-75.45000000000,-10.63333000000
Myrsine coriacea,-75.36666000000,-10.63333000000
Myrsine coriacea,-75.18333000000,-10.63333000000
Myrsine coriacea,-75.29222200000,-10.63250000000
Myrsine coriacea,-75.31305000000,-10.63111000000
Myrsine coriacea,-75.40000000000,-10.56670000000
Myrsine coriacea,-75.36666000000,-10.56666000000
Myrsine coriacea,-75.35277000000,-10.53944000000
Myrsine coriacea,-75.35000000000,-10.53333000000
Myrsine coriacea,-75.34972000000,-10.53166000000
Myrsine coriacea,-75.35444000000,-10.52694000000
Myrsine coriacea,-75.33333000000,-10.50000000000
Myrsine coriacea,-75.33694000000,-10.47361000000
Myrsine coriacea,-75.43777000000,-10.44305000000
Myrsine coriacea,-75.43111100000,-10.44000000000
Myrsine coriacea,-75.48861100000,-10.40222200000
Myrsine coriacea,-75.18333000000,-10.40000000000
Myrsine coriacea,-75.48194000000,-10.39583000000
Myrsine coriacea,-75.48222000000,-10.39555000000
Myrsine coriacea,-75.47666000000,-10.39388000000
Myrsine coriacea,-75.47388000000,-10.38888000000
Myrsine coriacea,-75.61666000000,-10.38333000000
Myrsine coriacea,-75.45000000000,-10.38333000000
Myrsine coriacea,-75.46777800000,-10.37583300000
Myrsine coriacea,-75.61333000000,-10.37583000000
Myrsine coriacea,-75.46777000000,-10.37555000000
Myrsine coriacea,-75.46750000000,-10.37555000000
Myrsine coriacea,-75.64361000000,-10.37500000000
Myrsine coriacea,-75.65000000000,-10.36666000000
Myrsine coriacea,-75.46666000000,-10.36666000000
Myrsine coriacea,-75.66305000000,-10.36583000000
Myrsine coriacea,-75.67722000000,-10.36111000000
Myrsine coriacea,-75.67716000000,-10.36100000000
Myrsine coriacea,-75.64333300000,-10.33611100000
Myrsine coriacea,-75.66666000000,-10.33333000000
Myrsine coriacea,-75.60777800000,-10.31805600000
Myrsine coriacea,-75.60777000000,-10.31805000000
Myrsine coriacea,-75.61555600000,-10.29944400000
Myrsine coriacea,-75.60972000000,-10.29944000000
Myrsine coriacea,-75.51805600000,-10.29166700000
Myrsine coriacea,-75.25000000000,-10.26666000000
Myrsine coriacea,-75.26666000000,-10.25000000000
Myrsine coriacea,-75.25000000000,-10.25000000000
Myrsine coriacea,-75.36666000000,-10.21666000000
Myrsine coriacea,-75.38333000000,-10.20000000000
Myrsine coriacea,-75.36666000000,-10.20000000000
Myrsine coriacea,-55.00000000000,-10.00000000000
Myrsine coriacea,-76.08333000000,-9.73333000000
Myrsine coriacea,-75.83330000000,-9.50000000000
Myrsine coriacea,-36.67111100000,-9.37694400000
Myrsine coriacea,-36.40158900000,-9.22368000000
Myrsine coriacea,-74.14000000000,-9.18390000000
Myrsine coriacea,-74.37556000000,-9.16389000000
Myrsine coriacea,-67.36333300000,-8.37500000000
Myrsine coriacea,-77.35000000000,-7.45000000000
Myrsine coriacea,-77.83333000000,-7.35000000000
Myrsine coriacea,-77.00000000000,-7.00000000000
Myrsine coriacea,-77.72283300000,-6.98605500000
Myrsine coriacea,-77.89898300000,-6.92228300000
Myrsine coriacea,-77.89725000000,-6.91863900000
Myrsine coriacea,-77.71691700000,-6.81781700000
Myrsine coriacea,-77.80000000000,-6.81666000000
Myrsine coriacea,-77.88000000000,-6.73000000000
Myrsine coriacea,-77.35000000000,-6.60000000000
Myrsine coriacea,-77.79194400000,-6.59861100000
Myrsine coriacea,-79.51666000000,-6.50000000000
Myrsine coriacea,-79.05000000000,-6.50000000000
Myrsine coriacea,-78.62000000000,-6.48000000000
Myrsine coriacea,-78.63333000000,-6.46666000000
Myrsine coriacea,-79.02000000000,-6.40000000000
Myrsine coriacea,-77.96472000000,-6.39527000000
Myrsine coriacea,-78.00000000000,-6.38000000000
Myrsine coriacea,-77.50777000000,-6.37722000000
Myrsine coriacea,-76.77260000000,-6.27410000000
Myrsine coriacea,-76.99266000000,-6.25500000000
Myrsine coriacea,-78.83330000000,-6.25000000000
Myrsine coriacea,-77.66666000000,-6.25000000000
Myrsine coriacea,-77.59694000000,-6.23638000000
Myrsine coriacea,-78.66666000000,-6.16666000000
Myrsine coriacea,-78.35250000000,-6.14361100000
Myrsine coriacea,-78.33416000000,-6.13472000000
Myrsine coriacea,-78.36333000000,-6.07916000000
Myrsine coriacea,-77.23000000000,-6.07000000000
Myrsine coriacea,-77.68305000000,-6.04583000000
Myrsine coriacea,-79.25000000000,-6.00000000000
Myrsine coriacea,-79.16666000000,-6.00000000000
Myrsine coriacea,-77.91666000000,-5.88333000000
Myrsine coriacea,-77.96305000000,-5.83638000000
Myrsine coriacea,-77.86666000000,-5.83333000000
Myrsine coriacea,-79.26722000000,-5.29166000000
Myrsine coriacea,-78.67444000000,-5.27000000000
Myrsine coriacea,-78.91666000000,-5.25000000000
Myrsine coriacea,-78.93333000000,-5.18333000000
Myrsine coriacea,-78.73861000000,-5.16055000000
Myrsine coriacea,-79.03527000000,-5.12666000000
Myrsine coriacea,-78.88333000000,-5.07722000000
Myrsine coriacea,-79.72000000000,-5.07000000000
Myrsine coriacea,-78.81083000000,-5.06055000000
Myrsine coriacea,-78.90000000000,-5.01666000000
Myrsine coriacea,-78.90250000000,-5.01194000000
Myrsine coriacea,-78.90416000000,-4.99027000000
Myrsine coriacea,-78.90138000000,-4.99027000000
Myrsine coriacea,-78.88333000000,-4.98333000000
Myrsine coriacea,-78.88333000000,-4.97138000000
Myrsine coriacea,-78.83333000000,-4.91666000000
Myrsine coriacea,-79.01833300000,-4.63055600000
Myrsine coriacea,-79.38000000000,-4.57000000000
Myrsine coriacea,-79.38333000000,-4.56666000000
Myrsine coriacea,-79.38300000000,-4.56600000000
Myrsine coriacea,-79.13638900000,-4.48972200000
Myrsine coriacea,-79.13638900000,-4.48888900000
Myrsine coriacea,-79.13638000000,-4.48888000000
Myrsine coriacea,-79.15000000000,-4.46666700000
Myrsine coriacea,-79.16666000000,-4.46666000000
Myrsine coriacea,-79.15000000000,-4.46666000000
Myrsine coriacea,-79.16600000000,-4.46600000000
Myrsine coriacea,-79.15000000000,-4.46600000000
Myrsine coriacea,-79.16666000000,-4.45000000000
Myrsine coriacea,-79.13333000000,-4.38333000000
Myrsine coriacea,-79.11666000000,-4.38333000000
Myrsine coriacea,-79.13300000000,-4.38300000000
Myrsine coriacea,-79.11600000000,-4.38300000000
Myrsine coriacea,-78.91666000000,-4.25000000000
Myrsine coriacea,-78.83330000000,-4.25000000000
Myrsine coriacea,-79.16666000000,-4.11666000000
Myrsine coriacea,-79.18777800000,-4.11055600000
Myrsine coriacea,-79.16666000000,-4.08333000000
Myrsine coriacea,-79.16600000000,-4.08300000000
Myrsine coriacea,-78.94639000000,-4.06472000000
Myrsine coriacea,-79.25750000000,-4.01250000000
Myrsine coriacea,-79.07055000000,-3.97638000000
Myrsine coriacea,-79.33333000000,-3.96666000000
Myrsine coriacea,-79.11666000000,-3.96666000000
Myrsine coriacea,-79.06666000000,-3.96666000000
Myrsine coriacea,-79.26444400000,-3.94777800000
Myrsine coriacea,-79.26444000000,-3.94777000000
Myrsine coriacea,-79.15000000000,-3.91666000000
Myrsine coriacea,-79.33694000000,-3.82694000000
Myrsine coriacea,-79.29666000000,-3.82305000000
Myrsine coriacea,-79.26666000000,-3.61666000000
Myrsine coriacea,-79.26600000000,-3.61600000000
Myrsine coriacea,-79.23333000000,-3.40000000000
Myrsine coriacea,-79.23300000000,-3.40000000000
Myrsine coriacea,-78.27083300000,-3.23305600000
Myrsine coriacea,-78.61666000000,-2.78333000000
Myrsine coriacea,-79.40000000000,-2.73333000000
Myrsine coriacea,-78.78333000000,-2.68333000000
Myrsine coriacea,-78.78300000000,-2.68300000000
Myrsine coriacea,-78.81666000000,-2.60000000000
Myrsine coriacea,-78.00000000000,-2.50000000000
Myrsine coriacea,-79.10000000000,-1.95000000000
Myrsine coriacea,-79.08000000000,-1.92000000000
Myrsine coriacea,-79.08333000000,-1.91666000000
Myrsine coriacea,-79.08333000000,-1.83333000000
Myrsine coriacea,-78.46666000000,-1.70000000000
Myrsine coriacea,-80.56666000000,-1.50000000000
Myrsine coriacea,-78.18690000000,-1.46280000000
Myrsine coriacea,-78.10000000000,-1.45000000000
Myrsine coriacea,-78.42000000000,-1.43000000000
Myrsine coriacea,-78.16666000000,-1.40000000000
Myrsine coriacea,-79.08333000000,-1.36666000000
Myrsine coriacea,-50.43877800000,-0.88755600000
Myrsine coriacea,-76.43777800000,-0.67027800000
Myrsine coriacea,-77.59694000000,-0.64888000000
Myrsine coriacea,-77.85000000000,-0.63333300000
Myrsine coriacea,-77.85000000000,-0.63333000000
Myrsine coriacea,-78.79333300000,-0.58416700000
Myrsine coriacea,-78.96916000000,-0.52083000000
Myrsine coriacea,-77.83000000000,-0.52000000000
Myrsine coriacea,-77.83333300000,-0.51666700000
Myrsine coriacea,-77.83333000000,-0.51666000000
Myrsine coriacea,-77.83300000000,-0.51600000000
Myrsine coriacea,-78.46666000000,-0.45000000000
Myrsine coriacea,-78.03333300000,-0.38333300000
Myrsine coriacea,-78.80277000000,-0.23138000000
Myrsine coriacea,-78.80000000000,-0.21666700000
Myrsine coriacea,-77.73333000000,-0.21666000000
Myrsine coriacea,-78.58944400000,-0.20027800000
Myrsine coriacea,-77.60000000000,-0.11666000000
Myrsine coriacea,-77.56666700000,-0.06666700000
Myrsine coriacea,-77.56666000000,-0.06666000000
Myrsine coriacea,-78.80000000000,-0.03333300000
Myrsine coriacea,-78.65000000000,0.01666000000
Myrsine coriacea,-78.61666000000,0.01666000000
Myrsine coriacea,-78.65000000000,0.01666700000
Myrsine coriacea,-78.63333000000,0.03333000000
Myrsine coriacea,-78.66666000000,0.08333000000
Myrsine coriacea,-78.50000000000,0.08333000000
Myrsine coriacea,-78.66624187000,0.08500001700
Myrsine coriacea,-78.61666000000,0.11666000000
Myrsine coriacea,-77.95000000000,0.11666000000
Myrsine coriacea,-78.58333000000,0.13333000000
Myrsine coriacea,-78.50000000000,0.41666000000
Myrsine coriacea,-78.51666000000,0.46666000000
Myrsine coriacea,-77.76666000000,0.56666000000
Myrsine coriacea,-77.70000000000,0.58333000000
Myrsine coriacea,-77.83333000000,0.61666000000
Myrsine coriacea,-77.63333000000,0.63333000000
Myrsine coriacea,-77.51666000000,0.63333000000
Myrsine coriacea,-77.63300000000,0.68300000000
Myrsine coriacea,-77.63333000000,0.68333000000
Myrsine coriacea,-77.55000000000,0.71667000000
Myrsine coriacea,-77.15496400000,0.73313300000
Myrsine coriacea,-77.15871100000,0.73791400000
Myrsine coriacea,-77.16724700000,0.74686900000
Myrsine coriacea,-78.15000000000,0.80000000000
Myrsine coriacea,-65.96000000000,0.83000000000
Myrsine coriacea,-78.11666000000,0.83333000000
Myrsine coriacea,-78.18333300000,0.83333300000
Myrsine coriacea,-78.03333000000,0.85000000000
Myrsine coriacea,-78.16666000000,0.88333000000
Myrsine coriacea,-78.10000000000,0.90000000000
Myrsine coriacea,-77.12766700000,0.99547200000
Myrsine coriacea,-77.12811100000,0.99602800000
Myrsine coriacea,-77.16806700000,1.05833300000
Myrsine coriacea,-77.11690000000,1.06240000000
Myrsine coriacea,-76.74472200000,1.06972200000
Myrsine coriacea,-77.14864000000,1.09703000000
Myrsine coriacea,-77.27946000000,1.10729000000
Myrsine coriacea,-77.14939000000,1.12960000000
Myrsine coriacea,-77.99921700000,1.15401200000
Myrsine coriacea,-77.98689000000,1.16028000000
Myrsine coriacea,-77.13705000000,1.16530000000
Myrsine coriacea,-77.96666000000,1.16666000000
Myrsine coriacea,-76.56666600000,1.16666700000
Myrsine coriacea,-77.96670000000,1.16667000000
Myrsine coriacea,-76.91796000000,1.20339000000
Myrsine coriacea,-77.29226000000,1.23478000000
Myrsine coriacea,-77.21796000000,1.24245000000
Myrsine coriacea,-78.15000000000,1.25000000000
Myrsine coriacea,-77.27849000000,1.26642000000
Myrsine coriacea,-77.37384000000,1.29273000000
Myrsine coriacea,-77.39935000000,1.29951000000
Myrsine coriacea,-77.40942800000,1.30118000000
Myrsine coriacea,-77.35985000000,1.31733000000
Myrsine coriacea,-78.12054000000,1.32554000000
Myrsine coriacea,-78.15970000000,1.34987000000
Myrsine coriacea,-78.15922000000,1.35822000000
Myrsine coriacea,-77.25223000000,1.36297000000
Myrsine coriacea,-77.27359000000,1.36579000000
Myrsine coriacea,-77.34048000000,1.37239000000
Myrsine coriacea,-77.12861100000,1.47750000000
Myrsine coriacea,-77.12850000000,1.47772200000
Myrsine coriacea,-77.12883300000,1.47791700000
Myrsine coriacea,-77.12863900000,1.47791700000
Myrsine coriacea,-77.12844400000,1.47791700000
Myrsine coriacea,-77.13019400000,1.47891700000
Myrsine coriacea,-77.06428000000,1.49321000000
Myrsine coriacea,-59.23333000000,1.51666000000
Myrsine coriacea,-77.66239000000,1.54419000000
Myrsine coriacea,-59.20000000000,1.55000000000
Myrsine coriacea,-77.11136100000,1.56666700000
Myrsine coriacea,-77.14858300000,1.59102800000
Myrsine coriacea,-77.14883300000,1.59108300000
Myrsine coriacea,-77.14844400000,1.59111100000
Myrsine coriacea,-76.10444400000,1.61638900000
Myrsine coriacea,-77.03194400000,1.65338900000
Myrsine coriacea,-77.03230600000,1.65375000000
Myrsine coriacea,-77.03222200000,1.65383300000
Myrsine coriacea,-76.01497200000,1.80983300000
Myrsine coriacea,-76.69250000000,1.98333300000
Myrsine coriacea,-77.22101000000,2.04228000000
Myrsine coriacea,-75.93975000000,2.21222200000
Myrsine coriacea,-76.20000000000,2.26666000000
Myrsine coriacea,-77.38426200000,2.27543900000
Myrsine coriacea,-76.60777800000,2.48944400000
Myrsine coriacea,-76.51666000000,2.50000000000
Myrsine coriacea,-76.53276000000,2.51613000000
Myrsine coriacea,-76.33537100000,2.53339200000
Myrsine coriacea,-76.91555600000,2.65888900000
Myrsine coriacea,-76.96967000000,2.70590000000
Myrsine coriacea,-76.51507100000,2.74001300000
Myrsine coriacea,-76.89510200000,2.74717100000
Myrsine coriacea,-72.15000000000,2.90000000000
Myrsine coriacea,-59.55000000000,3.30000000000
Myrsine coriacea,-59.55000000000,3.31000000000
Myrsine coriacea,-59.55000000000,3.31666000000
Myrsine coriacea,-64.45000000000,3.40000000000
Myrsine coriacea,-76.49055600000,3.44222200000
Myrsine coriacea,-76.62036900000,3.44408600000
Myrsine coriacea,-76.70000000000,3.50000000000
Myrsine coriacea,-76.07486100000,3.54069400000
Myrsine coriacea,-76.07558300000,3.54188900000
Myrsine coriacea,-76.07513900000,3.54308300000
Myrsine coriacea,-76.58638900000,3.57027800000
Myrsine coriacea,-76.73500000000,3.57427800000
Myrsine coriacea,-76.55000000000,3.63333300000
Myrsine coriacea,-76.09214700000,3.69512000000
Myrsine coriacea,-76.09326500000,3.69879300000
Myrsine coriacea,-76.08414200000,3.71967000000
Myrsine coriacea,-76.06865800000,3.72255900000
Myrsine coriacea,-76.67446900000,3.73826900000
Myrsine coriacea,-76.07476000000,3.74097200000
Myrsine coriacea,-70.23116700000,3.83800000000
Myrsine coriacea,-72.86670000000,3.88110000000
Myrsine coriacea,-76.44333300000,3.90111100000
Myrsine coriacea,-58.85000000000,3.95000000000
Myrsine coriacea,-58.86610000000,3.96528000000
Myrsine coriacea,-75.80375000000,4.00108300000
Myrsine coriacea,-73.78333300000,4.05750000000
Myrsine coriacea,-74.42370000000,4.10273000000
Myrsine coriacea,-74.42371400000,4.10273100000
Myrsine coriacea,-75.46277800000,4.11611100000
Myrsine coriacea,-73.85365000000,4.13091000000
Myrsine coriacea,-73.82618900000,4.15021100000
Myrsine coriacea,-73.80205100000,4.20307700000
Myrsine coriacea,-73.80205000000,4.20308000000
Myrsine coriacea,-74.43773400000,4.21518000000
Myrsine coriacea,-73.98635400000,4.30676900000
Myrsine coriacea,-73.98640000000,4.30677000000
Myrsine coriacea,-74.34610000000,4.32631000000
Myrsine coriacea,-74.34613000000,4.32631200000
Myrsine coriacea,-74.37220000000,4.33913000000
Myrsine coriacea,-74.37224000000,4.33913200000
Myrsine coriacea,-74.34800000000,4.36547000000
Myrsine coriacea,-75.67732000000,4.37367000000
Myrsine coriacea,-75.67730000000,4.37367000000
Myrsine coriacea,-74.34670000000,4.39090000000
Myrsine coriacea,-75.60069400000,4.39188900000
Myrsine coriacea,-75.60008300000,4.39197200000
Myrsine coriacea,-75.60075000000,4.39227800000
Myrsine coriacea,-75.38867800000,4.39780000000
Myrsine coriacea,-74.30389500000,4.42693400000
Myrsine coriacea,-74.14361100000,4.43805600000
Myrsine coriacea,-74.14361000000,4.43806000000
Myrsine coriacea,-74.14527800000,4.44277800000
Myrsine coriacea,-74.30010000000,4.44828000000
Myrsine coriacea,-74.29880000000,4.45038000000
Myrsine coriacea,-74.28333300000,4.46666700000
Myrsine coriacea,-74.28043900000,4.46952400000
Myrsine coriacea,-75.35400000000,4.51094000000
Myrsine coriacea,-75.35396000000,4.51094000000
Myrsine coriacea,-74.31940000000,4.52786000000
Myrsine coriacea,-74.31944300000,4.52786400000
Myrsine coriacea,-74.09527800000,4.53000000000
Myrsine coriacea,-73.72710000000,4.53213000000
Myrsine coriacea,-73.72709700000,4.53213100000
Myrsine coriacea,-74.13888900000,4.53611100000
Myrsine coriacea,-75.62474000000,4.55392000000
Myrsine coriacea,-75.62470000000,4.55392000000
Myrsine coriacea,-73.68332700000,4.55920500000
Myrsine coriacea,-73.68330000000,4.55921000000
Myrsine coriacea,-75.66163000000,4.57002000000
Myrsine coriacea,-75.66160000000,4.57002000000
Myrsine coriacea,-73.66666000000,4.58333000000
Myrsine coriacea,-73.66943400000,4.58454800000
Myrsine coriacea,-73.66940000000,4.58455000000
Myrsine coriacea,-74.32919400000,4.58823600000
Myrsine coriacea,-75.17000000000,4.59000000000
Myrsine coriacea,-75.16999800000,4.59000000000
Myrsine coriacea,-75.71100000000,4.59826700000
Myrsine coriacea,-75.44874000000,4.62553700000
Myrsine coriacea,-75.45139600000,4.62649300000
Myrsine coriacea,-75.45892900000,4.63487600000
Myrsine coriacea,-75.61762000000,4.65032000000
Myrsine coriacea,-75.61760000000,4.65032000000
Myrsine coriacea,-76.43333000000,4.66666000000
Myrsine coriacea,-74.03881400000,4.66816700000
Myrsine coriacea,-75.62476700000,4.68943100000
Myrsine coriacea,-73.93830000000,4.69089000000
Myrsine coriacea,-73.93833200000,4.69089100000
Myrsine coriacea,-75.49805000000,4.69361000000
Myrsine coriacea,-75.48406300000,4.70941100000
Myrsine coriacea,-75.49334000000,4.71379900000
Myrsine coriacea,-75.48096700000,4.71496900000
Myrsine coriacea,-75.48072500000,4.71498200000
Myrsine coriacea,-73.35310400000,4.72241800000
Myrsine coriacea,-73.35310000000,4.72242000000
Myrsine coriacea,-75.60027800000,4.72555600000
Myrsine coriacea,-75.58898800000,4.72901000000
Myrsine coriacea,-75.58518100000,4.73202200000
Myrsine coriacea,-75.60166700000,4.74166700000
Myrsine coriacea,-74.42920000000,4.74230000000
Myrsine coriacea,-74.08043500000,4.75050700000
Myrsine coriacea,-73.37770000000,4.75585000000
Myrsine coriacea,-73.37769300000,4.75585000000
Myrsine coriacea,-73.34901200000,4.76067900000
Myrsine coriacea,-73.34888900000,4.76388900000
Myrsine coriacea,-73.34889000000,4.76389000000
Myrsine coriacea,-73.32472200000,4.76944400000
Myrsine coriacea,-74.02834500000,4.77631700000
Myrsine coriacea,-76.11630600000,4.77863900000
Myrsine coriacea,-73.91388900000,4.79194400000
Myrsine coriacea,-76.09350000000,4.80097200000
Myrsine coriacea,-74.39560000000,4.80361000000
Myrsine coriacea,-74.39556100000,4.80361100000
Myrsine coriacea,-73.79139700000,4.81223600000
Myrsine coriacea,-73.79140000000,4.81224000000
Myrsine coriacea,-76.43327000000,4.81746000000
Myrsine coriacea,-75.48547000000,4.82324100000
Myrsine coriacea,-74.09250000000,4.85260000000
Myrsine coriacea,-74.42752800000,4.87118000000
Myrsine coriacea,-74.42750000000,4.87118000000
Myrsine coriacea,-75.52250000000,4.87388900000
Myrsine coriacea,-74.42804700000,4.89956500000
Myrsine coriacea,-76.02308300000,4.90080600000
Myrsine coriacea,-73.72608900000,4.90150000000
Myrsine coriacea,-74.23170000000,4.95126000000
Myrsine coriacea,-74.23168900000,4.95126000000
Myrsine coriacea,-74.43333300000,4.96666700000
Myrsine coriacea,-74.27813000000,4.99893000000
Myrsine coriacea,-74.27810000000,4.99893000000
Myrsine coriacea,-74.32691900000,5.03045900000
Myrsine coriacea,-74.32685600000,5.03215500000
Myrsine coriacea,-73.05350000000,5.03681000000
Myrsine coriacea,-73.05348100000,5.03681000000
Myrsine coriacea,-74.54430600000,5.07833300000
Myrsine coriacea,-76.00333300000,5.12166700000
Myrsine coriacea,-60.57200000000,5.20656000000
Myrsine coriacea,-75.85608300000,5.21038900000
Myrsine coriacea,-75.25497000000,5.25893700000
Myrsine coriacea,-75.48388900000,5.27833300000
Myrsine coriacea,-75.47722200000,5.28972200000
Myrsine coriacea,-75.47038900000,5.29827800000
Myrsine coriacea,-75.48205600000,5.30516700000
Myrsine coriacea,-73.97147200000,5.32380600000
Myrsine coriacea,-73.41850000000,5.35672200000
Myrsine coriacea,-73.32863900000,5.39898800000
Myrsine coriacea,-73.32860000000,5.39899000000
Myrsine coriacea,-61.03000000000,5.41000000000
Myrsine coriacea,-72.45000000000,5.41666700000
Myrsine coriacea,-72.45000000000,5.41667000000
Myrsine coriacea,-72.70270000000,5.43325000000
Myrsine coriacea,-72.70269700000,5.43325000000
Myrsine coriacea,-72.45544200000,5.44624400000
Myrsine coriacea,-75.89555600000,5.50111100000
Myrsine coriacea,-75.66670000000,5.51670000000
Myrsine coriacea,-75.68333300000,5.53333300000
Myrsine coriacea,-75.85366300000,5.54279100000
Myrsine coriacea,-65.21000000000,5.55000000000
Myrsine coriacea,-74.29583000000,5.55417000000
Myrsine coriacea,-74.29580000000,5.55417000000
Myrsine coriacea,-75.12905800000,5.56657300000
Myrsine coriacea,-75.15000000000,5.56667000000
Myrsine coriacea,-75.12168100000,5.56946700000
Myrsine coriacea,-73.54194400000,5.58388900000
Myrsine coriacea,-75.35748500000,5.58454000000
Myrsine coriacea,-73.52861100000,5.63861100000
Myrsine coriacea,-75.21666700000,5.65000000000
Myrsine coriacea,-75.21666000000,5.65000000000
Myrsine coriacea,-75.20829000000,5.65938900000
Myrsine coriacea,-73.68777800000,5.68055600000
Myrsine coriacea,-73.45555600000,5.69194400000
Myrsine coriacea,-73.45527800000,5.69611100000
Myrsine coriacea,-75.94319000000,5.69695000000
Myrsine coriacea,-73.45172000000,5.69897000000
Myrsine coriacea,-73.46194400000,5.70333300000
Myrsine coriacea,-73.51166700000,5.70805600000
Myrsine coriacea,-73.51472200000,5.71388900000
Myrsine coriacea,-75.24793000000,5.71405000000
Myrsine coriacea,-73.47611100000,5.71500000000
Myrsine coriacea,-73.48027800000,5.71972200000
Myrsine coriacea,-73.03500000000,5.72300000000
Myrsine coriacea,-73.45326300000,5.72540100000
Myrsine coriacea,-73.46277800000,5.72972200000
Myrsine coriacea,-73.41833300000,5.73305600000
Myrsine coriacea,-76.00000000000,5.73333000000
Myrsine coriacea,-76.00000000000,5.73333300000
Myrsine coriacea,-73.46253200000,5.73333300000
Myrsine coriacea,-73.41418800000,5.73732300000
Myrsine coriacea,-75.70483300000,5.74816700000
Myrsine coriacea,-61.71000000000,5.75000000000
Myrsine coriacea,-61.76000000000,5.76000000000
Myrsine coriacea,-75.97587000000,5.76708000000
Myrsine coriacea,-61.47416000000,5.77000000000
Myrsine coriacea,-73.48910000000,5.79789000000
Myrsine coriacea,-73.48913400000,5.79789500000
Myrsine coriacea,-75.80000000000,5.80000000000
Myrsine coriacea,-75.73792700000,5.80526800000
Myrsine coriacea,-75.30741700000,5.80700700000
Myrsine coriacea,-73.24647200000,5.80758300000
Myrsine coriacea,-73.24680600000,5.80772200000
Myrsine coriacea,-75.43587100000,5.81344100000
Myrsine coriacea,-73.26338900000,5.81397200000
Myrsine coriacea,-73.26391700000,5.81408300000
Myrsine coriacea,-75.28333000000,5.81666000000
Myrsine coriacea,-73.18225000000,5.82780000000
Myrsine coriacea,-73.18216700000,5.82852800000
Myrsine coriacea,-73.19097200000,5.82933300000
Myrsine coriacea,-73.19063900000,5.82961100000
Myrsine coriacea,-73.19022200000,5.82969400000
Myrsine coriacea,-75.37658300000,5.82986700000
Myrsine coriacea,-73.19308300000,5.83094400000
Myrsine coriacea,-73.19416700000,5.83138900000
Myrsine coriacea,-73.19436100000,5.83191700000
Myrsine coriacea,-75.29630000000,5.83199000000
Myrsine coriacea,-75.29626000000,5.83199000000
Myrsine coriacea,-75.33333000000,5.83333000000
Myrsine coriacea,-75.75000000000,5.83333300000
Myrsine coriacea,-73.19758300000,5.83408300000
Myrsine coriacea,-76.01666700000,5.85000000000
Myrsine coriacea,-75.30000000000,5.85000000000
Myrsine coriacea,-73.13272200000,5.85630600000
Myrsine coriacea,-75.29454200000,5.86653800000
Myrsine coriacea,-75.44714000000,5.86924000000
Myrsine coriacea,-73.57800000000,5.87900000000
Myrsine coriacea,-75.30838700000,5.88197300000
Myrsine coriacea,-75.53900000000,5.88989000000
Myrsine coriacea,-75.53896000000,5.88989000000
Myrsine coriacea,-75.66666700000,5.90000000000
Myrsine coriacea,-75.66666000000,5.90000000000
Myrsine coriacea,-73.07389400000,5.90104300000
Myrsine coriacea,-75.31238800000,5.90259000000
Myrsine coriacea,-75.30976800000,5.91475800000
Myrsine coriacea,-75.43990000000,5.91598900000
Myrsine coriacea,-75.43333000000,5.91666000000
Myrsine coriacea,-75.33333000000,5.91666000000
Myrsine coriacea,-72.98333000000,5.91666000000
Myrsine coriacea,-75.33333600000,5.91666700000
Myrsine coriacea,-73.06980100000,5.91666700000
Myrsine coriacea,-75.33330000000,5.91667000000
Myrsine coriacea,-75.54485000000,5.91746000000
Myrsine coriacea,-75.51777800000,5.92444400000
Myrsine coriacea,-75.45603000000,5.92470000000
Myrsine coriacea,-75.41666000000,5.93333000000
Myrsine coriacea,-73.64490000000,5.93367000000
Myrsine coriacea,-73.64492900000,5.93367200000
Myrsine coriacea,-75.32181000000,5.95540000000
Myrsine coriacea,-75.32180000000,5.95540000000
Myrsine coriacea,-75.38796400000,5.96158900000
Myrsine coriacea,-73.15451000000,5.96417000000
Myrsine coriacea,-73.15559400000,5.96474900000
Myrsine coriacea,-73.15560000000,5.96475000000
Myrsine coriacea,-75.21916700000,5.97131700000
Myrsine coriacea,-75.33252000000,5.97902000000
Myrsine coriacea,-75.65130000000,5.98146000000
Myrsine coriacea,-73.14550000000,5.99541000000
Myrsine coriacea,-75.03216700000,6.03066700000
Myrsine coriacea,-75.32372500000,6.05102800000
Myrsine coriacea,-75.60874700000,6.05345200000
Myrsine coriacea,-75.34391400000,6.05798100000
Myrsine coriacea,-75.50444400000,6.05861100000
Myrsine coriacea,-75.18873900000,6.05914400000
Myrsine coriacea,-73.17033500000,6.06470900000
Myrsine coriacea,-75.61751000000,6.08048000000
Myrsine coriacea,-73.12845000000,6.08100200000
Myrsine coriacea,-75.63333300000,6.08333300000
Myrsine coriacea,-73.13333300000,6.08333300000
Myrsine coriacea,-73.20297200000,6.09183300000
Myrsine coriacea,-75.46260300000,6.10036900000
Myrsine coriacea,-73.23958900000,6.10190000000
Myrsine coriacea,-75.57581000000,6.10351000000
Myrsine coriacea,-73.19833300000,6.10472200000
Myrsine coriacea,-73.20340900000,6.10640800000
Myrsine coriacea,-73.20439600000,6.10644200000
Myrsine coriacea,-75.07826000000,6.10785000000
Myrsine coriacea,-75.55568400000,6.10995900000
Myrsine coriacea,-75.69893300000,6.11530000000
Myrsine coriacea,-75.71335000000,6.11619000000
Myrsine coriacea,-75.71330000000,6.11619000000
Myrsine coriacea,-75.56491000000,6.11828000000
Myrsine coriacea,-75.56490000000,6.11828000000
Myrsine coriacea,-75.46670000000,6.13330000000
Myrsine coriacea,-76.33330000000,6.13333000000
Myrsine coriacea,-75.38072800000,6.13812300000
Myrsine coriacea,-75.55692000000,6.14052000000
Myrsine coriacea,-75.55690000000,6.14052000000
Myrsine coriacea,-75.54775600000,6.16038900000
Myrsine coriacea,-75.54324000000,6.16488000000
Myrsine coriacea,-75.54320000000,6.16488000000
Myrsine coriacea,-75.50000000000,6.16670000000
Myrsine coriacea,-75.58583000000,6.17194000000
Myrsine coriacea,-75.58583300000,6.17194400000
Myrsine coriacea,-75.68472200000,6.17582800000
Myrsine coriacea,-75.29764000000,6.18423000000
Myrsine coriacea,-75.49829000000,6.20801000000
Myrsine coriacea,-75.55416700000,6.20805600000
Myrsine coriacea,-75.49227800000,6.21333300000
Myrsine coriacea,-75.49222000000,6.21463000000
Myrsine coriacea,-75.53333000000,6.21666000000
Myrsine coriacea,-75.58333300000,6.21666700000
Myrsine coriacea,-75.50000000000,6.21666700000
Myrsine coriacea,-75.49050000000,6.21962000000
Myrsine coriacea,-75.50509300000,6.22255800000
Myrsine coriacea,-75.66250000000,6.23250000000
Myrsine coriacea,-75.46788800000,6.23310700000
Myrsine coriacea,-76.13333000000,6.23333000000
Myrsine coriacea,-76.13333300000,6.23333300000
Myrsine coriacea,-75.49714000000,6.24730000000
Myrsine coriacea,-76.10000000000,6.25000000000
Myrsine coriacea,-75.50000000000,6.25000000000
Myrsine coriacea,-75.38333300000,6.25000000000
Myrsine coriacea,-75.16666700000,6.25000000000
Myrsine coriacea,-75.13333000000,6.25000000000
Myrsine coriacea,-75.01575000000,6.25250000000
Myrsine coriacea,-75.66661100000,6.25386100000
Myrsine coriacea,-75.41083300000,6.25808300000
Myrsine coriacea,-75.50411100000,6.26269400000
Myrsine coriacea,-75.68333000000,6.26666000000
Myrsine coriacea,-75.51919400000,6.27052800000
Myrsine coriacea,-75.69550000000,6.27296000000
Myrsine coriacea,-75.69546500000,6.27296300000
Myrsine coriacea,-72.69174100000,6.27821100000
Myrsine coriacea,-75.43987200000,6.28113100000
Myrsine coriacea,-75.53333300000,6.28333300000
Myrsine coriacea,-75.45832000000,6.28488000000
Myrsine coriacea,-75.45830000000,6.28488000000
Myrsine coriacea,-75.41080100000,6.28819800000
Myrsine coriacea,-75.50140700000,6.29016600000
Myrsine coriacea,-76.17764000000,6.29325000000
Myrsine coriacea,-75.66638900000,6.29472200000
Myrsine coriacea,-75.64623600000,6.29636200000
Myrsine coriacea,-75.50055300000,6.29713400000
Myrsine coriacea,-75.50392400000,6.29803200000
Myrsine coriacea,-75.14518800000,6.29943800000
Myrsine coriacea,-75.13610000000,6.29975000000
Myrsine coriacea,-75.13608000000,6.29975000000
Myrsine coriacea,-75.48333000000,6.30000000000
Myrsine coriacea,-72.80111100000,6.30666700000
Myrsine coriacea,-72.80110000000,6.30667000000
Myrsine coriacea,-72.55850000000,6.31454000000
Myrsine coriacea,-75.58600000000,6.31530000000
Myrsine coriacea,-75.58599900000,6.31530000000
Myrsine coriacea,-75.68333000000,6.31666000000
Myrsine coriacea,-75.68333400000,6.31666700000
Myrsine coriacea,-75.68333300000,6.31666700000
Myrsine coriacea,-75.68330000000,6.31667000000
Myrsine coriacea,-75.39950900000,6.31702500000
Myrsine coriacea,-75.14393000000,6.32254000000
Myrsine coriacea,-75.65840000000,6.33186000000
Myrsine coriacea,-75.65838000000,6.33186000000
Myrsine coriacea,-63.50000000000,6.33330000000
Myrsine coriacea,-76.16666000000,6.33333000000
Myrsine coriacea,-76.13333000000,6.33333000000
Myrsine coriacea,-76.16666700000,6.33333300000
Myrsine coriacea,-76.13333300000,6.33333300000
Myrsine coriacea,-72.59289300000,6.36745500000
Myrsine coriacea,-71.93183300000,6.37941700000
Myrsine coriacea,-71.93183000000,6.37942000000
Myrsine coriacea,-76.02527800000,6.39166700000
Myrsine coriacea,-76.07559000000,6.42252000000
Myrsine coriacea,-72.71920000000,6.42410000000
Myrsine coriacea,-75.33167900000,6.44333400000
Myrsine coriacea,-76.77000000000,6.45000000000
Myrsine coriacea,-76.76666700000,6.45000000000
Myrsine coriacea,-76.07670000000,6.45000000000
Myrsine coriacea,-74.79538900000,6.46252800000
Myrsine coriacea,-75.16730600000,6.46666700000
Myrsine coriacea,-72.73296700000,6.46915800000
Myrsine coriacea,-72.73842500000,6.48174700000
Myrsine coriacea,-76.23333000000,6.48333000000
Myrsine coriacea,-73.14138900000,6.48861100000
Myrsine coriacea,-73.14152800000,6.48875000000
Myrsine coriacea,-75.53333300000,6.50000000000
Myrsine coriacea,-76.23300000000,6.50800000000
Myrsine coriacea,-76.23333000000,6.50850000000
Myrsine coriacea,-76.87749200000,6.52686600000
Myrsine coriacea,-76.31666000000,6.53333000000
Myrsine coriacea,-76.23333000000,6.53333000000
Myrsine coriacea,-76.31666700000,6.53333300000
Myrsine coriacea,-72.51480000000,6.55042000000
Myrsine coriacea,-75.51666700000,6.58333300000
Myrsine coriacea,-73.35833300000,6.60469400000
Myrsine coriacea,-75.65576800000,6.61590800000
Myrsine coriacea,-75.64527800000,6.62194500000
Myrsine coriacea,-76.11666000000,6.63333000000
Myrsine coriacea,-75.67077900000,6.64422200000
Myrsine coriacea,-75.46462400000,6.65109600000
Myrsine coriacea,-75.66666700000,6.66666700000
Myrsine coriacea,-75.66670000000,6.66670000000
Myrsine coriacea,-75.40881300000,6.67447600000
Myrsine coriacea,-75.40880000000,6.67448000000
Myrsine coriacea,-76.04990000000,6.71703000000
Myrsine coriacea,-76.04985000000,6.71703000000
Myrsine coriacea,-74.81666000000,6.73333000000
Myrsine coriacea,-74.81666700000,6.73333300000
Myrsine coriacea,-75.91138900000,6.73611100000
Myrsine coriacea,-75.48255800000,6.73644800000
Myrsine coriacea,-75.48260000000,6.73645000000
Myrsine coriacea,-75.62345400000,6.73820000000
Myrsine coriacea,-76.31054000000,6.76084400000
Myrsine coriacea,-76.30563000000,6.76115000000
Myrsine coriacea,-76.30560000000,6.76115000000
Myrsine coriacea,-76.35000000000,6.76666000000
Myrsine coriacea,-76.35000000000,6.76666700000
Myrsine coriacea,-75.06700000000,6.77490000000
Myrsine coriacea,-76.28170000000,6.78141000000
Myrsine coriacea,-76.28168000000,6.78141000000
Myrsine coriacea,-75.10137000000,6.79389300000
Myrsine coriacea,-75.14170000000,6.81211000000
Myrsine coriacea,-75.09390000000,6.81333000000
Myrsine coriacea,-75.09388700000,6.81333400000
Myrsine coriacea,-75.49373900000,6.81418100000
Myrsine coriacea,-75.49460900000,6.81752000000
Myrsine coriacea,-76.00698000000,6.81762000000
Myrsine coriacea,-75.63333000000,6.83330000000
Myrsine coriacea,-75.53333000000,6.83333000000
Myrsine coriacea,-75.53333300000,6.83333300000
Myrsine coriacea,-75.47258000000,6.84021000000
Myrsine coriacea,-74.92475000000,6.89223000000
Myrsine coriacea,-75.13333300000,6.90000000000
Myrsine coriacea,-75.13333000000,6.90000000000
Myrsine coriacea,-75.93333000000,6.91666000000
Myrsine coriacea,-74.91666700000,6.91666700000
Myrsine coriacea,-75.06660000000,6.93330000000
Myrsine coriacea,-75.06666700000,6.93333300000
Myrsine coriacea,-75.42911000000,6.95259000000
Myrsine coriacea,-75.42910000000,6.95259000000
Myrsine coriacea,-75.41666000000,6.96666000000
Myrsine coriacea,-75.41666700000,6.96666700000
Myrsine coriacea,-75.33333300000,6.96666700000
Myrsine coriacea,-75.01510600000,6.97658000000
Myrsine coriacea,-75.01510000000,6.97658000000
Myrsine coriacea,-75.45370000000,6.99080000000
Myrsine coriacea,-75.45369700000,6.99080000000
Myrsine coriacea,-75.07645300000,6.99238500000
Myrsine coriacea,-75.50000000000,7.00000000000
Myrsine coriacea,-75.42300000000,7.02300000000
Myrsine coriacea,-74.72330000000,7.03239000000
Myrsine coriacea,-75.21573000000,7.04276000000
Myrsine coriacea,-75.12521700000,7.05365000000
Myrsine coriacea,-65.91190000000,7.07580000000
Myrsine coriacea,-75.46263500000,7.07948300000
Myrsine coriacea,-75.48416700000,7.08472200000
Myrsine coriacea,-73.04200000000,7.09200000000
Myrsine coriacea,-73.03000000000,7.11222200000
Myrsine coriacea,-75.80561300000,7.14732900000
Myrsine coriacea,-73.01325600000,7.15029400000
Myrsine coriacea,-75.81003000000,7.15319000000
Myrsine coriacea,-75.81000000000,7.15319000000
Myrsine coriacea,-75.90000000000,7.16666000000
Myrsine coriacea,-75.78333000000,7.16666000000
Myrsine coriacea,-75.75000000000,7.16666700000
Myrsine coriacea,-72.44381100000,7.18365800000
Myrsine coriacea,-72.44801800000,7.18825700000
Myrsine coriacea,-72.43504400000,7.21300400000
Myrsine coriacea,-75.50000000000,7.25000000000
Myrsine coriacea,-73.09602800000,7.27261100000
Myrsine coriacea,-72.43365200000,7.28773800000
Myrsine coriacea,-75.03700000000,7.32194000000
Myrsine coriacea,-75.03704800000,7.32194100000
Myrsine coriacea,-72.22422000000,7.33266000000
Myrsine coriacea,-73.08416700000,7.34461100000
Myrsine coriacea,-72.90778600000,7.35224700000
Myrsine coriacea,-73.06158300000,7.41250000000
Myrsine coriacea,-72.96216700000,7.51938900000
Myrsine coriacea,-72.96050000000,7.51955600000
Myrsine coriacea,-72.60916700000,7.57055600000
Myrsine coriacea,-72.68254700000,7.59703500000
Myrsine coriacea,-72.21666000000,7.60000000000
Myrsine coriacea,-72.41666000000,7.70000000000
Myrsine coriacea,-76.55681000000,7.74632900000
Myrsine coriacea,-71.76666000000,7.78333000000
Myrsine coriacea,-73.16666000000,7.83333000000
Myrsine coriacea,-72.30000000000,7.90000000000
Myrsine coriacea,-72.30000000000,7.91666000000
Myrsine coriacea,-78.38333000000,7.96666000000
Myrsine coriacea,-71.75000000000,8.00000000000
Myrsine coriacea,-73.40716700000,8.32736100000
Myrsine coriacea,-71.60000000000,8.33333000000
Myrsine coriacea,-73.35000000000,8.40000000000
Myrsine coriacea,-81.79388900000,8.45888900000
Myrsine coriacea,-81.10166000000,8.51555000000
Myrsine coriacea,-81.11666700000,8.51666700000
Myrsine coriacea,-81.79416700000,8.51722200000
Myrsine coriacea,-82.80833300000,8.53166700000
Myrsine coriacea,-80.93333300000,8.56666700000
Myrsine coriacea,-71.31666700000,8.58333300000
Myrsine coriacea,-73.57957700000,8.60284100000
Myrsine coriacea,-71.16666700000,8.61666700000
Myrsine coriacea,-82.65000000000,8.61670000000
Myrsine coriacea,-71.33330000000,8.63333000000
Myrsine coriacea,-80.11666700000,8.63333300000
Myrsine coriacea,-71.20000000000,8.63333300000
Myrsine coriacea,-71.15000000000,8.63333300000
Myrsine coriacea,-71.08333300000,8.63333300000
Myrsine coriacea,-71.06944000000,8.63500000000
Myrsine coriacea,-70.77000000000,8.65000000000
Myrsine coriacea,-79.83333000000,8.66666000000
Myrsine coriacea,-61.36666000000,8.66666000000
Myrsine coriacea,-79.91666700000,8.66666700000
Myrsine coriacea,-79.91670000000,8.66670000000
Myrsine coriacea,-79.90000000000,8.68333300000
Myrsine coriacea,-79.91638000000,8.68750000000
Myrsine coriacea,-71.08333300000,8.71666700000
Myrsine coriacea,-82.92416000000,8.73666000000
Myrsine coriacea,-82.92416900000,8.73668200000
Myrsine coriacea,-82.66666000000,8.75000000000
Myrsine coriacea,-82.95411100000,8.77902800000
Myrsine coriacea,-82.63333000000,8.78333000000
Myrsine coriacea,-82.43333000000,8.78333000000
Myrsine coriacea,-82.49472000000,8.78916000000
Myrsine coriacea,-82.40000000000,8.80000000000
Myrsine coriacea,-82.58333000000,8.83333000000
Myrsine coriacea,-82.41666000000,8.83333000000
Myrsine coriacea,-71.78333000000,8.83333000000
Myrsine coriacea,-82.55027800000,8.85416700000
Myrsine coriacea,-82.78330000000,8.90000000000
Myrsine coriacea,-82.78000000000,8.90000000000
Myrsine coriacea,-82.58333300000,8.90000000000
Myrsine coriacea,-82.78472200000,8.90333300000
Myrsine coriacea,-71.68333000000,8.91666000000
Myrsine coriacea,-71.68333300000,8.91666700000
Myrsine coriacea,-71.66666700000,8.91666700000
Myrsine coriacea,-82.77916000000,8.92083000000
Myrsine coriacea,-82.77916700000,8.92083300000
Myrsine coriacea,-82.83216000000,8.95000000000
Myrsine coriacea,-82.83000000000,8.95000000000
Myrsine coriacea,-83.35000000000,8.98000000000
Myrsine coriacea,-82.81999100000,8.98648100000
Myrsine coriacea,-83.35000000000,8.98888900000
Myrsine coriacea,-82.82000000000,9.00000000000
Myrsine coriacea,-82.81000000000,9.00000000000
Myrsine coriacea,-82.82812400000,9.00910600000
Myrsine coriacea,-83.08000000000,9.01113100000
Myrsine coriacea,-82.96000000000,9.02000000000
Myrsine coriacea,-82.96111200000,9.02500000000
Myrsine coriacea,-79.48916700000,9.05972200000
Myrsine coriacea,-82.98333300000,9.06666700000
Myrsine coriacea,-83.03889000000,9.06944400000
Myrsine coriacea,-83.03888900000,9.06944400000
Myrsine coriacea,-83.08388900000,9.07000000000
Myrsine coriacea,-83.08000000000,9.07000000000
Myrsine coriacea,-83.04000000000,9.07000000000
Myrsine coriacea,-83.04265700000,9.07011500000
Myrsine coriacea,-83.08333000000,9.07500000000
Myrsine coriacea,-82.97500000000,9.07500000000
Myrsine coriacea,-83.02694400000,9.07861100000
Myrsine coriacea,-83.02694000000,9.07861100000
Myrsine coriacea,-83.03056000000,9.08055600000
Myrsine coriacea,-83.03055600000,9.08055600000
Myrsine coriacea,-83.02777800000,9.08055600000
Myrsine coriacea,-83.06944400000,9.08333300000
Myrsine coriacea,-82.84166700000,9.08333300000
Myrsine coriacea,-83.02583300000,9.08416700000
Myrsine coriacea,-83.06861100000,9.08472200000
Myrsine coriacea,-83.06861000000,9.08472200000
Myrsine coriacea,-82.84166700000,9.09166700000
Myrsine coriacea,-82.98000000000,9.10000000000
Myrsine coriacea,-83.06500000000,9.10472000000
Myrsine coriacea,-83.06500000000,9.10472200000
Myrsine coriacea,-83.06666700000,9.10555600000
Myrsine coriacea,-83.06000000000,9.11000000000
Myrsine coriacea,-82.96000000000,9.11000000000
Myrsine coriacea,-83.06896900000,9.11130100000
Myrsine coriacea,-82.96176400000,9.11168000000
Myrsine coriacea,-83.06693700000,9.11583800000
Myrsine coriacea,-82.96666000000,9.11666000000
Myrsine coriacea,-83.06666700000,9.11666700000
Myrsine coriacea,-82.96666700000,9.11666700000
Myrsine coriacea,-82.96777000000,9.11777000000
Myrsine coriacea,-82.96796900000,9.11790600000
Myrsine coriacea,-82.96000000000,9.12000000000
Myrsine coriacea,-82.96416000000,9.12850000000
Myrsine coriacea,-82.96431600000,9.12874900000
Myrsine coriacea,-83.66000000000,9.12883000000
Myrsine coriacea,-83.06621100000,9.12892900000
Myrsine coriacea,-82.96000000000,9.13000000000
Myrsine coriacea,-82.95000000000,9.13000000000
Myrsine coriacea,-82.96666700000,9.13333300000
Myrsine coriacea,-82.95000000000,9.13333300000
Myrsine coriacea,-82.96138000000,9.13416000000
Myrsine coriacea,-82.96157000000,9.13417000000
Myrsine coriacea,-83.08382600000,9.13595700000
Myrsine coriacea,-83.07747100000,9.14054300000
Myrsine coriacea,-83.07747000000,9.14054300000
Myrsine coriacea,-83.07941300000,9.14190000000
Myrsine coriacea,-82.65305000000,9.16472000000
Myrsine coriacea,-83.06250000000,9.17500000000
Myrsine coriacea,-83.05833300000,9.17916700000
Myrsine coriacea,-70.16420000000,9.21250000000
Myrsine coriacea,-70.16416700000,9.21250000000
Myrsine coriacea,-70.16416000000,9.21250000000
Myrsine coriacea,-70.11666000000,9.21666000000
Myrsine coriacea,-70.20000000000,9.21670000000
Myrsine coriacea,-70.16833000000,9.22550000000
Myrsine coriacea,-70.18330000000,9.23330000000
Myrsine coriacea,-70.18333300000,9.23333300000
Myrsine coriacea,-70.20330000000,9.24580000000
Myrsine coriacea,-70.20416000000,9.24666000000
Myrsine coriacea,-82.96100000000,9.25000000000
Myrsine coriacea,-70.23333000000,9.25000000000
Myrsine coriacea,-70.23330000000,9.25000000000
Myrsine coriacea,-70.22600000000,9.25183000000
Myrsine coriacea,-83.23000000000,9.33000000000
Myrsine coriacea,-83.23194500000,9.33888900000
Myrsine coriacea,-70.30000000000,9.40000000000
Myrsine coriacea,-83.41000000000,9.41000000000
Myrsine coriacea,-70.33333000000,9.41666000000
Myrsine coriacea,-70.50000000000,9.41670000000
Myrsine coriacea,-70.33000000000,9.42000000000
Myrsine coriacea,-70.25600000000,9.46466000000
Myrsine coriacea,-70.46666000000,9.46666000000
Myrsine coriacea,-83.52916700000,9.47972200000
Myrsine coriacea,-83.58000000000,9.51000000000
Myrsine coriacea,-83.58000000000,9.52000000000
Myrsine coriacea,-83.58805600000,9.52805600000
Myrsine coriacea,-83.59166000000,9.52966000000
Myrsine coriacea,-83.59166700000,9.52972200000
Myrsine coriacea,-83.82000000000,9.53000000000
Myrsine coriacea,-83.93000000000,9.54000000000
Myrsine coriacea,-83.69555000000,9.54611000000
Myrsine coriacea,-83.69581300000,9.54625300000
Myrsine coriacea,-83.70000000000,9.55000000000
Myrsine coriacea,-70.16250000000,9.55183000000
Myrsine coriacea,-83.80000000000,9.56000000000
Myrsine coriacea,-83.75000000000,9.56667000000
Myrsine coriacea,-83.66527800000,9.56805600000
Myrsine coriacea,-83.75000000000,9.57000000000
Myrsine coriacea,-83.68000000000,9.57000000000
Myrsine coriacea,-83.68611100000,9.57500000000
Myrsine coriacea,-83.85000000000,9.58000000000
Myrsine coriacea,-83.80000000000,9.58000000000
Myrsine coriacea,-83.79000000000,9.58000000000
Myrsine coriacea,-83.81670000000,9.58330000000
Myrsine coriacea,-83.83000000000,9.59000000000
Myrsine coriacea,-83.80000000000,9.59000000000
Myrsine coriacea,-83.83278000000,9.59741700000
Myrsine coriacea,-83.83277800000,9.59741700000
Myrsine coriacea,-83.83200500000,9.59865800000
Myrsine coriacea,-83.97000000000,9.60000000000
Myrsine coriacea,-83.90000000000,9.60000000000
Myrsine coriacea,-70.05000000000,9.60000000000
Myrsine coriacea,-83.79611100000,9.60194400000
Myrsine coriacea,-83.82000000000,9.61000000000
Myrsine coriacea,-83.82583300000,9.61027800000
Myrsine coriacea,-83.82608900000,9.61041500000
Myrsine coriacea,-83.84777800000,9.61777800000
Myrsine coriacea,-83.82000000000,9.62000000000
Myrsine coriacea,-83.82882700000,9.62126400000
Myrsine coriacea,-83.84125000000,9.62311100000
Myrsine coriacea,-70.15000000000,9.63333000000
Myrsine coriacea,-83.85000000000,9.65000000000
Myrsine coriacea,-83.85000000000,9.66000000000
Myrsine coriacea,-83.85000000000,9.66666700000
Myrsine coriacea,-83.88330000000,9.66670000000
Myrsine coriacea,-83.85000000000,9.66670000000
Myrsine coriacea,-83.85277800000,9.66944400000
Myrsine coriacea,-83.88000000000,9.67000000000
Myrsine coriacea,-83.86000000000,9.67000000000
Myrsine coriacea,-83.88888000000,9.67166000000
Myrsine coriacea,-83.88888900000,9.67166700000
Myrsine coriacea,-84.14306000000,9.67500000000
Myrsine coriacea,-84.14305600000,9.67500000000
Myrsine coriacea,-84.01000000000,9.68000000000
Myrsine coriacea,-83.91000000000,9.68000000000
Myrsine coriacea,-69.96722000000,9.68000000000
Myrsine coriacea,-83.87645000000,9.68412000000
Myrsine coriacea,-83.87644700000,9.68412000000
Myrsine coriacea,-83.87775000000,9.68677100000
Myrsine coriacea,-84.01000000000,9.70000000000
Myrsine coriacea,-83.42500000000,9.70000000000
Myrsine coriacea,-83.94167000000,9.70277800000
Myrsine coriacea,-83.94166700000,9.70277800000
Myrsine coriacea,-83.94750000000,9.70916700000
Myrsine coriacea,-83.93000000000,9.72000000000
Myrsine coriacea,-83.93750000000,9.72833300000
Myrsine coriacea,-84.39000000000,9.73000000000
Myrsine coriacea,-83.95000000000,9.73000000000
Myrsine coriacea,-84.39111100000,9.73666700000
Myrsine coriacea,-84.46000000000,9.74000000000
Myrsine coriacea,-84.05000000000,9.74000000000
Myrsine coriacea,-83.83333300000,9.74444400000
Myrsine coriacea,-83.95000000000,9.76000000000
Myrsine coriacea,-83.79444400000,9.77083300000
Myrsine coriacea,-84.46000000000,9.79000000000
Myrsine coriacea,-84.46388900000,9.79444400000
Myrsine coriacea,-83.95000000000,9.80000000000
Myrsine coriacea,-84.47417000000,9.80944400000
Myrsine coriacea,-84.47416700000,9.80944400000
Myrsine coriacea,-83.95000000000,9.81000000000
Myrsine coriacea,-83.95833300000,9.81111100000
Myrsine coriacea,-84.10000000000,9.82000000000
Myrsine coriacea,-84.12000000000,9.84000000000
Myrsine coriacea,-83.88639100000,9.84026600000
Myrsine coriacea,-84.12638900000,9.84166700000
Myrsine coriacea,-67.51666000000,9.86666000000
Myrsine coriacea,-84.18611100000,9.89027800000
Myrsine coriacea,-84.15611100000,9.89083300000
Myrsine coriacea,-84.15611000000,9.89083300000
Myrsine coriacea,-84.26000000000,9.90000000000
Myrsine coriacea,-83.38330000000,9.91670000000
Myrsine coriacea,-83.39000000000,9.92000000000
Myrsine coriacea,-83.39861100000,9.92083300000
Myrsine coriacea,-84.10000000000,9.98333300000
Myrsine coriacea,-68.61666000000,10.00000000000
Myrsine coriacea,-66.00000000000,10.00000000000
Myrsine coriacea,-83.94194400000,10.01777800000
Myrsine coriacea,-84.00555600000,10.02777800000
Myrsine coriacea,-84.00000000000,10.03000000000
Myrsine coriacea,-84.00000000000,10.03330000000
Myrsine coriacea,-83.98330000000,10.03330000000
Myrsine coriacea,-64.28333300000,10.03333300000
Myrsine coriacea,-84.04083300000,10.04444400000
Myrsine coriacea,-84.01000000000,10.05000000000
Myrsine coriacea,-64.18333300000,10.07500000000
Myrsine coriacea,-64.18333000000,10.07500000000
Myrsine coriacea,-84.07000000000,10.08000000000
Myrsine coriacea,-84.06000000000,10.08000000000
Myrsine coriacea,-84.07305600000,10.08694400000
Myrsine coriacea,-84.06666700000,10.08861100000
Myrsine coriacea,-84.08000000000,10.11000000000
Myrsine coriacea,-63.88333000000,10.11666000000
Myrsine coriacea,-84.08333300000,10.11666700000
Myrsine coriacea,-84.11000000000,10.12000000000
Myrsine coriacea,-84.12083300000,10.12277800000
Myrsine coriacea,-84.11666700000,10.12638900000
Myrsine coriacea,-84.12000000000,10.13000000000
Myrsine coriacea,-84.10000000000,10.13000000000
Myrsine coriacea,-84.24744400000,10.14211100000
Myrsine coriacea,-84.24744000000,10.14211100000
Myrsine coriacea,-84.58000000000,10.15000000000
Myrsine coriacea,-84.57000000000,10.15000000000
Myrsine coriacea,-84.24778300000,10.15734400000
Myrsine coriacea,-84.11000000000,10.16000000000
Myrsine coriacea,-84.10000000000,10.16000000000
Myrsine coriacea,-84.11025000000,10.16650000000
Myrsine coriacea,-67.21666000000,10.16666000000
Myrsine coriacea,-84.11333000000,10.16861000000
Myrsine coriacea,-84.11000000000,10.17000000000
Myrsine coriacea,-84.23300000000,10.17138900000
Myrsine coriacea,-84.11111100000,10.17638900000
Myrsine coriacea,-84.50000000000,10.18000000000
Myrsine coriacea,-84.10666700000,10.18277800000
Myrsine coriacea,-84.10750000000,10.18416000000
Myrsine coriacea,-84.70000000000,10.20000000000
Myrsine coriacea,-68.58333000000,10.20000000000
Myrsine coriacea,-84.51000000000,10.21000000000
Myrsine coriacea,-84.10000000000,10.21000000000
Myrsine coriacea,-84.10138900000,10.21305600000
Myrsine coriacea,-84.51670000000,10.21670000000
Myrsine coriacea,-66.41666000000,10.23333000000
Myrsine coriacea,-84.12666000000,10.23516000000
Myrsine coriacea,-84.11777800000,10.23527800000
Myrsine coriacea,-84.11778000000,10.23638900000
Myrsine coriacea,-84.11777800000,10.23638900000
Myrsine coriacea,-84.80000000000,10.25000000000
Myrsine coriacea,-84.36000000000,10.26000000000
Myrsine coriacea,-84.78333300000,10.26666700000
Myrsine coriacea,-84.53330000000,10.26670000000
Myrsine coriacea,-84.79000000000,10.27000000000
Myrsine coriacea,-84.79583500000,10.27583300000
Myrsine coriacea,-84.79583300000,10.27638900000
Myrsine coriacea,-69.01666700000,10.28333300000
Myrsine coriacea,-84.38278000000,10.28805600000
Myrsine coriacea,-84.38277800000,10.28805600000
Myrsine coriacea,-84.80000800000,10.30000000000
Myrsine coriacea,-84.80000000000,10.30000000000
Myrsine coriacea,-84.81527000000,10.30833000000
Myrsine coriacea,-84.80416000000,10.30944000000
Myrsine coriacea,-84.00000000000,10.31666700000
Myrsine coriacea,-84.83000000000,10.33000000000
Myrsine coriacea,-84.83333300000,10.33333300000
Myrsine coriacea,-84.80000000000,10.33333300000
Myrsine coriacea,-84.72000000000,10.34000000000
Myrsine coriacea,-68.83333000000,10.36666000000
Myrsine coriacea,-72.92311100000,10.37322200000
Myrsine coriacea,-72.93142100000,10.37402800000
Myrsine coriacea,-84.70000000000,10.38000000000
Myrsine coriacea,-67.36666000000,10.39166000000
Myrsine coriacea,-67.01666700000,10.39500000000
Myrsine coriacea,-66.96666700000,10.40000000000
Myrsine coriacea,-67.28333000000,10.41666000000
Myrsine coriacea,-70.66666700000,10.41666700000
Myrsine coriacea,-67.23333000000,10.43333000000
Myrsine coriacea,-70.61666000000,10.46666000000
Myrsine coriacea,-73.59230800000,10.48455600000
Myrsine coriacea,-83.53611000000,10.50277000000
Myrsine coriacea,-66.88333000000,10.53333000000
Myrsine coriacea,-66.86666000000,10.53333000000
Myrsine coriacea,-66.80000000000,10.53333000000
Myrsine coriacea,-70.13333300000,10.53333300000
Myrsine coriacea,-66.86666000000,10.55000000000
Myrsine coriacea,-73.61666000000,10.56666000000
Myrsine coriacea,-73.61666700000,10.56666700000
Myrsine coriacea,-73.80883400000,10.66464900000
Myrsine coriacea,-84.99027000000,10.67138000000
Myrsine coriacea,-84.99027800000,10.67138900000
Myrsine coriacea,-62.60000000000,10.68333000000
Myrsine coriacea,-62.05000000000,10.68333000000
Myrsine coriacea,-85.11000000000,10.70000000000
Myrsine coriacea,-62.61666000000,10.70000000000
Myrsine coriacea,-85.11750000000,10.70916000000
Myrsine coriacea,-85.11767100000,10.70918400000
Myrsine coriacea,-85.15000000000,10.71000000000
Myrsine coriacea,-85.15416000000,10.71516000000
Myrsine coriacea,-85.15416700000,10.71527800000
Myrsine coriacea,-62.63333300000,10.71666700000
Myrsine coriacea,-85.29111100000,10.75000000000
Myrsine coriacea,-85.28333000000,10.75000000000
Myrsine coriacea,-85.28000000000,10.75000000000
Myrsine coriacea,-85.30000000000,10.80000000000
Myrsine coriacea,-85.32666700000,10.84694400000
Myrsine coriacea,-85.32500000000,10.90166000000
Myrsine coriacea,-85.46000000000,10.91000000000
Myrsine coriacea,-85.45000000000,10.91670000000
Myrsine coriacea,-85.46388900000,10.91722200000
Myrsine coriacea,-85.47083300000,10.91777800000
Myrsine coriacea,-85.49000000000,10.92000000000
Myrsine coriacea,-85.48000000000,10.92000000000
Myrsine coriacea,-85.47000000000,10.92000000000
Myrsine coriacea,-85.47486100000,10.92758300000
Myrsine coriacea,-85.47486000000,10.92758300000
Myrsine coriacea,-85.48472000000,10.92916000000
Myrsine coriacea,-85.48472200000,10.92916700000
Myrsine coriacea,-85.47083400000,10.92916700000
Myrsine coriacea,-85.47083300000,10.92916700000
Myrsine coriacea,-85.45972200000,10.93138900000
Myrsine coriacea,-85.46666700000,10.95000000000
Myrsine coriacea,-85.46666000000,10.95000000000
Myrsine coriacea,-85.50000000000,10.96666000000
Myrsine coriacea,-85.49580600000,10.96716700000
Myrsine coriacea,-74.15000000000,10.98333000000
Myrsine coriacea,-85.41000000000,11.02000000000
Myrsine coriacea,-74.01666000000,11.08333000000
Myrsine coriacea,-73.80000000000,11.08333000000
Myrsine coriacea,-74.01666700000,11.08333300000
Myrsine coriacea,-74.04420000000,11.09140000000
Myrsine coriacea,-74.10000000000,11.11666000000
Myrsine coriacea,-69.68333000000,11.20000000000
Myrsine coriacea,-74.17030000000,11.30241900000
Myrsine coriacea,-69.98333300000,11.80000000000
