sp,lon,lat
Nectandra membranacea,-42.88170000000,-20.75420000000
Nectandra membranacea,-42.88190000000,-20.75390000000
Nectandra membranacea,-41.47111100000,-20.36333300000
Nectandra membranacea,-41.53580000000,-20.34580000000
Nectandra membranacea,-40.62750000000,-19.93777800000
Nectandra membranacea,-40.50694400000,-19.93611100000
Nectandra membranacea,-40.60030000000,-19.93560000000
Nectandra membranacea,-40.60763900000,-19.93088900000
Nectandra membranacea,-40.55305600000,-19.90750000000
Nectandra membranacea,-40.82688900000,-19.87636100000
Nectandra membranacea,-40.55388900000,-19.83638900000
Nectandra membranacea,-42.73220000000,-19.71220000000
Nectandra membranacea,-40.04586100000,-19.40405600000
Nectandra membranacea,-40.07220000000,-19.39110000000
Nectandra membranacea,-42.56860000000,-19.36360000000
Nectandra membranacea,-40.78750000000,-19.20583300000
Nectandra membranacea,-40.73472200000,-18.90702800000
Nectandra membranacea,-41.94940000000,-18.85110000000
