sp,lon,lat
Platypodium elegans,-50.58527800000,-27.28333300000
Platypodium elegans,-57.00000000000,-25.00000000000
Platypodium elegans,-49.46390414000,-24.11696292000
Platypodium elegans,-57.18333000000,-24.10000000000
Platypodium elegans,-49.07000000000,-24.06222200000
Platypodium elegans,-49.07500000000,-24.05722200000
Platypodium elegans,-52.36916700000,-24.04333300000
Platypodium elegans,-52.36905600000,-24.04330600000
Platypodium elegans,-52.75475000000,-23.91366700000
Platypodium elegans,-52.75472200000,-23.91361100000
Platypodium elegans,-56.09388000000,-23.80333000000
Platypodium elegans,-48.59388900000,-23.71170300000
Platypodium elegans,-48.74833300000,-23.53416700000
Platypodium elegans,-48.75555600000,-23.51722200000
Platypodium elegans,-48.73916700000,-23.50611100000
Platypodium elegans,-48.35056000000,-23.42388900000
Platypodium elegans,-47.68333300000,-23.38333300000
Platypodium elegans,-47.47938300000,-23.26669400000
Platypodium elegans,-58.39102400000,-23.23621100000
Platypodium elegans,-58.16890000000,-23.20250000000
Platypodium elegans,-49.35430600000,-23.11033300000
Platypodium elegans,-49.35416700000,-23.11027800000
Platypodium elegans,-48.52391700000,-23.04875000000
Platypodium elegans,-48.18330000000,-23.03330000000
Platypodium elegans,-48.81833300000,-23.01666700000
Platypodium elegans,-53.67319400000,-22.93322200000
Platypodium elegans,-56.05413100000,-22.90560800000
Platypodium elegans,-47.06080000000,-22.90560000000
Platypodium elegans,-47.06043397000,-22.90385247000
Platypodium elegans,-47.09312000000,-22.85608000000
Platypodium elegans,-47.25000000000,-22.85000000000
Platypodium elegans,-48.16666700000,-22.78333300000
Platypodium elegans,-47.11666000000,-22.78333000000
Platypodium elegans,-47.11542696000,-22.78054402000
Platypodium elegans,-48.41666700000,-22.75000000000
Platypodium elegans,-47.50000000000,-22.75000000000
Platypodium elegans,-47.93722200000,-22.68722200000
Platypodium elegans,-44.58233300000,-22.66475000000
Platypodium elegans,-44.65666700000,-22.64277800000
Platypodium elegans,-54.07063900000,-22.50986100000
Platypodium elegans,-48.45000000000,-22.40000000000
Platypodium elegans,-46.36805600000,-22.28888900000
Platypodium elegans,-48.04222200000,-22.26500000000
Platypodium elegans,-48.35555600000,-22.25416700000
Platypodium elegans,-52.35000000000,-22.20000000000
Platypodium elegans,-49.31666700000,-22.16666700000
Platypodium elegans,-56.48333000000,-22.10000000000
Platypodium elegans,-47.50000000000,-22.03333300000
Platypodium elegans,-42.97138900000,-22.00055600000
Platypodium elegans,-42.97138800000,-22.00055500000
Platypodium elegans,-49.00000000000,-22.00000000000
Platypodium elegans,-47.33333300000,-22.00000000000
Platypodium elegans,-42.36820984000,-21.98494544000
Platypodium elegans,-47.47138900000,-21.94027800000
Platypodium elegans,-52.42269314000,-21.71821350000
Platypodium elegans,-45.04129000000,-21.71670000000
Platypodium elegans,-47.30527800000,-21.59777800000
Platypodium elegans,-54.40583300000,-21.39750000000
Platypodium elegans,-47.94383300000,-21.33368400000
Platypodium elegans,-47.30420000000,-21.27530000000
Platypodium elegans,-44.99968879000,-21.24942985000
Platypodium elegans,-54.22111100000,-21.23305600000
Platypodium elegans,-47.83333300000,-21.21666700000
Platypodium elegans,-48.89250000000,-21.21388900000
Platypodium elegans,-45.44060000000,-21.18940000000
Platypodium elegans,-48.90720000000,-21.18580000000
Platypodium elegans,-43.01780000000,-21.17500000000
Platypodium elegans,-45.47333300000,-21.11611100000
Platypodium elegans,-45.47119400000,-21.10661100000
Platypodium elegans,-47.15400000000,-21.08600000000
Platypodium elegans,-47.15388900000,-21.08583300000
Platypodium elegans,-56.44033300000,-21.03863900000
Platypodium elegans,-56.03333300000,-21.03333300000
Platypodium elegans,-55.00000000000,-21.00000000000
Platypodium elegans,-46.62763900000,-20.84930600000
Platypodium elegans,-49.37940000000,-20.81970000000
Platypodium elegans,-49.38055600000,-20.81000000000
Platypodium elegans,-42.88190000000,-20.75390000000
Platypodium elegans,-49.92916700000,-20.74277800000
Platypodium elegans,-56.87194400000,-20.73916700000
Platypodium elegans,-42.01666700000,-20.71666700000
Platypodium elegans,-48.53333300000,-20.70000000000
Platypodium elegans,-42.52080000000,-20.66670000000
Platypodium elegans,-42.85684209000,-20.65492225000
Platypodium elegans,-42.85670000000,-20.65110000000
Platypodium elegans,-50.22610000000,-20.64390000000
Platypodium elegans,-43.00750000000,-20.57080000000
Platypodium elegans,-56.71500000000,-20.53861100000
Platypodium elegans,-54.58083300000,-20.50055600000
Platypodium elegans,-54.60000000000,-20.50000000000
Platypodium elegans,-44.61100000000,-20.47194400000
Platypodium elegans,-50.07418000000,-20.46994000000
Platypodium elegans,-55.49033300000,-20.46055600000
Platypodium elegans,-55.51155600000,-20.46038900000
Platypodium elegans,-55.50028300000,-20.45639700000
Platypodium elegans,-55.48413300000,-20.45117800000
Platypodium elegans,-55.48344400000,-20.44983300000
Platypodium elegans,-54.64638900000,-20.44277800000
Platypodium elegans,-42.90860000000,-20.41640000000
Platypodium elegans,-43.41610000000,-20.37780000000
Platypodium elegans,-42.60860000000,-20.31440000000
Platypodium elegans,-43.50810000000,-20.28750000000
Platypodium elegans,-43.73000000000,-20.28000000000
Platypodium elegans,-50.54066001000,-20.26409772000
Platypodium elegans,-46.93797200000,-20.25800000000
Platypodium elegans,-43.80140000000,-20.25330000000
Platypodium elegans,-47.43333300000,-20.21666700000
Platypodium elegans,-52.09472200000,-20.17055600000
Platypodium elegans,-56.76388900000,-20.07916700000
Platypodium elegans,-43.51000000000,-20.07611100000
Platypodium elegans,-43.90631400000,-19.95428900000
Platypodium elegans,-43.90611100000,-19.95416700000
Platypodium elegans,-55.32400000000,-19.93600000000
Platypodium elegans,-55.32416700000,-19.93555600000
Platypodium elegans,-43.93801456000,-19.92460812000
Platypodium elegans,-43.93805600000,-19.92138900000
Platypodium elegans,-43.91597200000,-19.89161100000
Platypodium elegans,-43.80690565000,-19.89050766000
Platypodium elegans,-43.66970000000,-19.88000000000
Platypodium elegans,-40.87530000000,-19.87390000000
Platypodium elegans,-44.04725000000,-19.85725000000
Platypodium elegans,-43.36220000000,-19.82610000000
Platypodium elegans,-40.27330000000,-19.82030000000
Platypodium elegans,-42.70944000000,-19.80389000000
Platypodium elegans,-42.70944400000,-19.80388900000
Platypodium elegans,-43.95861100000,-19.79111100000
Platypodium elegans,-42.13920000000,-19.78970000000
Platypodium elegans,-42.73220000000,-19.71220000000
Platypodium elegans,-54.89200000000,-19.57800000000
Platypodium elegans,-51.90919400000,-19.57247200000
Platypodium elegans,-40.63060000000,-19.53940000000
Platypodium elegans,-43.74500000000,-19.51360000000
Platypodium elegans,-43.88233300000,-19.50775000000
Platypodium elegans,-56.17000000000,-19.50000000000
Platypodium elegans,-43.98308300000,-19.47000000000
Platypodium elegans,-48.39055600000,-19.46638900000
Platypodium elegans,-43.96222200000,-19.46055600000
Platypodium elegans,-54.98694400000,-19.44944400000
Platypodium elegans,-40.67000000000,-19.42000000000
Platypodium elegans,-40.66666700000,-19.41666700000
Platypodium elegans,-40.66666000000,-19.41666000000
Platypodium elegans,-43.40205600000,-19.39636100000
Platypodium elegans,-40.07185301000,-19.39490022000
Platypodium elegans,-40.07220000000,-19.39110000000
Platypodium elegans,-40.07190000000,-19.39110000000
Platypodium elegans,-49.61638900000,-19.38250000000
Platypodium elegans,-44.19516700000,-19.35877800000
Platypodium elegans,-58.08638000000,-19.35833000000
Platypodium elegans,-45.45382900000,-19.34349800000
Platypodium elegans,-47.26666700000,-19.33333300000
Platypodium elegans,-46.33333300000,-19.33333300000
Platypodium elegans,-46.25000000000,-19.33333300000
Platypodium elegans,-57.57800000000,-19.29050800000
Platypodium elegans,-51.05916700000,-19.28986100000
Platypodium elegans,-57.57777800000,-19.28152800000
Platypodium elegans,-57.57777800000,-19.28138900000
Platypodium elegans,-44.40444511000,-19.27819571000
Platypodium elegans,-44.40194400000,-19.27333300000
Platypodium elegans,-57.64244400000,-19.27263900000
Platypodium elegans,-57.56083300000,-19.23666700000
Platypodium elegans,-57.85138900000,-19.23036100000
Platypodium elegans,-57.52222200000,-19.22630600000
Platypodium elegans,-57.83333300000,-19.21666700000
Platypodium elegans,-42.74833300000,-19.14777800000
Platypodium elegans,-43.76353000000,-19.08602400000
Platypodium elegans,-56.10000000000,-19.01666700000
Platypodium elegans,-40.54858300000,-19.01183300000
Platypodium elegans,-43.77742900000,-19.01082000000
Platypodium elegans,-43.77735300000,-18.99053000000
Platypodium elegans,-40.66250000000,-18.98500000000
Platypodium elegans,-40.74027800000,-18.98305600000
Platypodium elegans,-49.46558332000,-18.97297871000
Platypodium elegans,-43.79492700000,-18.96068300000
Platypodium elegans,-46.99361100000,-18.94472200000
Platypodium elegans,-43.41861100000,-18.90944400000
Platypodium elegans,-40.66694400000,-18.90277800000
Platypodium elegans,-58.62055000000,-18.82277000000
Platypodium elegans,-44.43084612000,-18.76048600000
Platypodium elegans,-40.89083300000,-18.75500000000
Platypodium elegans,-58.57916700000,-18.73055600000
Platypodium elegans,-59.25000000000,-18.66666000000
Platypodium elegans,-44.08250000000,-18.64444400000
Platypodium elegans,-43.37940000000,-18.60470000000
Platypodium elegans,-59.16333000000,-18.58055000000
Platypodium elegans,-64.04305600000,-18.53888900000
Platypodium elegans,-40.60339400000,-18.50725000000
Platypodium elegans,-51.99527800000,-18.43944400000
Platypodium elegans,-44.45664731000,-18.38457882000
Platypodium elegans,-40.14731400000,-18.36906800000
Platypodium elegans,-43.17000000000,-18.36190000000
Platypodium elegans,-40.14837700000,-18.33758000000
Platypodium elegans,-59.75000000000,-18.33333000000
Platypodium elegans,-59.57972000000,-18.31972000000
Platypodium elegans,-59.58333000000,-18.31666000000
Platypodium elegans,-40.47997200000,-18.31083300000
Platypodium elegans,-39.95722200000,-18.29861100000
Platypodium elegans,-43.00920000000,-18.29360000000
Platypodium elegans,-53.42300000000,-18.24800000000
Platypodium elegans,-49.74119901000,-18.21796396000
Platypodium elegans,-48.39777700000,-18.21111100000
Platypodium elegans,-53.40041700000,-18.17702800000
Platypodium elegans,-43.50795000000,-18.14480000000
Platypodium elegans,-53.68750000000,-18.13630600000
Platypodium elegans,-60.18611000000,-18.05222000000
Platypodium elegans,-47.78961000000,-18.01337000000
Platypodium elegans,-46.82194400000,-17.95944400000
Platypodium elegans,-47.68268000000,-17.91116000000
Platypodium elegans,-57.53000000000,-17.87000000000
Platypodium elegans,-48.55000000000,-17.86667000000
Platypodium elegans,-51.72555600000,-17.85916700000
Platypodium elegans,-57.55936100000,-17.84191700000
Platypodium elegans,-50.10080000000,-17.78810000000
Platypodium elegans,-48.50000000000,-17.78333000000
Platypodium elegans,-48.50000000000,-17.78000000000
Platypodium elegans,-50.06861100000,-17.77138900000
Platypodium elegans,-48.46667000000,-17.76667000000
Platypodium elegans,-44.17090000000,-17.75880000000
Platypodium elegans,-46.17286079000,-17.74656381000
Platypodium elegans,-50.09420000000,-17.73310000000
Platypodium elegans,-50.10444400000,-17.72888900000
Platypodium elegans,-50.07805600000,-17.72833300000
Platypodium elegans,-48.15989274000,-17.72565908000
Platypodium elegans,-50.07861100000,-17.72250000000
Platypodium elegans,-50.09370000000,-17.71890000000
Platypodium elegans,-50.07333300000,-17.67361100000
Platypodium elegans,-50.13030000000,-17.66330000000
Platypodium elegans,-50.08690000000,-17.66000000000
Platypodium elegans,-50.09460000000,-17.60940000000
Platypodium elegans,-48.43333000000,-17.60000000000
Platypodium elegans,-48.43000000000,-17.60000000000
Platypodium elegans,-61.50000000000,-17.50000000000
Platypodium elegans,-50.03805600000,-17.49250000000
Platypodium elegans,-50.05340000000,-17.40500000000
Platypodium elegans,-50.05560000000,-17.40450000000
Platypodium elegans,-50.05320000000,-17.40440000000
Platypodium elegans,-50.06040000000,-17.40210000000
Platypodium elegans,-48.51667000000,-17.35000000000
Platypodium elegans,-59.68055000000,-17.33861000000
Platypodium elegans,-48.50000000000,-17.33000000000
Platypodium elegans,-46.87277800000,-17.22555000000
Platypodium elegans,-46.86666700000,-17.21666700000
Platypodium elegans,-50.83638900000,-17.17250000000
Platypodium elegans,-46.00944400000,-17.00972200000
Platypodium elegans,-50.63555600000,-16.98777800000
Platypodium elegans,-50.63555500000,-16.98777700000
Platypodium elegans,-51.81103057000,-16.96063322000
Platypodium elegans,-47.91666700000,-16.80000000000
Platypodium elegans,-47.93510000000,-16.78280000000
Platypodium elegans,-47.93500000000,-16.78277800000
Platypodium elegans,-52.61666700000,-16.73333300000
Platypodium elegans,-52.61666000000,-16.73333000000
Platypodium elegans,-52.62000000000,-16.73000000000
Platypodium elegans,-64.43500000000,-16.72610000000
Platypodium elegans,-62.83333000000,-16.66666000000
Platypodium elegans,-62.45000000000,-16.63750000000
Platypodium elegans,-61.86666500000,-16.58333400000
Platypodium elegans,-61.86666000000,-16.58333000000
Platypodium elegans,-41.30000000000,-16.56666700000
Platypodium elegans,-42.88954090000,-16.56314419000
Platypodium elegans,-57.55827800000,-16.55505600000
Platypodium elegans,-54.57138900000,-16.54638900000
Platypodium elegans,-61.84805000000,-16.52166000000
Platypodium elegans,-48.02290000000,-16.51840000000
Platypodium elegans,-48.02000000000,-16.51840000000
Platypodium elegans,-61.83333300000,-16.51666700000
Platypodium elegans,-54.83180600000,-16.50019400000
Platypodium elegans,-60.97166000000,-16.45916000000
Platypodium elegans,-52.66666700000,-16.45000000000
Platypodium elegans,-51.97000000000,-16.42000000000
Platypodium elegans,-58.29305600000,-16.36944400000
Platypodium elegans,-60.96666000000,-16.36666000000
Platypodium elegans,-58.17736100000,-16.36563900000
Platypodium elegans,-46.90620656000,-16.36153481000
Platypodium elegans,-58.30333300000,-16.35333300000
Platypodium elegans,-48.20222000000,-16.34778000000
Platypodium elegans,-48.96666700000,-16.33333300000
Platypodium elegans,-48.17750000000,-16.32889000000
Platypodium elegans,-48.18361000000,-16.29667000000
Platypodium elegans,-49.15777800000,-16.25916700000
Platypodium elegans,-47.95027800000,-16.25250000000
Platypodium elegans,-47.34333000000,-16.22111000000
Platypodium elegans,-47.34500000000,-16.22056000000
Platypodium elegans,-47.24806000000,-16.19861000000
Platypodium elegans,-50.38333300000,-16.18333300000
Platypodium elegans,-48.60333000000,-16.14250000000
Platypodium elegans,-61.97000000000,-16.12000000000
Platypodium elegans,-61.98333000000,-16.11944000000
Platypodium elegans,-40.80083300000,-16.06416700000
Platypodium elegans,-47.32389000000,-16.05056000000
Platypodium elegans,-47.97000000000,-15.98333300000
Platypodium elegans,-47.90305600000,-15.98166700000
Platypodium elegans,-43.41000000000,-15.98083000000
Platypodium elegans,-47.92083300000,-15.98000000000
Platypodium elegans,-47.89527800000,-15.96833300000
Platypodium elegans,-47.98806900000,-15.94831100000
Platypodium elegans,-47.96666700000,-15.93333300000
Platypodium elegans,-47.88333300000,-15.93333300000
Platypodium elegans,-48.01027800000,-15.93250000000
Platypodium elegans,-48.03333000000,-15.92417000000
Platypodium elegans,-48.03333300000,-15.92416700000
Platypodium elegans,-51.55722200000,-15.90111100000
Platypodium elegans,-47.85722200000,-15.89222200000
Platypodium elegans,-52.25000000000,-15.88333300000
Platypodium elegans,-48.48333000000,-15.86667000000
Platypodium elegans,-48.05000000000,-15.86666700000
Platypodium elegans,-47.85000000000,-15.86666700000
Platypodium elegans,-47.84972200000,-15.86527800000
Platypodium elegans,-55.76888900000,-15.85944400000
Platypodium elegans,-48.95000000000,-15.85000000000
Platypodium elegans,-47.81666700000,-15.85000000000
Platypodium elegans,-47.81556000000,-15.81833000000
Platypodium elegans,-43.30906810000,-15.80622810000
Platypodium elegans,-48.80914036000,-15.79176895000
Platypodium elegans,-47.92987267000,-15.78342081000
Platypodium elegans,-47.65125000000,-15.75985000000
Platypodium elegans,-49.04555600000,-15.74416700000
Platypodium elegans,-47.88333300000,-15.73333300000
Platypodium elegans,-57.66555600000,-15.73111100000
Platypodium elegans,-47.88000000000,-15.73000000000
Platypodium elegans,-47.93333300000,-15.71666700000
Platypodium elegans,-62.81500000000,-15.71600000000
Platypodium elegans,-52.33000000000,-15.67000000000
Platypodium elegans,-52.33333300000,-15.66666700000
Platypodium elegans,-56.04386700000,-15.61275600000
Platypodium elegans,-47.70694400000,-15.60602200000
Platypodium elegans,-56.09770141000,-15.59978957000
Platypodium elegans,-47.59138900000,-15.59055500000
Platypodium elegans,-48.16666700000,-15.58333300000
Platypodium elegans,-47.87638900000,-15.58333300000
Platypodium elegans,-48.13000000000,-15.54000000000
Platypodium elegans,-47.85000000000,-15.54000000000
Platypodium elegans,-47.55000000000,-15.53333300000
Platypodium elegans,-47.66670000000,-15.52633000000
Platypodium elegans,-48.18055600000,-15.52194400000
Platypodium elegans,-59.03000000000,-15.47000000000
Platypodium elegans,-52.18000000000,-15.47000000000
Platypodium elegans,-59.03333300000,-15.46666700000
Platypodium elegans,-59.03000000000,-15.46666700000
Platypodium elegans,-59.03333000000,-15.46666000000
Platypodium elegans,-55.77825000000,-15.43200000000
Platypodium elegans,-48.90830000000,-15.41500000000
Platypodium elegans,-58.19888900000,-15.40222200000
Platypodium elegans,-58.86640000000,-15.34190000000
Platypodium elegans,-45.98530000000,-15.31860000000
Platypodium elegans,-47.10261000000,-15.30964000000
Platypodium elegans,-61.24277800000,-15.24611100000
Platypodium elegans,-61.24277000000,-15.24611000000
Platypodium elegans,-47.00000000000,-15.17000000000
Platypodium elegans,-48.41666700000,-15.16666700000
Platypodium elegans,-47.43333300000,-15.16666700000
Platypodium elegans,-47.00000000000,-15.16666700000
Platypodium elegans,-44.26000000000,-15.11250000000
Platypodium elegans,-61.49611000000,-15.04416000000
Platypodium elegans,-61.12833300000,-15.01027800000
Platypodium elegans,-55.01666700000,-14.93333300000
Platypodium elegans,-44.06666700000,-14.90000000000
Platypodium elegans,-47.52044387000,-14.88370266000
Platypodium elegans,-49.32976197000,-14.86649833000
Platypodium elegans,-52.29694400000,-14.82944400000
Platypodium elegans,-60.39583000000,-14.81138000000
Platypodium elegans,-42.59305600000,-14.77722200000
Platypodium elegans,-42.56666700000,-14.75000000000
Platypodium elegans,-42.51750000000,-14.74583300000
Platypodium elegans,-42.54222200000,-14.74305600000
Platypodium elegans,-42.51388900000,-14.71944400000
Platypodium elegans,-52.34861100000,-14.69027800000
Platypodium elegans,-52.33000000000,-14.67000000000
Platypodium elegans,-52.33000000000,-14.66670000000
Platypodium elegans,-52.23333300000,-14.63333300000
Platypodium elegans,-52.23333000000,-14.63333000000
Platypodium elegans,-48.96667000000,-14.63333000000
Platypodium elegans,-52.23000000000,-14.63000000000
Platypodium elegans,-48.97000000000,-14.63000000000
Platypodium elegans,-42.53027800000,-14.60888900000
Platypodium elegans,-60.83333000000,-14.60000000000
Platypodium elegans,-48.95500000000,-14.59250000000
Platypodium elegans,-48.95000000000,-14.58333300000
Platypodium elegans,-48.95000000000,-14.58000000000
Platypodium elegans,-51.97472200000,-14.56777800000
Platypodium elegans,-60.81666700000,-14.56666700000
Platypodium elegans,-56.22180500000,-14.55843900000
Platypodium elegans,-61.01666000000,-14.53333000000
Platypodium elegans,-49.75000000000,-14.50000000000
Platypodium elegans,-48.45990435000,-14.47789198000
Platypodium elegans,-48.98333000000,-14.43333000000
Platypodium elegans,-61.14638900000,-14.38916700000
Platypodium elegans,-61.14638000000,-14.38916000000
Platypodium elegans,-48.42694400000,-14.34055600000
Platypodium elegans,-56.95452800000,-14.33572200000
Platypodium elegans,-57.36262700000,-14.33471400000
Platypodium elegans,-43.79000000000,-14.33305600000
Platypodium elegans,-42.53444400000,-14.32833300000
Platypodium elegans,-48.39890000000,-14.32440000000
Platypodium elegans,-43.80000000000,-14.30000000000
Platypodium elegans,-42.48000000000,-14.23000000000
Platypodium elegans,-52.37000000000,-14.22000000000
Platypodium elegans,-48.05730600000,-14.21150000000
Platypodium elegans,-48.05722200000,-14.21150000000
Platypodium elegans,-42.53000000000,-14.17000000000
Platypodium elegans,-42.53333300000,-14.16666700000
Platypodium elegans,-42.25000000000,-14.13333300000
Platypodium elegans,-52.15000000000,-14.13000000000
Platypodium elegans,-42.25000000000,-14.13000000000
Platypodium elegans,-42.79722200000,-14.12611100000
Platypodium elegans,-47.43333000000,-14.11667000000
Platypodium elegans,-47.43333300000,-14.11666700000
Platypodium elegans,-42.43472200000,-14.11444400000
Platypodium elegans,-42.43470000000,-14.11440000000
Platypodium elegans,-42.43333300000,-14.08333300000
Platypodium elegans,-42.43333000000,-14.08333000000
Platypodium elegans,-42.43000000000,-14.08000000000
Platypodium elegans,-42.46666700000,-14.06666700000
Platypodium elegans,-46.48639000000,-14.06639000000
Platypodium elegans,-46.48750000000,-14.06472000000
Platypodium elegans,-42.48333300000,-14.05000000000
Platypodium elegans,-42.48000000000,-14.05000000000
Platypodium elegans,-48.41666700000,-13.98333300000
Platypodium elegans,-48.30000000000,-13.96666700000
Platypodium elegans,-48.30000000000,-13.96666600000
Platypodium elegans,-49.96777700000,-13.92833300000
Platypodium elegans,-48.36666700000,-13.89194400000
Platypodium elegans,-44.32472200000,-13.78944400000
Platypodium elegans,-42.34888900000,-13.77750000000
Platypodium elegans,-44.30722200000,-13.75000000000
Platypodium elegans,-46.94388900000,-13.73861100000
Platypodium elegans,-48.15361000000,-13.68500000000
Platypodium elegans,-46.75277700000,-13.65666600000
Platypodium elegans,-60.81888900000,-13.65555600000
Platypodium elegans,-60.83111100000,-13.65388900000
Platypodium elegans,-46.73444400000,-13.62916600000
Platypodium elegans,-46.75833000000,-13.60861000000
Platypodium elegans,-46.83556000000,-13.60167000000
Platypodium elegans,-61.00000000000,-13.60000000000
Platypodium elegans,-48.10750000000,-13.58333000000
Platypodium elegans,-48.10556000000,-13.57833000000
Platypodium elegans,-47.51670000000,-13.57440000000
Platypodium elegans,-61.00000000000,-13.55000000000
Platypodium elegans,-48.25138900000,-13.52444400000
Platypodium elegans,-48.19417000000,-13.50944000000
Platypodium elegans,-47.23042227000,-13.47367208000
Platypodium elegans,-48.17917000000,-13.38972000000
Platypodium elegans,-42.24555600000,-13.29722200000
Platypodium elegans,-43.30722200000,-13.21805600000
Platypodium elegans,-48.24861100000,-13.19222200000
Platypodium elegans,-48.28833300000,-13.16583300000
Platypodium elegans,-48.22000000000,-13.14861100000
Platypodium elegans,-40.99944400000,-13.11916700000
Platypodium elegans,-40.99947200000,-13.10238900000
Platypodium elegans,-48.22694400000,-13.04333300000
Platypodium elegans,-48.26888800000,-13.03583300000
Platypodium elegans,-46.55666600000,-12.97694400000
Platypodium elegans,-48.12944400000,-12.96416600000
Platypodium elegans,-51.87000000000,-12.90000000000
Platypodium elegans,-51.86667000000,-12.90000000000
Platypodium elegans,-48.17638800000,-12.88777700000
Platypodium elegans,-51.75000000000,-12.85000000000
Platypodium elegans,-51.77000000000,-12.82000000000
Platypodium elegans,-51.76666700000,-12.81666700000
Platypodium elegans,-41.36666700000,-12.80000000000
Platypodium elegans,-48.19944400000,-12.78500000000
Platypodium elegans,-41.19888900000,-12.67916700000
Platypodium elegans,-41.25611100000,-12.50944400000
Platypodium elegans,-40.52111100000,-12.41722200000
Platypodium elegans,-40.52666700000,-12.41250000000
Platypodium elegans,-41.13083300000,-12.40888900000
Platypodium elegans,-42.90000000000,-12.36666700000
Platypodium elegans,-40.47777800000,-12.34250000000
Platypodium elegans,-40.47916700000,-12.33361100000
Platypodium elegans,-40.48333300000,-12.30000000000
Platypodium elegans,-41.16083300000,-12.28861100000
Platypodium elegans,-43.21666600000,-12.25000000000
Platypodium elegans,-40.95000000000,-12.21666700000
Platypodium elegans,-43.21666700000,-12.18333300000
Platypodium elegans,-42.00833300000,-12.09611100000
Platypodium elegans,-40.56000000000,-12.06777800000
Platypodium elegans,-70.25000000000,-12.00000000000
Platypodium elegans,-42.64416700000,-11.98333300000
Platypodium elegans,-42.72500000000,-11.89666700000
Platypodium elegans,-42.70250000000,-11.89666700000
Platypodium elegans,-55.48277800000,-11.86666700000
Platypodium elegans,-40.47250000000,-11.85888900000
Platypodium elegans,-42.46666700000,-11.83555600000
Platypodium elegans,-42.53555600000,-11.39861100000
Platypodium elegans,-51.67000000000,-11.17000000000
Platypodium elegans,-51.66666700000,-11.16666700000
Platypodium elegans,-51.00000000000,-11.16666700000
Platypodium elegans,-51.66666000000,-11.16666000000
Platypodium elegans,-44.95000000000,-10.96666700000
Platypodium elegans,-37.14361100000,-10.83961100000
Platypodium elegans,-52.87310000000,-10.83390000000
Platypodium elegans,-68.23118300000,-10.77825000000
Platypodium elegans,-50.58000000000,-10.67000000000
Platypodium elegans,-50.58333300000,-10.66666700000
Platypodium elegans,-50.00000000000,-10.66666700000
Platypodium elegans,-50.58333000000,-10.66666000000
Platypodium elegans,-50.50000000000,-10.50000000000
Platypodium elegans,-67.71018900000,-10.44393300000
Platypodium elegans,-44.60777800000,-10.20722200000
Platypodium elegans,-44.60777700000,-10.20722200000
Platypodium elegans,-42.63333300000,-9.97916700000
Platypodium elegans,-67.77000000000,-9.92000000000
Platypodium elegans,-42.55000000000,-9.88333300000
Platypodium elegans,-42.55000000000,-9.88333000000
Platypodium elegans,-42.55000000000,-9.88000000000
Platypodium elegans,-43.20083300000,-9.44027800000
Platypodium elegans,-69.00000000000,-9.33333300000
Platypodium elegans,-69.00000000000,-9.33333000000
Platypodium elegans,-69.00000000000,-9.33000000000
Platypodium elegans,-36.78705600000,-9.01002800000
Platypodium elegans,-42.48916700000,-8.73361100000
Platypodium elegans,-42.48916700000,-8.73333300000
Platypodium elegans,-42.48333300000,-8.73333300000
Platypodium elegans,-41.91027800000,-7.85388900000
Platypodium elegans,-46.03555600000,-7.53250000000
Platypodium elegans,-41.71666700000,-7.47583300000
Platypodium elegans,-41.33000000000,-7.42000000000
Platypodium elegans,-41.33333300000,-7.41666700000
Platypodium elegans,-39.47060600000,-7.34196700000
Platypodium elegans,-48.43083300000,-7.20138900000
Platypodium elegans,-41.76833300000,-7.13333300000
Platypodium elegans,-41.47020300000,-7.04813000000
Platypodium elegans,-48.58666700000,-6.75416700000
Platypodium elegans,-40.67998300000,-6.66000800000
Platypodium elegans,-40.51247200000,-6.64558300000
Platypodium elegans,-48.43888800000,-6.12222200000
Platypodium elegans,-44.46666000000,-5.23333000000
Platypodium elegans,-44.47000000000,-5.23000000000
Platypodium elegans,-40.91555600000,-5.14138900000
Platypodium elegans,-40.85000000000,-5.08333300000
Platypodium elegans,-46.67053300000,-4.54602800000
Platypodium elegans,-41.67055600000,-4.10750000000
Platypodium elegans,-41.66666700000,-4.10000000000
Platypodium elegans,-41.51305600000,-3.56333300000
Platypodium elegans,-41.54305600000,-3.48388900000
Platypodium elegans,-74.17933300000,2.29208300000
Platypodium elegans,-74.11666000000,2.58333000000
Platypodium elegans,-74.16666700000,2.66666700000
Platypodium elegans,-74.16667000000,2.66670000000
Platypodium elegans,-72.86670000000,3.88110000000
Platypodium elegans,-74.84955600000,5.93631000000
Platypodium elegans,-74.84733000000,5.94547000000
Platypodium elegans,-74.96265000000,5.97110000000
Platypodium elegans,-74.80000000000,6.10000000000
Platypodium elegans,-75.82805600000,6.55972200000
Platypodium elegans,-73.15002800000,6.86563900000
Platypodium elegans,-74.80000000000,6.91666000000
Platypodium elegans,-74.80000000000,6.91666700000
Platypodium elegans,-72.00000000000,7.00000000000
Platypodium elegans,-65.91190000000,7.07580000000
Platypodium elegans,-75.05000000000,7.21666700000
Platypodium elegans,-73.24858300000,7.23500000000
Platypodium elegans,-75.05824000000,7.31976200000
Platypodium elegans,-77.68333300000,7.73333300000
Platypodium elegans,-77.65000000000,7.75000000000
Platypodium elegans,-81.52000000000,7.76000000000
Platypodium elegans,-77.33333300000,7.86666700000
Platypodium elegans,-76.52244200000,8.09678100000
Platypodium elegans,-81.50000000000,8.16666700000
Platypodium elegans,-82.88333300000,8.25000000000
Platypodium elegans,-73.62252800000,8.31456900000
Platypodium elegans,-81.81666700000,8.53333300000
Platypodium elegans,-78.15000000000,8.65000000000
Platypodium elegans,-75.24041000000,8.65522000000
Platypodium elegans,-77.90000000000,8.93333300000
Platypodium elegans,-79.40138000000,9.13750000000
Platypodium elegans,-79.84305500000,9.14138900000
Platypodium elegans,-79.85000000000,9.15000000000
Platypodium elegans,-79.82416700000,9.15194400000
Platypodium elegans,-79.84805500000,9.15472200000
Platypodium elegans,-79.82222000000,9.15833000000
Platypodium elegans,-79.86805600000,9.15861100000
Platypodium elegans,-79.83638900000,9.16361100000
Platypodium elegans,-79.84722200000,9.16944500000
Platypodium elegans,-74.85106600000,9.32600500000
Platypodium elegans,-73.27937500000,9.57280600000
Platypodium elegans,-72.91666000000,9.60000000000
Platypodium elegans,-75.41405000000,9.60342000000
Platypodium elegans,-75.59785000000,9.81149000000
Platypodium elegans,-72.66666000000,9.83333000000
Platypodium elegans,-75.10400600000,9.93695300000
Platypodium elegans,-73.89094400000,9.97561100000
Platypodium elegans,-73.13333000000,10.36666000000
Platypodium elegans,-70.81666000000,10.45000000000
Platypodium elegans,-74.95272200000,10.52412800000
Platypodium elegans,-74.97138900000,10.65416700000
Platypodium elegans,-72.28333000000,10.78333000000
Platypodium elegans,-72.33333000000,10.86666000000
Platypodium elegans,-72.27500000000,11.04166000000
Platypodium elegans,-72.63423000000,11.13362000000
