sp,lon,lat
Sapium glandulosum,-42.86064400000,-20.76668600000
Sapium glandulosum,-42.88222200000,-20.75444400000
Sapium glandulosum,-42.88170000000,-20.75420000000
Sapium glandulosum,-42.88190000000,-20.75390000000
Sapium glandulosum,-42.27890000000,-20.72560000000
Sapium glandulosum,-41.53580000000,-20.34580000000
Sapium glandulosum,-41.13470000000,-20.33970000000
Sapium glandulosum,-43.50810000000,-20.28750000000
Sapium glandulosum,-43.80140000000,-20.25330000000
Sapium glandulosum,-43.41530000000,-19.95940000000
Sapium glandulosum,-40.82611100000,-19.87444400000
Sapium glandulosum,-42.13920000000,-19.78970000000
Sapium glandulosum,-39.78717200000,-19.57450900000
Sapium glandulosum,-43.74500000000,-19.51360000000
Sapium glandulosum,-39.85727800000,-19.42086100000
Sapium glandulosum,-43.56534700000,-19.39133500000
Sapium glandulosum,-40.07220000000,-19.39110000000
Sapium glandulosum,-40.46138900000,-18.76472200000
Sapium glandulosum,-42.60250000000,-18.36580000000
