sp,lon,lat
Schinus terebinthifolia,-64.92080000000,-35.38690000000
Schinus terebinthifolia,-52.34261100000,-31.76627800000
Schinus terebinthifolia,-52.42433300000,-31.68800000000
Schinus terebinthifolia,-52.41666700000,-31.68333300000
Schinus terebinthifolia,-52.21666700000,-31.50000000000
Schinus terebinthifolia,-54.10768482000,-31.33562335000
Schinus terebinthifolia,-51.98000000000,-31.25000000000
Schinus terebinthifolia,-50.50970000000,-30.25780000000
Schinus terebinthifolia,-50.23750000000,-30.25194400000
Schinus terebinthifolia,-51.33922900000,-30.21031200000
Schinus terebinthifolia,-51.32805600000,-30.10116700000
Schinus terebinthifolia,-50.22555600000,-30.05305600000
Schinus terebinthifolia,-51.21443700000,-30.03499100000
Schinus terebinthifolia,-51.23722200000,-30.01913900000
Schinus terebinthifolia,-50.41268900000,-29.95311700000
Schinus terebinthifolia,-50.18927800000,-29.87116700000
Schinus terebinthifolia,-51.15704000000,-29.79607100000
Schinus terebinthifolia,-51.13333300000,-29.75000000000
Schinus terebinthifolia,-53.80764696000,-29.68830909000
Schinus terebinthifolia,-51.15000000000,-29.66666700000
Schinus terebinthifolia,-50.21333300000,-29.66166700000
Schinus terebinthifolia,-50.99650000000,-29.61133300000
Schinus terebinthifolia,-51.37637191000,-29.59082379000
Schinus terebinthifolia,-51.86168600000,-29.58026400000
Schinus terebinthifolia,-51.98416700000,-29.53111100000
Schinus terebinthifolia,-51.99694400000,-29.45694400000
Schinus terebinthifolia,-52.26888900000,-29.39333300000
Schinus terebinthifolia,-49.84972200000,-29.36944400000
Schinus terebinthifolia,-51.83333300000,-29.35277800000
Schinus terebinthifolia,-49.72722200000,-29.33583300000
Schinus terebinthifolia,-51.75376700000,-29.33226100000
Schinus terebinthifolia,-50.80000000000,-29.20000000000
Schinus terebinthifolia,-51.17995468000,-29.17222024000
Schinus terebinthifolia,-51.16666700000,-29.16666700000
Schinus terebinthifolia,-51.13000100000,-29.15000000000
Schinus terebinthifolia,-51.13000000000,-29.15000000000
Schinus terebinthifolia,-51.31406100000,-29.13668300000
Schinus terebinthifolia,-50.14444400000,-29.04777800000
Schinus terebinthifolia,-51.90481900000,-29.02635600000
Schinus terebinthifolia,-51.06497200000,-28.97552800000
Schinus terebinthifolia,-51.05000000000,-28.96666700000
Schinus terebinthifolia,-49.48611100000,-28.93527800000
Schinus terebinthifolia,-49.67944400000,-28.92666700000
Schinus terebinthifolia,-49.67916700000,-28.92611100000
Schinus terebinthifolia,-49.46638900000,-28.88083300000
Schinus terebinthifolia,-49.45305600000,-28.84722200000
Schinus terebinthifolia,-56.05586100000,-28.82038900000
Schinus terebinthifolia,-56.05583300000,-28.82027800000
Schinus terebinthifolia,-49.21805600000,-28.80500000000
Schinus terebinthifolia,-56.30000000000,-28.73000000000
Schinus terebinthifolia,-49.30027800000,-28.71388900000
Schinus terebinthifolia,-49.37000000000,-28.67805600000
Schinus terebinthifolia,-49.02583300000,-28.61555600000
Schinus terebinthifolia,-55.61194400000,-28.57638900000
Schinus terebinthifolia,-50.09722200000,-28.55866700000
Schinus terebinthifolia,-49.00722200000,-28.46722200000
Schinus terebinthifolia,-48.76666700000,-28.46666700000
Schinus terebinthifolia,-56.00000000000,-28.45000000000
Schinus terebinthifolia,-54.26406654000,-28.30329083000
Schinus terebinthifolia,-48.67055600000,-28.24055600000
Schinus terebinthifolia,-56.10000000000,-28.23333000000
Schinus terebinthifolia,-56.19666700000,-28.21694400000
Schinus terebinthifolia,-56.23000000000,-28.21000000000
Schinus terebinthifolia,-56.74000000000,-28.18000000000
Schinus terebinthifolia,-50.76083300000,-28.17000000000
Schinus terebinthifolia,-55.54472000000,-28.09111000000
Schinus terebinthifolia,-55.54000000000,-28.09000000000
Schinus terebinthifolia,-50.04000000000,-28.08000000000
Schinus terebinthifolia,-48.69000000000,-28.08000000000
Schinus terebinthifolia,-49.48791700000,-28.04497200000
Schinus terebinthifolia,-49.49363900000,-28.02277800000
Schinus terebinthifolia,-49.58127800000,-27.99141700000
Schinus terebinthifolia,-55.51666000000,-27.98333000000
Schinus terebinthifolia,-55.52000000000,-27.98000000000
Schinus terebinthifolia,-49.87333300000,-27.95333300000
Schinus terebinthifolia,-55.77000000000,-27.92000000000
Schinus terebinthifolia,-55.76666000000,-27.91666000000
Schinus terebinthifolia,-48.58805500000,-27.90361100000
Schinus terebinthifolia,-50.39972200000,-27.90027800000
Schinus terebinthifolia,-55.43000000000,-27.90000000000
Schinus terebinthifolia,-55.70000000000,-27.87000000000
Schinus terebinthifolia,-55.27000000000,-27.87000000000
Schinus terebinthifolia,-55.26666700000,-27.86666700000
Schinus terebinthifolia,-50.33333300000,-27.83333300000
Schinus terebinthifolia,-54.66379024000,-27.82808262000
Schinus terebinthifolia,-50.32648464000,-27.82000884000
Schinus terebinthifolia,-50.32638900000,-27.81638900000
Schinus terebinthifolia,-55.72000000000,-27.78000000000
Schinus terebinthifolia,-55.78000000000,-27.77000000000
Schinus terebinthifolia,-55.16000000000,-27.77000000000
Schinus terebinthifolia,-51.16416700000,-27.76416700000
Schinus terebinthifolia,-55.56666000000,-27.73333000000
Schinus terebinthifolia,-55.57000000000,-27.73000000000
Schinus terebinthifolia,-48.51166700000,-27.72972200000
Schinus terebinthifolia,-56.73000000000,-27.72000000000
Schinus terebinthifolia,-49.32000000000,-27.72000000000
Schinus terebinthifolia,-48.78000000000,-27.72000000000
Schinus terebinthifolia,-51.45066700000,-27.67111100000
Schinus terebinthifolia,-55.62000000000,-27.67000000000
Schinus terebinthifolia,-48.47768800000,-27.65255100000
Schinus terebinthifolia,-55.50000000000,-27.63333000000
Schinus terebinthifolia,-55.50000000000,-27.63000000000
Schinus terebinthifolia,-48.88412000000,-27.62588500000
Schinus terebinthifolia,-48.88416700000,-27.62583300000
Schinus terebinthifolia,-55.32000000000,-27.62000000000
Schinus terebinthifolia,-55.31666000000,-27.61666000000
Schinus terebinthifolia,-55.39000000000,-27.60000000000
Schinus terebinthifolia,-48.51500000000,-27.59861100000
Schinus terebinthifolia,-55.56666700000,-27.58333300000
Schinus terebinthifolia,-55.57000000000,-27.58000000000
Schinus terebinthifolia,-51.12000000000,-27.54000000000
Schinus terebinthifolia,-49.41055600000,-27.54000000000
Schinus terebinthifolia,-55.83333000000,-27.53333000000
Schinus terebinthifolia,-55.55000000000,-27.53333000000
Schinus terebinthifolia,-55.83000000000,-27.53000000000
Schinus terebinthifolia,-55.55000000000,-27.53000000000
Schinus terebinthifolia,-56.66666700000,-27.50000000000
Schinus terebinthifolia,-50.80881900000,-27.48340000000
Schinus terebinthifolia,-55.48333000000,-27.48333000000
Schinus terebinthifolia,-55.13333000000,-27.48333000000
Schinus terebinthifolia,-50.80890600000,-27.48330800000
Schinus terebinthifolia,-50.80946900000,-27.48284400000
Schinus terebinthifolia,-55.92000000000,-27.48000000000
Schinus terebinthifolia,-55.48000000000,-27.48000000000
Schinus terebinthifolia,-55.13000000000,-27.48000000000
Schinus terebinthifolia,-55.75000000000,-27.47000000000
Schinus terebinthifolia,-55.75000000000,-27.46666000000
Schinus terebinthifolia,-55.08000000000,-27.46000000000
Schinus terebinthifolia,-49.86222200000,-27.45083300000
Schinus terebinthifolia,-55.59000000000,-27.44000000000
Schinus terebinthifolia,-55.38333000000,-27.43333000000
Schinus terebinthifolia,-55.38000000000,-27.43000000000
Schinus terebinthifolia,-52.67388900000,-27.42305600000
Schinus terebinthifolia,-49.60277800000,-27.41500000000
Schinus terebinthifolia,-51.97500000000,-27.40583300000
Schinus terebinthifolia,-51.22544554000,-27.40579912000
Schinus terebinthifolia,-55.58333300000,-27.38333300000
Schinus terebinthifolia,-56.00000000000,-27.38333000000
Schinus terebinthifolia,-55.90000000000,-27.38333000000
Schinus terebinthifolia,-55.58333000000,-27.38333000000
Schinus terebinthifolia,-56.00000000000,-27.38000000000
Schinus terebinthifolia,-55.90000000000,-27.38000000000
Schinus terebinthifolia,-55.58000000000,-27.38000000000
Schinus terebinthifolia,-50.23361100000,-27.36111100000
Schinus terebinthifolia,-50.23363600000,-27.36100600000
Schinus terebinthifolia,-52.72638900000,-27.34583300000
Schinus terebinthifolia,-51.60722200000,-27.34555600000
Schinus terebinthifolia,-49.94222200000,-27.33444400000
Schinus terebinthifolia,-55.90000000000,-27.33333000000
Schinus terebinthifolia,-55.53333000000,-27.33333000000
Schinus terebinthifolia,-55.05000000000,-27.33333000000
Schinus terebinthifolia,-55.53000000000,-27.33000000000
Schinus terebinthifolia,-55.05000000000,-27.33000000000
Schinus terebinthifolia,-55.53000000000,-27.32000000000
Schinus terebinthifolia,-51.52611100000,-27.32000000000
Schinus terebinthifolia,-55.53333000000,-27.31666000000
Schinus terebinthifolia,-55.53963900000,-27.29388900000
Schinus terebinthifolia,-55.58000000000,-27.28000000000
Schinus terebinthifolia,-55.57000000000,-27.27000000000
Schinus terebinthifolia,-55.53000000000,-27.27000000000
Schinus terebinthifolia,-55.48000000000,-27.27000000000
Schinus terebinthifolia,-54.92000000000,-27.27000000000
Schinus terebinthifolia,-51.61444400000,-27.26805600000
Schinus terebinthifolia,-55.48333300000,-27.26666700000
Schinus terebinthifolia,-54.91666700000,-27.26666700000
Schinus terebinthifolia,-51.60000000000,-27.26666700000
Schinus terebinthifolia,-55.53333000000,-27.26666000000
Schinus terebinthifolia,-52.02777800000,-27.23444400000
Schinus terebinthifolia,-54.98333000000,-27.23333000000
Schinus terebinthifolia,-54.98000000000,-27.23000000000
Schinus terebinthifolia,-55.53000000000,-27.22000000000
Schinus terebinthifolia,-48.50916700000,-27.21083300000
Schinus terebinthifolia,-48.55256100000,-27.18752500000
Schinus terebinthifolia,-50.58000000000,-27.18472200000
Schinus terebinthifolia,-55.45000000000,-27.18333000000
Schinus terebinthifolia,-49.23138900000,-27.18138900000
Schinus terebinthifolia,-55.45000000000,-27.18000000000
Schinus terebinthifolia,-52.20000000000,-27.18000000000
Schinus terebinthifolia,-50.76000000000,-27.18000000000
Schinus terebinthifolia,-49.50000000000,-27.18000000000
Schinus terebinthifolia,-55.57000000000,-27.17000000000
Schinus terebinthifolia,-55.56666000000,-27.16666000000
Schinus terebinthifolia,-55.34000000000,-27.16000000000
Schinus terebinthifolia,-55.51666000000,-27.13333000000
Schinus terebinthifolia,-55.52000000000,-27.13000000000
Schinus terebinthifolia,-55.40000000000,-27.13000000000
Schinus terebinthifolia,-54.98000000000,-27.11000000000
Schinus terebinthifolia,-54.98472000000,-27.10527000000
Schinus terebinthifolia,-54.95000000000,-27.10000000000
Schinus terebinthifolia,-50.03805500000,-27.09222200000
Schinus terebinthifolia,-51.43500000000,-27.09000000000
Schinus terebinthifolia,-49.41083300000,-27.09000000000
Schinus terebinthifolia,-50.92166700000,-27.02666700000
Schinus terebinthifolia,-49.10474700000,-27.02576400000
Schinus terebinthifolia,-51.40583300000,-27.00194400000
Schinus terebinthifolia,-56.00000000000,-27.00000000000
Schinus terebinthifolia,-53.28000000000,-27.00000000000
Schinus terebinthifolia,-49.58944400000,-26.99805500000
Schinus terebinthifolia,-55.20000000000,-26.97000000000
Schinus terebinthifolia,-55.20000000000,-26.96666000000
Schinus terebinthifolia,-54.21000000000,-26.95000000000
Schinus terebinthifolia,-54.25000000000,-26.94166700000
Schinus terebinthifolia,-49.36694400000,-26.93722200000
Schinus terebinthifolia,-49.37000000000,-26.92861100000
Schinus terebinthifolia,-48.66226167000,-26.91200479000
Schinus terebinthifolia,-50.12916700000,-26.90861100000
Schinus terebinthifolia,-49.07916700000,-26.90583300000
Schinus terebinthifolia,-49.07916700000,-26.90555600000
Schinus terebinthifolia,-48.64527800000,-26.85388900000
Schinus terebinthifolia,-52.98720800000,-26.85139400000
Schinus terebinthifolia,-52.98722200000,-26.85138900000
Schinus terebinthifolia,-54.22000000000,-26.85000000000
Schinus terebinthifolia,-54.21666000000,-26.85000000000
Schinus terebinthifolia,-54.62000000000,-26.82000000000
Schinus terebinthifolia,-54.61666000000,-26.81666000000
Schinus terebinthifolia,-55.02000000000,-26.80000000000
Schinus terebinthifolia,-55.01666000000,-26.80000000000
Schinus terebinthifolia,-50.27686100000,-26.76816700000
Schinus terebinthifolia,-54.17000000000,-26.75000000000
Schinus terebinthifolia,-54.16666700000,-26.75000000000
Schinus terebinthifolia,-50.31000000000,-26.73000000000
Schinus terebinthifolia,-54.13000000000,-26.65000000000
Schinus terebinthifolia,-53.96000000000,-26.64000000000
Schinus terebinthifolia,-52.56000000000,-26.64000000000
Schinus terebinthifolia,-52.38000000000,-26.64000000000
Schinus terebinthifolia,-52.45527800000,-26.63194400000
Schinus terebinthifolia,-54.77000000000,-26.62000000000
Schinus terebinthifolia,-54.76666000000,-26.61666000000
Schinus terebinthifolia,-54.78000000000,-26.57000000000
Schinus terebinthifolia,-52.53194400000,-26.55861100000
Schinus terebinthifolia,-49.94750000000,-26.54972200000
Schinus terebinthifolia,-52.56416700000,-26.46527800000
Schinus terebinthifolia,-53.87597200000,-26.46275000000
Schinus terebinthifolia,-52.74000000000,-26.46000000000
Schinus terebinthifolia,-48.82113900000,-26.44797200000
Schinus terebinthifolia,-48.81666700000,-26.43333300000
Schinus terebinthifolia,-51.31634552000,-26.43138634000
Schinus terebinthifolia,-51.60000000000,-26.41666700000
Schinus terebinthifolia,-48.59166700000,-26.40805600000
Schinus terebinthifolia,-48.73338900000,-26.39008300000
Schinus terebinthifolia,-48.71638900000,-26.33555500000
Schinus terebinthifolia,-49.46083300000,-26.28416700000
Schinus terebinthifolia,-49.38361100000,-26.27555600000
Schinus terebinthifolia,-50.72333300000,-26.26500000000
Schinus terebinthifolia,-56.00000000000,-26.25000000000
Schinus terebinthifolia,-51.07861100000,-26.23861100000
Schinus terebinthifolia,-48.66277800000,-26.21527800000
Schinus terebinthifolia,-49.26620060000,-26.19639287000
Schinus terebinthifolia,-49.77000000000,-26.19000000000
Schinus terebinthifolia,-55.57972200000,-26.17777800000
Schinus terebinthifolia,-55.33000000000,-26.16666700000
Schinus terebinthifolia,-55.33333000000,-26.16666000000
Schinus terebinthifolia,-55.28333000000,-26.16666000000
Schinus terebinthifolia,-55.44305000000,-26.09777000000
Schinus terebinthifolia,-56.83000000000,-26.05000000000
Schinus terebinthifolia,-48.95341700000,-26.03653900000
Schinus terebinthifolia,-53.78000000000,-26.02000000000
Schinus terebinthifolia,-53.78333300000,-26.01666700000
Schinus terebinthifolia,-51.66516700000,-26.00200000000
Schinus terebinthifolia,-54.25000000000,-25.92000000000
Schinus terebinthifolia,-54.25000000000,-25.91666700000
Schinus terebinthifolia,-54.41000000000,-25.88000000000
Schinus terebinthifolia,-50.38347704000,-25.87828367000
Schinus terebinthifolia,-49.49841522000,-25.87638759000
Schinus terebinthifolia,-56.25000000000,-25.83333000000
Schinus terebinthifolia,-56.18750000000,-25.78194400000
Schinus terebinthifolia,-53.53339482000,-25.77306525000
Schinus terebinthifolia,-49.36541700000,-25.76011100000
Schinus terebinthifolia,-49.25000000000,-25.75000000000
Schinus terebinthifolia,-54.44000000000,-25.71000000000
Schinus terebinthifolia,-53.10041700000,-25.69694400000
Schinus terebinthifolia,-52.30324400000,-25.66401700000
Schinus terebinthifolia,-49.20194400000,-25.64444400000
Schinus terebinthifolia,-54.81694400000,-25.64166700000
Schinus terebinthifolia,-54.82000000000,-25.64000000000
Schinus terebinthifolia,-54.81666700000,-25.63333300000
Schinus terebinthifolia,-54.80472200000,-25.63194400000
Schinus terebinthifolia,-54.81388900000,-25.63027800000
Schinus terebinthifolia,-50.69349717000,-25.62467880000
Schinus terebinthifolia,-54.58333000000,-25.60000000000
Schinus terebinthifolia,-54.58000000000,-25.60000000000
Schinus terebinthifolia,-49.34780000000,-25.58890000000
Schinus terebinthifolia,-54.30000000000,-25.56666000000
Schinus terebinthifolia,-48.38894400000,-25.54980600000
Schinus terebinthifolia,-49.80775000000,-25.54947200000
Schinus terebinthifolia,-49.20699315000,-25.53858417000
Schinus terebinthifolia,-48.50974439000,-25.52418668000
Schinus terebinthifolia,-49.13777800000,-25.52416700000
Schinus terebinthifolia,-57.50000000000,-25.50000000000
Schinus terebinthifolia,-55.00000000000,-25.50000000000
Schinus terebinthifolia,-49.33333300000,-25.50000000000
Schinus terebinthifolia,-49.17000000000,-25.50000000000
Schinus terebinthifolia,-49.16666700000,-25.50000000000
Schinus terebinthifolia,-49.65950000000,-25.47002800000
Schinus terebinthifolia,-49.94072200000,-25.45788900000
Schinus terebinthifolia,-49.24040000000,-25.44810000000
Schinus terebinthifolia,-49.23830000000,-25.44810000000
Schinus terebinthifolia,-49.06368271000,-25.44578346000
Schinus terebinthifolia,-49.06288600000,-25.44266400000
Schinus terebinthifolia,-49.23888900000,-25.44194400000
Schinus terebinthifolia,-49.27369728000,-25.43198243000
Schinus terebinthifolia,-53.05501800000,-25.43117900000
Schinus terebinthifolia,-53.05209000000,-25.42920000000
Schinus terebinthifolia,-49.20780600000,-25.42766700000
Schinus terebinthifolia,-50.00022200000,-25.41750000000
Schinus terebinthifolia,-53.06040000000,-25.41300000000
Schinus terebinthifolia,-53.02944400000,-25.39027800000
Schinus terebinthifolia,-49.00360000000,-25.38870000000
Schinus terebinthifolia,-49.11855600000,-25.38536100000
Schinus terebinthifolia,-53.16010000000,-25.38530000000
Schinus terebinthifolia,-49.27361100000,-25.38527800000
Schinus terebinthifolia,-49.12072200000,-25.38402800000
Schinus terebinthifolia,-49.12063900000,-25.38069400000
Schinus terebinthifolia,-49.12025000000,-25.38027800000
Schinus terebinthifolia,-49.11986100000,-25.38019400000
Schinus terebinthifolia,-53.88555600000,-25.37833300000
Schinus terebinthifolia,-53.92611100000,-25.37555600000
Schinus terebinthifolia,-53.87888900000,-25.37230600000
Schinus terebinthifolia,-53.88722200000,-25.35333300000
Schinus terebinthifolia,-49.53172200000,-25.34809400000
Schinus terebinthifolia,-49.53166700000,-25.34805600000
Schinus terebinthifolia,-49.15660000000,-25.32250000000
Schinus terebinthifolia,-49.05588151000,-25.30968160000
Schinus terebinthifolia,-49.09086100000,-25.29244400000
Schinus terebinthifolia,-49.04444400000,-25.29055600000
Schinus terebinthifolia,-54.58333300000,-25.25000000000
Schinus terebinthifolia,-54.58333000000,-25.25000000000
Schinus terebinthifolia,-50.15444400000,-25.22388900000
Schinus terebinthifolia,-49.11558519000,-25.20997997000
Schinus terebinthifolia,-56.00000000000,-25.16667000000
Schinus terebinthifolia,-54.83333000000,-25.16667000000
Schinus terebinthifolia,-49.11666700000,-25.16666700000
Schinus terebinthifolia,-48.00000000000,-25.16666700000
Schinus terebinthifolia,-48.82805600000,-25.12666700000
Schinus terebinthifolia,-50.16235736000,-25.09887403000
Schinus terebinthifolia,-48.92028300000,-25.09833100000
Schinus terebinthifolia,-47.92284700000,-25.07288900000
Schinus terebinthifolia,-52.01333300000,-25.06694400000
Schinus terebinthifolia,-51.86505600000,-25.05330600000
Schinus terebinthifolia,-49.08333300000,-25.03333300000
Schinus terebinthifolia,-57.00000000000,-25.00000000000
Schinus terebinthifolia,-50.86916700000,-24.98777800000
Schinus terebinthifolia,-53.39180000000,-24.97370000000
Schinus terebinthifolia,-48.41488900000,-24.96236100000
Schinus terebinthifolia,-48.41472200000,-24.96222200000
Schinus terebinthifolia,-57.55000000000,-24.95000000000
Schinus terebinthifolia,-47.74233300000,-24.81508300000
Schinus terebinthifolia,-47.74222200000,-24.81500000000
Schinus terebinthifolia,-52.13341700000,-24.76208300000
Schinus terebinthifolia,-52.23394400000,-24.74958300000
Schinus terebinthifolia,-54.26208300000,-24.68980600000
Schinus terebinthifolia,-54.50000000000,-24.66666700000
Schinus terebinthifolia,-54.50000000000,-24.66666000000
Schinus terebinthifolia,-47.87694400000,-24.60833300000
Schinus terebinthifolia,-50.24391700000,-24.59600000000
Schinus terebinthifolia,-48.59054586000,-24.58387303000
Schinus terebinthifolia,-49.42380600000,-24.56805600000
Schinus terebinthifolia,-48.10713900000,-24.55822200000
Schinus terebinthifolia,-52.42950000000,-24.53438900000
Schinus terebinthifolia,-50.41397164000,-24.51326466000
Schinus terebinthifolia,-47.23777800000,-24.50861100000
Schinus terebinthifolia,-53.04558300000,-24.49972200000
Schinus terebinthifolia,-49.02500000000,-24.47277800000
Schinus terebinthifolia,-50.76080000000,-24.44500000000
Schinus terebinthifolia,-54.15435000000,-24.41233000000
Schinus terebinthifolia,-53.53041700000,-24.39972200000
Schinus terebinthifolia,-51.95502800000,-24.36969400000
Schinus terebinthifolia,-55.00000000000,-24.33333000000
Schinus terebinthifolia,-48.06257000000,-24.33296000000
Schinus terebinthifolia,-50.61806700000,-24.32500300000
Schinus terebinthifolia,-49.14390000000,-24.31780000000
Schinus terebinthifolia,-48.41916700000,-24.27750000000
Schinus terebinthifolia,-49.16083300000,-24.27444400000
Schinus terebinthifolia,-48.44722200000,-24.27083300000
Schinus terebinthifolia,-49.25972200000,-24.27055600000
Schinus terebinthifolia,-52.40233300000,-24.23425000000
Schinus terebinthifolia,-46.92220000000,-24.23086100000
Schinus terebinthifolia,-46.92230600000,-24.23083300000
Schinus terebinthifolia,-52.32036100000,-24.20266700000
Schinus terebinthifolia,-49.13040000000,-24.19130000000
Schinus terebinthifolia,-46.78555600000,-24.18083300000
Schinus terebinthifolia,-46.78722200000,-24.18027800000
Schinus terebinthifolia,-46.79888900000,-24.17777800000
Schinus terebinthifolia,-54.66666700000,-24.16666700000
Schinus terebinthifolia,-54.66666000000,-24.16666000000
Schinus terebinthifolia,-49.09390000000,-24.16280000000
Schinus terebinthifolia,-48.26500000000,-24.16150000000
Schinus terebinthifolia,-50.30833300000,-24.14305600000
Schinus terebinthifolia,-49.27000000000,-24.13000000000
Schinus terebinthifolia,-52.19133000000,-24.12096000000
Schinus terebinthifolia,-49.34059563000,-24.11416336000
Schinus terebinthifolia,-49.33170000000,-24.11250000000
Schinus terebinthifolia,-52.33111100000,-24.10369400000
Schinus terebinthifolia,-49.08361100000,-24.07277800000
Schinus terebinthifolia,-47.99333300000,-24.05388900000
Schinus terebinthifolia,-49.11083300000,-24.04805600000
Schinus terebinthifolia,-52.37811100000,-24.04365600000
Schinus terebinthifolia,-47.59360000000,-24.03140000000
Schinus terebinthifolia,-46.25027800000,-23.99055600000
Schinus terebinthifolia,-51.08975000000,-23.96794400000
Schinus terebinthifolia,-48.78650000000,-23.95958300000
Schinus terebinthifolia,-48.78638900000,-23.95944400000
Schinus terebinthifolia,-52.74611100000,-23.91861100000
Schinus terebinthifolia,-46.72777800000,-23.89611100000
Schinus terebinthifolia,-46.70000000000,-23.86666700000
Schinus terebinthifolia,-46.13888900000,-23.85500000000
Schinus terebinthifolia,-46.33750000000,-23.76222000000
Schinus terebinthifolia,-46.33759200000,-23.76208100000
Schinus terebinthifolia,-46.33750000000,-23.76194000000
Schinus terebinthifolia,-46.11666700000,-23.75000000000
Schinus terebinthifolia,-50.74110000000,-23.72750000000
Schinus terebinthifolia,-51.09953600000,-23.72084400000
Schinus terebinthifolia,-46.84920000000,-23.71690000000
Schinus terebinthifolia,-49.81666700000,-23.71666700000
Schinus terebinthifolia,-47.07292100000,-23.71550900000
Schinus terebinthifolia,-47.42780000000,-23.71190000000
Schinus terebinthifolia,-48.58494400000,-23.71080800000
Schinus terebinthifolia,-46.77250000000,-23.66305600000
Schinus terebinthifolia,-47.22044746000,-23.65386365000
Schinus terebinthifolia,-46.68333300000,-23.62222200000
Schinus terebinthifolia,-51.05231000000,-23.58046000000
Schinus terebinthifolia,-46.62805600000,-23.57638900000
Schinus terebinthifolia,-48.00000000000,-23.56666700000
Schinus terebinthifolia,-46.71666700000,-23.55000000000
Schinus terebinthifolia,-46.63610000000,-23.54750000000
Schinus terebinthifolia,-46.63040635000,-23.54416359000
Schinus terebinthifolia,-50.97555600000,-23.54083300000
Schinus terebinthifolia,-48.78138900000,-23.52944400000
Schinus terebinthifolia,-47.13530000000,-23.52920000000
Schinus terebinthifolia,-48.78416700000,-23.52777800000
Schinus terebinthifolia,-48.78416700000,-23.52750000000
Schinus terebinthifolia,-47.11250000000,-23.52388900000
Schinus terebinthifolia,-48.73750000000,-23.51000000000
Schinus terebinthifolia,-45.07527800000,-23.47027800000
Schinus terebinthifolia,-46.76583300000,-23.45361100000
Schinus terebinthifolia,-51.96134700000,-23.45087200000
Schinus terebinthifolia,-45.07110000000,-23.43390000000
Schinus terebinthifolia,-51.93065300000,-23.42826700000
Schinus terebinthifolia,-51.93138900000,-23.42638900000
Schinus terebinthifolia,-51.42513506000,-23.42324421000
Schinus terebinthifolia,-52.07883300000,-23.41805600000
Schinus terebinthifolia,-46.08333300000,-23.41666700000
Schinus terebinthifolia,-45.25000000000,-23.41666700000
Schinus terebinthifolia,-51.93817800000,-23.40519700000
Schinus terebinthifolia,-51.93944400000,-23.40333300000
Schinus terebinthifolia,-51.36666700000,-23.40000000000
Schinus terebinthifolia,-47.66666700000,-23.40000000000
Schinus terebinthifolia,-51.94257200000,-23.39156100000
Schinus terebinthifolia,-47.72096900000,-23.38587500000
Schinus terebinthifolia,-47.11903300000,-23.37718900000
Schinus terebinthifolia,-48.53518600000,-23.36851900000
Schinus terebinthifolia,-51.86543100000,-23.35065300000
Schinus terebinthifolia,-44.86666700000,-23.35000000000
Schinus terebinthifolia,-44.92694400000,-23.34888900000
Schinus terebinthifolia,-51.16280000000,-23.31030000000
Schinus terebinthifolia,-46.25000000000,-23.25000000000
Schinus terebinthifolia,-58.39102400000,-23.23621100000
Schinus terebinthifolia,-45.01388900000,-23.22916700000
Schinus terebinthifolia,-44.71337307000,-23.22196274000
Schinus terebinthifolia,-45.97760000000,-23.21920000000
Schinus terebinthifolia,-46.93333300000,-23.21666700000
Schinus terebinthifolia,-58.16890000000,-23.20250000000
Schinus terebinthifolia,-46.88420000000,-23.18640000000
Schinus terebinthifolia,-45.83210000000,-23.16660000000
Schinus terebinthifolia,-53.65583300000,-23.16416700000
Schinus terebinthifolia,-51.65583300000,-23.16416700000
Schinus terebinthifolia,-54.20426700000,-23.13599200000
Schinus terebinthifolia,-46.92797200000,-23.11186100000
Schinus terebinthifolia,-48.26666700000,-23.08333300000
Schinus terebinthifolia,-44.95970000000,-23.07440000000
Schinus terebinthifolia,-48.36666700000,-23.06666700000
Schinus terebinthifolia,-48.26472200000,-23.06361100000
Schinus terebinthifolia,-48.34500000000,-23.05111100000
Schinus terebinthifolia,-48.18330000000,-23.03330000000
Schinus terebinthifolia,-44.53916700000,-23.01861100000
Schinus terebinthifolia,-43.34694000000,-23.00361000000
Schinus terebinthifolia,-43.34690000000,-23.00360000000
Schinus terebinthifolia,-51.19060000000,-22.99670000000
Schinus terebinthifolia,-48.52416700000,-22.95805600000
Schinus terebinthifolia,-44.16666700000,-22.95000000000
Schinus terebinthifolia,-46.27037975000,-22.93415497000
Schinus terebinthifolia,-42.28333300000,-22.93333300000
Schinus terebinthifolia,-42.51042041000,-22.92416073000
Schinus terebinthifolia,-42.81844169000,-22.92326047000
Schinus terebinthifolia,-43.20766855000,-22.90695982000
Schinus terebinthifolia,-47.06080000000,-22.90560000000
Schinus terebinthifolia,-43.20750000000,-22.90280000000
Schinus terebinthifolia,-45.44030000000,-22.88790000000
Schinus terebinthifolia,-43.10376135000,-22.88715961000
Schinus terebinthifolia,-48.44500000000,-22.88580000000
Schinus terebinthifolia,-42.01838639000,-22.88326040000
Schinus terebinthifolia,-47.05755300000,-22.87586700000
Schinus terebinthifolia,-47.07717000000,-22.87025000000
Schinus terebinthifolia,-47.09312000000,-22.85608000000
Schinus terebinthifolia,-48.43277800000,-22.85527800000
Schinus terebinthifolia,-46.51111100000,-22.83750000000
Schinus terebinthifolia,-42.06666700000,-22.81666700000
Schinus terebinthifolia,-46.39944200000,-22.74506900000
Schinus terebinthifolia,-43.97750000000,-22.74506900000
Schinus terebinthifolia,-47.64806400000,-22.73428600000
Schinus terebinthifolia,-53.16888900000,-22.71555600000
Schinus terebinthifolia,-53.16916700000,-22.71305600000
Schinus terebinthifolia,-53.16138900000,-22.71111100000
Schinus terebinthifolia,-47.56666700000,-22.70000000000
Schinus terebinthifolia,-46.68080000000,-22.68190000000
Schinus terebinthifolia,-43.04075674000,-22.65695596000
Schinus terebinthifolia,-52.83972200000,-22.64237500000
Schinus terebinthifolia,-46.70060000000,-22.61220000000
Schinus terebinthifolia,-52.82277800000,-22.59916700000
Schinus terebinthifolia,-45.23326200000,-22.59362000000
Schinus terebinthifolia,-44.08710000000,-22.59030000000
Schinus terebinthifolia,-50.35972200000,-22.58888900000
Schinus terebinthifolia,-44.91950000000,-22.57760000000
Schinus terebinthifolia,-44.09930000000,-22.57320000000
Schinus terebinthifolia,-44.85380000000,-22.54740000000
Schinus terebinthifolia,-42.28472200000,-22.54333300000
Schinus terebinthifolia,-43.00840000000,-22.53090000000
Schinus terebinthifolia,-44.10442981000,-22.52715257000
Schinus terebinthifolia,-46.91666600000,-22.50000000000
Schinus terebinthifolia,-42.20429894000,-22.48465381000
Schinus terebinthifolia,-52.56416700000,-22.46527800000
Schinus terebinthifolia,-43.46908599000,-22.45805226000
Schinus terebinthifolia,-46.76602800000,-22.45716700000
Schinus terebinthifolia,-42.53092127000,-22.28575032000
Schinus terebinthifolia,-49.81940000000,-22.21970000000
Schinus terebinthifolia,-46.74436400000,-22.20805600000
Schinus terebinthifolia,-42.39547500000,-21.91351700000
Schinus terebinthifolia,-48.20211100000,-21.81491700000
Schinus terebinthifolia,-48.20141700000,-21.81427800000
Schinus terebinthifolia,-41.03555600000,-21.76222200000
Schinus terebinthifolia,-41.05081937000,-21.64444022000
Schinus terebinthifolia,-41.05110000000,-21.64030000000
Schinus terebinthifolia,-56.43400000000,-21.43600000000
Schinus terebinthifolia,-56.42900000000,-21.43600000000
Schinus terebinthifolia,-41.08222200000,-21.35027800000
Schinus terebinthifolia,-56.43361100000,-21.30000000000
Schinus terebinthifolia,-63.46666700000,-21.25000000000
Schinus terebinthifolia,-47.86631100000,-21.21454400000
Schinus terebinthifolia,-49.37722200000,-21.04277800000
Schinus terebinthifolia,-40.81750000000,-20.93861100000
Schinus terebinthifolia,-41.05277800000,-20.92583300000
Schinus terebinthifolia,-41.29969400000,-20.91511100000
Schinus terebinthifolia,-42.98030000000,-20.87420000000
Schinus terebinthifolia,-42.80280000000,-20.85670000000
Schinus terebinthifolia,-40.75000000000,-20.83333000000
Schinus terebinthifolia,-40.75000000000,-20.83000000000
Schinus terebinthifolia,-42.85111100000,-20.81361100000
Schinus terebinthifolia,-40.74944400000,-20.80611100000
Schinus terebinthifolia,-40.64555600000,-20.80611100000
Schinus terebinthifolia,-41.26160300000,-20.76700500000
Schinus terebinthifolia,-41.53310000000,-20.76360000000
Schinus terebinthifolia,-41.53662800000,-20.76198600000
Schinus terebinthifolia,-42.86803100000,-20.76134300000
Schinus terebinthifolia,-42.86803100000,-20.76134280000
Schinus terebinthifolia,-42.88184388000,-20.75802404000
Schinus terebinthifolia,-42.88222200000,-20.75444400000
Schinus terebinthifolia,-42.88170000000,-20.75420000000
Schinus terebinthifolia,-42.88190000000,-20.75390000000
Schinus terebinthifolia,-42.86699300000,-20.75342400000
Schinus terebinthifolia,-42.91666700000,-20.75000000000
Schinus terebinthifolia,-42.52080000000,-20.66670000000
Schinus terebinthifolia,-40.51100000000,-20.65800000000
Schinus terebinthifolia,-40.46956000000,-20.65731000000
Schinus terebinthifolia,-40.42542100000,-20.60195600000
Schinus terebinthifolia,-40.46666700000,-20.60027800000
Schinus terebinthifolia,-40.41154100000,-20.59743700000
Schinus terebinthifolia,-40.41066000000,-20.58683100000
Schinus terebinthifolia,-40.34333300000,-20.46222200000
Schinus terebinthifolia,-43.47309400000,-20.42782300000
Schinus terebinthifolia,-40.32777800000,-20.42722200000
Schinus terebinthifolia,-40.32777800000,-20.42694400000
Schinus terebinthifolia,-40.32939200000,-20.41242100000
Schinus terebinthifolia,-40.32696200000,-20.40947700000
Schinus terebinthifolia,-40.32666700000,-20.40694400000
Schinus terebinthifolia,-43.41610000000,-20.37780000000
Schinus terebinthifolia,-43.41805600000,-20.37495000000
Schinus terebinthifolia,-43.41805556000,-20.37495000000
Schinus terebinthifolia,-40.35000000000,-20.35000000000
Schinus terebinthifolia,-40.50165600000,-20.32300300000
Schinus terebinthifolia,-43.50828593000,-20.29161519000
Schinus terebinthifolia,-43.50833300000,-20.28805600000
Schinus terebinthifolia,-43.50810000000,-20.28780000000
Schinus terebinthifolia,-43.50805600000,-20.28777800000
Schinus terebinthifolia,-43.50810000000,-20.28750000000
Schinus terebinthifolia,-40.41972200000,-20.26416700000
Schinus terebinthifolia,-41.79780000000,-20.20330000000
Schinus terebinthifolia,-43.18590000000,-20.18080000000
Schinus terebinthifolia,-43.82416700000,-20.17500000000
Schinus terebinthifolia,-40.18333300000,-20.15000000000
Schinus terebinthifolia,-40.30750000000,-20.12861100000
Schinus terebinthifolia,-40.30722200000,-20.12861100000
Schinus terebinthifolia,-43.49277800000,-20.12630000000
Schinus terebinthifolia,-43.49277780000,-20.12630000000
Schinus terebinthifolia,-43.48810890000,-20.09878940000
Schinus terebinthifolia,-43.48810900000,-20.09878900000
Schinus terebinthifolia,-40.44000000000,-20.09805600000
Schinus terebinthifolia,-40.43777800000,-20.09750000000
Schinus terebinthifolia,-43.40750000000,-20.07470000000
Schinus terebinthifolia,-40.25763900000,-20.02038900000
Schinus terebinthifolia,-43.41555600000,-19.96000000000
Schinus terebinthifolia,-43.41530000000,-19.95940000000
Schinus terebinthifolia,-40.15555600000,-19.95416700000
Schinus terebinthifolia,-43.48750000000,-19.94638900000
Schinus terebinthifolia,-43.48720000000,-19.94580000000
Schinus terebinthifolia,-40.61666700000,-19.93583300000
Schinus terebinthifolia,-40.60030000000,-19.93560000000
Schinus terebinthifolia,-40.44944400000,-19.92500000000
Schinus terebinthifolia,-43.93805600000,-19.92138900000
Schinus terebinthifolia,-43.91597200000,-19.89161100000
Schinus terebinthifolia,-40.08861100000,-19.88611100000
Schinus terebinthifolia,-43.36666700000,-19.88333300000
Schinus terebinthifolia,-43.36220000000,-19.82610000000
Schinus terebinthifolia,-40.27333300000,-19.82055600000
Schinus terebinthifolia,-40.27330000000,-19.82030000000
Schinus terebinthifolia,-39.88277800000,-19.67194400000
Schinus terebinthifolia,-39.88225000000,-19.64155600000
Schinus terebinthifolia,-43.22690000000,-19.61920000000
Schinus terebinthifolia,-40.07185301000,-19.39490022000
Schinus terebinthifolia,-40.07220000000,-19.39110000000
Schinus terebinthifolia,-40.07190000000,-19.39110000000
Schinus terebinthifolia,-53.55975000000,-19.36408300000
Schinus terebinthifolia,-40.05860000000,-19.21664000000
Schinus terebinthifolia,-40.03030900000,-19.12599300000
Schinus terebinthifolia,-40.03030800000,-19.12599200000
Schinus terebinthifolia,-46.90472200000,-18.97055600000
Schinus terebinthifolia,-39.76527800000,-18.80250000000
Schinus terebinthifolia,-45.44222000000,-18.78778000000
Schinus terebinthifolia,-39.75250000000,-18.76583300000
Schinus terebinthifolia,-39.81855900000,-18.73047800000
Schinus terebinthifolia,-39.81855900000,-18.73047700000
Schinus terebinthifolia,-39.81855900000,-18.73047600000
Schinus terebinthifolia,-39.85883888000,-18.71988749000
Schinus terebinthifolia,-39.85888900000,-18.71611100000
Schinus terebinthifolia,-39.85890000000,-18.71610000000
Schinus terebinthifolia,-43.37937537000,-18.60848430000
Schinus terebinthifolia,-43.37920000000,-18.60470000000
Schinus terebinthifolia,-40.31611100000,-18.55138900000
Schinus terebinthifolia,-39.70888900000,-18.41944400000
Schinus terebinthifolia,-39.70190000000,-18.40330000000
Schinus terebinthifolia,-39.73222200000,-18.33333300000
Schinus terebinthifolia,-39.50944400000,-18.02138900000
Schinus terebinthifolia,-44.00000000000,-18.00000000000
Schinus terebinthifolia,-39.36666700000,-17.88333300000
Schinus terebinthifolia,-39.19861100000,-17.71638900000
Schinus terebinthifolia,-39.17166700000,-17.66861100000
Schinus terebinthifolia,-39.22472200000,-17.62083300000
Schinus terebinthifolia,-39.20939000000,-17.56863400000
Schinus terebinthifolia,-39.20000000000,-17.55000000000
Schinus terebinthifolia,-39.23333300000,-17.40000000000
Schinus terebinthifolia,-39.33333300000,-17.18333300000
Schinus terebinthifolia,-39.14250000000,-16.86920000000
Schinus terebinthifolia,-39.14250000000,-16.86916700000
Schinus terebinthifolia,-39.15000000000,-16.85000000000
Schinus terebinthifolia,-39.25000000000,-16.50000000000
Schinus terebinthifolia,-39.06428690000,-16.45344218000
Schinus terebinthifolia,-39.18361100000,-16.39416600000
Schinus terebinthifolia,-39.18030000000,-16.38580000000
Schinus terebinthifolia,-39.13333300000,-16.38333300000
Schinus terebinthifolia,-39.07833300000,-16.37861100000
Schinus terebinthifolia,-39.05000000000,-16.36666700000
Schinus terebinthifolia,-39.02428435000,-16.28203860000
Schinus terebinthifolia,-39.01666700000,-16.26666700000
Schinus terebinthifolia,-39.00000000000,-16.23333300000
Schinus terebinthifolia,-47.85000000000,-15.86666700000
Schinus terebinthifolia,-38.88000000000,-15.86000000000
Schinus terebinthifolia,-47.93861100000,-15.84888900000
Schinus terebinthifolia,-47.93861100000,-15.83777800000
Schinus terebinthifolia,-47.88777800000,-15.74444400000
Schinus terebinthifolia,-38.98333300000,-15.66666700000
Schinus terebinthifolia,-38.98000000000,-15.66666700000
Schinus terebinthifolia,-48.10000000000,-15.55000000000
Schinus terebinthifolia,-39.00833300000,-15.48766700000
Schinus terebinthifolia,-39.02170000000,-15.30560000000
Schinus terebinthifolia,-39.02944400000,-15.21722200000
Schinus terebinthifolia,-39.03907200000,-15.15974700000
Schinus terebinthifolia,-39.16666700000,-14.80000000000
Schinus terebinthifolia,-39.17277800000,-14.79777800000
Schinus terebinthifolia,-39.17166700000,-14.79722200000
Schinus terebinthifolia,-39.28020202000,-14.78950681000
Schinus terebinthifolia,-39.22736600000,-14.77187400000
Schinus terebinthifolia,-39.28436300000,-14.69046800000
Schinus terebinthifolia,-39.11666700000,-14.68333300000
Schinus terebinthifolia,-39.10000000000,-14.63333300000
Schinus terebinthifolia,-39.03527800000,-14.46722200000
Schinus terebinthifolia,-45.47833300000,-14.42111100000
Schinus terebinthifolia,-39.01666700000,-14.35000000000
Schinus terebinthifolia,-39.10611100000,-14.33916700000
Schinus terebinthifolia,-39.02250000000,-14.26944400000
Schinus terebinthifolia,-38.93055600000,-13.94305600000
Schinus terebinthifolia,-39.20861100000,-13.90916700000
Schinus terebinthifolia,-39.08333300000,-13.53333300000
Schinus terebinthifolia,-39.34416700000,-13.37861100000
Schinus terebinthifolia,-39.60000000000,-13.33333300000
Schinus terebinthifolia,-39.60272200000,-13.19050000000
Schinus terebinthifolia,-38.50333300000,-13.00527800000
Schinus terebinthifolia,-38.80833300000,-13.00000000000
Schinus terebinthifolia,-38.80000000000,-13.00000000000
Schinus terebinthifolia,-38.65000000000,-13.00000000000
Schinus terebinthifolia,-38.50000000000,-12.98333300000
Schinus terebinthifolia,-38.50000000000,-12.96666700000
Schinus terebinthifolia,-38.42000000000,-12.95166700000
Schinus terebinthifolia,-38.41666700000,-12.95000000000
Schinus terebinthifolia,-39.51666700000,-12.93333300000
Schinus terebinthifolia,-39.48000000000,-12.87138900000
Schinus terebinthifolia,-38.96666700000,-12.85000000000
Schinus terebinthifolia,-38.30361100000,-12.81361100000
Schinus terebinthifolia,-38.40000000000,-12.78333300000
Schinus terebinthifolia,-38.91944400000,-12.77833300000
Schinus terebinthifolia,-38.44583300000,-12.77416700000
Schinus terebinthifolia,-39.32861100000,-12.77250000000
Schinus terebinthifolia,-39.32860000000,-12.77250000000
Schinus terebinthifolia,-38.46527800000,-12.77055600000
Schinus terebinthifolia,-38.32388900000,-12.69777800000
Schinus terebinthifolia,-38.31666700000,-12.68333300000
Schinus terebinthifolia,-39.10000000000,-12.66666700000
Schinus terebinthifolia,-39.10163900000,-12.65888900000
Schinus terebinthifolia,-38.40388900000,-12.59916700000
Schinus terebinthifolia,-38.40000000000,-12.58333300000
Schinus terebinthifolia,-38.36583300000,-12.57750000000
Schinus terebinthifolia,-38.01250000000,-12.57666700000
Schinus terebinthifolia,-38.77000000000,-12.57055600000
Schinus terebinthifolia,-38.76583300000,-12.57055600000
Schinus terebinthifolia,-38.38083300000,-12.54111100000
Schinus terebinthifolia,-38.38055600000,-12.54055600000
Schinus terebinthifolia,-39.08333300000,-12.53333300000
Schinus terebinthifolia,-38.85000000000,-12.53333300000
Schinus terebinthifolia,-38.38333300000,-12.53333300000
Schinus terebinthifolia,-38.48333300000,-12.50000000000
Schinus terebinthifolia,-37.96830000000,-12.49640000000
Schinus terebinthifolia,-37.96833300000,-12.49638900000
Schinus terebinthifolia,-38.35000000000,-12.43333300000
Schinus terebinthifolia,-38.88333300000,-12.36666700000
Schinus terebinthifolia,-38.96666700000,-12.25000000000
Schinus terebinthifolia,-38.88333300000,-12.25000000000
Schinus terebinthifolia,-41.99722000000,-12.18306000000
Schinus terebinthifolia,-41.03555600000,-12.14555600000
Schinus terebinthifolia,-38.36694400000,-12.09416700000
Schinus terebinthifolia,-37.72333300000,-12.04750000000
Schinus terebinthifolia,-40.48333300000,-12.03333300000
Schinus terebinthifolia,-39.00000000000,-12.00000000000
Schinus terebinthifolia,-38.00000000000,-12.00000000000
Schinus terebinthifolia,-38.05818600000,-11.81330600000
Schinus terebinthifolia,-37.60000000000,-11.80000000000
Schinus terebinthifolia,-37.53194400000,-11.74972200000
Schinus terebinthifolia,-37.48361100000,-11.66638900000
Schinus terebinthifolia,-37.48361100000,-11.66166700000
Schinus terebinthifolia,-37.78333300000,-11.55000000000
Schinus terebinthifolia,-37.42586100000,-11.38552800000
Schinus terebinthifolia,-37.65777800000,-11.37388900000
Schinus terebinthifolia,-37.44833300000,-11.35083300000
Schinus terebinthifolia,-37.29220000000,-11.32140000000
Schinus terebinthifolia,-37.29222200000,-11.32138900000
Schinus terebinthifolia,-37.29247200000,-11.31758300000
Schinus terebinthifolia,-37.79000000000,-11.27388900000
Schinus terebinthifolia,-37.44213600000,-11.26871100000
Schinus terebinthifolia,-37.43805600000,-11.26861100000
Schinus terebinthifolia,-37.99805600000,-11.18416700000
Schinus terebinthifolia,-37.20638900000,-11.01472200000
Schinus terebinthifolia,-37.31027800000,-10.99833300000
Schinus terebinthifolia,-37.08583300000,-10.94194400000
Schinus terebinthifolia,-37.09963100000,-10.92567500000
Schinus terebinthifolia,-37.20638900000,-10.92118900000
Schinus terebinthifolia,-37.65000000000,-10.91805600000
Schinus terebinthifolia,-37.07166700000,-10.91111100000
Schinus terebinthifolia,-38.97972200000,-10.89527800000
Schinus terebinthifolia,-36.99705600000,-10.88691700000
Schinus terebinthifolia,-37.64527800000,-10.87963900000
Schinus terebinthifolia,-37.12583300000,-10.85500000000
Schinus terebinthifolia,-37.14308300000,-10.84136100000
Schinus terebinthifolia,-52.87310000000,-10.83390000000
Schinus terebinthifolia,-37.16333300000,-10.81805600000
Schinus terebinthifolia,-37.17008300000,-10.81766700000
Schinus terebinthifolia,-37.16972200000,-10.80638900000
Schinus terebinthifolia,-37.05416700000,-10.78916700000
Schinus terebinthifolia,-53.08982000000,-10.77310900000
Schinus terebinthifolia,-53.08972000000,-10.77306000000
Schinus terebinthifolia,-36.85583300000,-10.73777800000
Schinus terebinthifolia,-36.79972200000,-10.68194400000
Schinus terebinthifolia,-36.81611100000,-10.68166700000
Schinus terebinthifolia,-36.75763900000,-10.63336100000
Schinus terebinthifolia,-36.61688900000,-10.55250000000
Schinus terebinthifolia,-36.46805600000,-10.48527800000
Schinus terebinthifolia,-36.60583300000,-10.46888900000
Schinus terebinthifolia,-36.48527800000,-10.46611100000
Schinus terebinthifolia,-40.11211100000,-10.40091700000
Schinus terebinthifolia,-37.70083300000,-10.36083300000
Schinus terebinthifolia,-36.80083300000,-10.34694400000
Schinus terebinthifolia,-37.10305600000,-10.25694400000
Schinus terebinthifolia,-36.63836100000,-10.25641700000
Schinus terebinthifolia,-38.39833300000,-10.25000000000
Schinus terebinthifolia,-36.49722200000,-10.18416700000
Schinus terebinthifolia,-36.23138900000,-10.11611100000
Schinus terebinthifolia,-36.37888900000,-9.94250000000
Schinus terebinthifolia,-35.61666700000,-9.51666700000
Schinus terebinthifolia,-40.21067200000,-9.32842800000
Schinus terebinthifolia,-35.49722200000,-9.27305600000
Schinus terebinthifolia,-35.37361100000,-9.02277800000
Schinus terebinthifolia,-35.02166700000,-8.52444400000
Schinus terebinthifolia,-39.20083300000,-8.17111100000
Schinus terebinthifolia,-34.97583300000,-8.07666700000
Schinus terebinthifolia,-35.25472200000,-7.83611100000
Schinus terebinthifolia,-34.90611100000,-7.83444400000
Schinus terebinthifolia,-34.87481000000,-7.83229800000
Schinus terebinthifolia,-34.98000000000,-7.75147800000
Schinus terebinthifolia,-34.82060000000,-7.60610000000
Schinus terebinthifolia,-34.90805600000,-7.51583300000
Schinus terebinthifolia,-34.84983300000,-7.27127800000
Schinus terebinthifolia,-34.84861100000,-7.13750000000
Schinus terebinthifolia,-34.86305600000,-7.11500000000
Schinus terebinthifolia,-35.08027800000,-6.80333300000
Schinus terebinthifolia,-35.08427000000,-6.80333000000
Schinus terebinthifolia,-35.10388900000,-6.79833300000
Schinus terebinthifolia,-35.10388800000,-6.79833000000
Schinus terebinthifolia,-35.22472200000,-5.69138900000
Schinus terebinthifolia,-35.49750000000,-5.48777800000
Schinus terebinthifolia,-35.54166700000,-5.18333300000
Schinus terebinthifolia,-35.54166700000,-5.16666700000
Schinus terebinthifolia,-38.55250300000,-3.78584400000
Schinus terebinthifolia,-38.54305600000,-3.71722200000
Schinus terebinthifolia,-44.20946700000,-2.57470000000
Schinus terebinthifolia,-48.87302200000,-1.73624200000
Schinus terebinthifolia,-78.18690000000,-1.46280000000
Schinus terebinthifolia,-59.50000000000,5.33000000000
Schinus terebinthifolia,-75.59260000000,6.26017000000
Schinus terebinthifolia,-75.60083300000,6.26222200000
Schinus terebinthifolia,-75.56895200000,6.26764500000
Schinus terebinthifolia,-75.50763700000,6.33780900000
Schinus terebinthifolia,-75.51346800000,6.34590700000
Schinus terebinthifolia,-58.16000000000,6.80000000000
Schinus terebinthifolia,-58.13333300000,6.80000000000
Schinus terebinthifolia,-58.13333000000,6.80000000000
Schinus terebinthifolia,-58.13330000000,6.80000000000
Schinus terebinthifolia,-58.13000000000,6.80000000000
Schinus terebinthifolia,-73.08857200000,7.06807200000
Schinus terebinthifolia,-79.56666700000,8.95000000000
Schinus terebinthifolia,-79.64944000000,9.06444000000
Schinus terebinthifolia,-79.64944400000,9.06444400000
Schinus terebinthifolia,-84.05000000000,9.96000000000
Schinus terebinthifolia,-84.95408100000,10.26876800000
