sp,lon,lat
Senna macranthera,-51.01555600000,-30.27666700000
Senna macranthera,-51.23722200000,-30.01913900000
Senna macranthera,-50.78383138000,-29.88473039000
Senna macranthera,-51.17995468000,-29.17222024000
Senna macranthera,-51.06361100000,-28.97394400000
Senna macranthera,-49.67944400000,-28.92666700000
Senna macranthera,-49.45305600000,-28.84722200000
Senna macranthera,-49.37000000000,-28.67805600000
Senna macranthera,-48.69000000000,-27.45000000000
Senna macranthera,-49.51805600000,-27.05750000000
Senna macranthera,-49.07750000000,-26.95416700000
Senna macranthera,-49.07916700000,-26.90555600000
Senna macranthera,-49.07888900000,-26.90527800000
Senna macranthera,-49.41166700000,-26.78166700000
Senna macranthera,-48.62066700000,-26.25513900000
Senna macranthera,-48.62055600000,-26.25500000000
Senna macranthera,-54.46369400000,-25.62844400000
Senna macranthera,-49.27369728000,-25.43198243000
Senna macranthera,-53.06040000000,-25.41300000000
Senna macranthera,-49.28601800000,-25.40606700000
Senna macranthera,-54.27493000000,-25.37424000000
Senna macranthera,-54.08472200000,-25.29638900000
Senna macranthera,-53.96777800000,-25.26500000000
Senna macranthera,-50.00777800000,-25.24361100000
Senna macranthera,-50.00000000000,-25.17000000000
Senna macranthera,-57.00000000000,-25.00000000000
Senna macranthera,-53.42055600000,-24.93722200000
Senna macranthera,-47.88110000000,-24.71500000000
Senna macranthera,-48.00000000000,-24.41666700000
Senna macranthera,-52.32283300000,-24.10613900000
Senna macranthera,-54.61667000000,-24.08333000000
Senna macranthera,-51.97000000000,-23.92000000000
Senna macranthera,-46.31666700000,-23.78333300000
Senna macranthera,-46.77250000000,-23.66305600000
Senna macranthera,-45.86666700000,-23.63333300000
Senna macranthera,-46.71666700000,-23.55000000000
Senna macranthera,-46.63610000000,-23.54750000000
Senna macranthera,-46.63040635000,-23.54416359000
Senna macranthera,-50.97555600000,-23.54083300000
Senna macranthera,-48.63333300000,-23.50000000000
Senna macranthera,-51.93065300000,-23.42826700000
Senna macranthera,-51.92833300000,-23.42666700000
Senna macranthera,-51.93833300000,-23.42555600000
Senna macranthera,-51.93860000000,-23.42530000000
Senna macranthera,-51.95694400000,-23.42527800000
Senna macranthera,-46.48138900000,-23.42500000000
Senna macranthera,-45.07361100000,-23.40250000000
Senna macranthera,-51.94194400000,-23.39055600000
Senna macranthera,-44.80194400000,-23.36666700000
Senna macranthera,-45.08463200000,-23.36638600000
Senna macranthera,-46.92666700000,-23.32861100000
Senna macranthera,-44.83333300000,-23.16666700000
Senna macranthera,-47.21810000000,-23.09030000000
Senna macranthera,-45.93750000000,-23.07500000000
Senna macranthera,-46.35810000000,-23.05390000000
Senna macranthera,-47.87530300000,-22.96580300000
Senna macranthera,-42.80750000000,-22.90861100000
Senna macranthera,-43.20766855000,-22.90695982000
Senna macranthera,-47.06080000000,-22.90560000000
Senna macranthera,-48.38000000000,-22.90000000000
Senna macranthera,-43.10376135000,-22.88715961000
Senna macranthera,-43.22000000000,-22.88000000000
Senna macranthera,-47.07717000000,-22.87025000000
Senna macranthera,-47.08676000000,-22.86372000000
Senna macranthera,-46.10916700000,-22.82916700000
Senna macranthera,-47.04233100000,-22.80101700000
Senna macranthera,-48.41666700000,-22.75000000000
Senna macranthera,-53.17719400000,-22.72402800000
Senna macranthera,-53.11322200000,-22.72291700000
Senna macranthera,-53.11305600000,-22.72277800000
Senna macranthera,-53.25000000000,-22.71666700000
Senna macranthera,-53.16916700000,-22.71305600000
Senna macranthera,-46.98436100000,-22.68916700000
Senna macranthera,-46.98416700000,-22.68916700000
Senna macranthera,-43.04075674000,-22.65695596000
Senna macranthera,-44.65666700000,-22.64277800000
Senna macranthera,-46.91940000000,-22.60610000000
Senna macranthera,-43.94230000000,-22.60600000000
Senna macranthera,-44.13890000000,-22.59590000000
Senna macranthera,-44.09930000000,-22.57320000000
Senna macranthera,-43.42650000000,-22.55388900000
Senna macranthera,-52.16750000000,-22.53250000000
Senna macranthera,-44.50220000000,-22.51820000000
Senna macranthera,-46.63280000000,-22.47640000000
Senna macranthera,-44.63000000000,-22.47000000000
Senna macranthera,-44.63333000000,-22.46666000000
Senna macranthera,-43.15527800000,-22.42361100000
Senna macranthera,-43.15530000000,-22.42360000000
Senna macranthera,-51.94194400000,-22.39111100000
Senna macranthera,-52.86777800000,-22.38361100000
Senna macranthera,-51.88333300000,-22.28333300000
Senna macranthera,-57.30138000000,-22.22472000000
Senna macranthera,-52.71750000000,-22.18777800000
Senna macranthera,-52.45075000000,-22.15033300000
Senna macranthera,-56.43805000000,-22.12111000000
Senna macranthera,-51.56666700000,-22.01666700000
Senna macranthera,-49.00000000000,-22.00000000000
Senna macranthera,-42.05000000000,-22.00000000000
Senna macranthera,-42.36820984000,-21.98494544000
Senna macranthera,-46.38738400000,-21.92306200000
Senna macranthera,-42.39547500000,-21.91351700000
Senna macranthera,-43.79310000000,-21.84250000000
Senna macranthera,-44.97646900000,-21.71864200000
Senna macranthera,-44.12369400000,-21.60350000000
Senna macranthera,-46.88860000000,-21.59560000000
Senna macranthera,-45.73750000000,-21.54720000000
Senna macranthera,-45.47333300000,-21.11611100000
Senna macranthera,-47.82917900000,-21.09597500000
Senna macranthera,-44.11005600000,-21.06525000000
Senna macranthera,-55.00000000000,-21.00000000000
Senna macranthera,-46.99182336000,-20.92072005000
Senna macranthera,-41.70000000000,-20.88333300000
Senna macranthera,-43.81694400000,-20.87777800000
Senna macranthera,-43.81444400000,-20.87777800000
Senna macranthera,-40.64560000000,-20.80580000000
Senna macranthera,-42.86064400000,-20.76668600000
Senna macranthera,-42.87061800000,-20.76584500000
Senna macranthera,-42.86803100000,-20.76134300000
Senna macranthera,-42.86803100000,-20.76134280000
Senna macranthera,-42.85006700000,-20.75980100000
Senna macranthera,-42.88184388000,-20.75802404000
Senna macranthera,-42.88222200000,-20.75444400000
Senna macranthera,-42.88170000000,-20.75420000000
Senna macranthera,-41.97416700000,-20.75416700000
Senna macranthera,-42.88190000000,-20.75390000000
Senna macranthera,-42.48000000000,-20.72000000000
Senna macranthera,-42.03333300000,-20.71666700000
Senna macranthera,-42.52080000000,-20.66670000000
Senna macranthera,-41.90720000000,-20.65030000000
Senna macranthera,-41.83878900000,-20.64318700000
Senna macranthera,-42.14860000000,-20.61440000000
Senna macranthera,-41.90440000000,-20.52310000000
Senna macranthera,-41.08750000000,-20.51944400000
Senna macranthera,-54.60000000000,-20.50000000000
Senna macranthera,-44.61700000000,-20.46816700000
Senna macranthera,-41.86830000000,-20.43330000000
Senna macranthera,-41.84398300000,-20.41930000000
Senna macranthera,-42.90860000000,-20.41640000000
Senna macranthera,-42.15140000000,-20.39360000000
Senna macranthera,-43.41610000000,-20.37780000000
Senna macranthera,-41.47777800000,-20.37666700000
Senna macranthera,-41.24361100000,-20.36861100000
Senna macranthera,-40.65920000000,-20.36330000000
Senna macranthera,-43.93808300000,-20.34844400000
Senna macranthera,-41.13470000000,-20.33970000000
Senna macranthera,-43.95861100000,-20.33000000000
Senna macranthera,-46.51666700000,-20.31666700000
Senna macranthera,-40.52668100000,-20.30599200000
Senna macranthera,-43.50810000000,-20.28750000000
Senna macranthera,-40.96985000000,-20.28538900000
Senna macranthera,-42.03360000000,-20.25810000000
Senna macranthera,-43.80140000000,-20.25330000000
Senna macranthera,-46.36597927000,-20.24940984000
Senna macranthera,-44.23694400000,-20.13916700000
Senna macranthera,-44.21666700000,-20.13333300000
Senna macranthera,-43.49277800000,-20.12630000000
Senna macranthera,-43.49277780000,-20.12630000000
Senna macranthera,-40.54638900000,-20.12305600000
Senna macranthera,-44.36216700000,-20.12138900000
Senna macranthera,-40.67694400000,-20.09638900000
Senna macranthera,-40.72555600000,-20.06916700000
Senna macranthera,-44.03333300000,-20.06666700000
Senna macranthera,-40.69611100000,-20.04541700000
Senna macranthera,-44.00111100000,-20.04472200000
Senna macranthera,-41.74470000000,-20.00530000000
Senna macranthera,-40.53694400000,-19.98527800000
Senna macranthera,-40.53027800000,-19.97138900000
Senna macranthera,-43.41530000000,-19.95940000000
Senna macranthera,-40.55277800000,-19.95333300000
Senna macranthera,-40.56250000000,-19.95166700000
Senna macranthera,-40.61666700000,-19.93611100000
Senna macranthera,-40.61666700000,-19.93583300000
Senna macranthera,-40.60000000000,-19.93583300000
Senna macranthera,-40.60030000000,-19.93560000000
Senna macranthera,-40.62055600000,-19.93111100000
Senna macranthera,-40.61777800000,-19.93111100000
Senna macranthera,-43.93801456000,-19.92460812000
Senna macranthera,-40.55305600000,-19.90750000000
Senna macranthera,-43.91597200000,-19.89161100000
Senna macranthera,-43.36666700000,-19.88333300000
Senna macranthera,-43.66970000000,-19.88000000000
Senna macranthera,-44.04725000000,-19.85725000000
Senna macranthera,-44.04722200000,-19.85722200000
Senna macranthera,-40.57305600000,-19.83694400000
Senna macranthera,-44.05333300000,-19.83194400000
Senna macranthera,-40.77500000000,-19.79722200000
Senna macranthera,-42.13920000000,-19.78970000000
Senna macranthera,-40.65666700000,-19.73916700000
Senna macranthera,-42.73220000000,-19.71220000000
Senna macranthera,-43.47388900000,-19.70416700000
Senna macranthera,-43.96500000000,-19.65583300000
Senna macranthera,-46.49638900000,-19.58083300000
Senna macranthera,-46.49640000000,-19.58080000000
Senna macranthera,-43.74500000000,-19.51360000000
Senna macranthera,-43.95508300000,-19.50775000000
Senna macranthera,-41.06390000000,-19.49580000000
Senna macranthera,-43.98755600000,-19.47327800000
Senna macranthera,-43.40161100000,-19.39700000000
Senna macranthera,-43.56749700000,-19.39158900000
Senna macranthera,-40.07220000000,-19.39110000000
Senna macranthera,-47.91722200000,-19.36611100000
Senna macranthera,-47.89694400000,-19.33777800000
Senna macranthera,-43.62470000000,-19.33730000000
Senna macranthera,-40.55555600000,-19.32361100000
Senna macranthera,-43.61102800000,-19.31347200000
Senna macranthera,-45.49602800000,-19.25750000000
Senna macranthera,-40.05000000000,-19.15000000000
Senna macranthera,-43.76833300000,-19.00500000000
Senna macranthera,-46.99361100000,-18.94472200000
Senna macranthera,-43.80889000000,-18.93022500000
Senna macranthera,-41.94940000000,-18.85110000000
Senna macranthera,-43.38000000000,-18.82000000000
Senna macranthera,-44.70120000000,-18.75000000000
Senna macranthera,-48.18739717000,-18.65097650000
Senna macranthera,-43.37940000000,-18.60470000000
Senna macranthera,-43.55000000000,-18.55000000000
Senna macranthera,-43.42944400000,-18.54416700000
Senna macranthera,-43.66670000000,-18.41670000000
Senna macranthera,-43.67910000000,-18.39120000000
Senna macranthera,-44.55675000000,-18.35890000000
Senna macranthera,-45.83343933000,-18.34207589000
Senna macranthera,-43.00920000000,-18.29360000000
Senna macranthera,-59.67000000000,-18.29000000000
Senna macranthera,-43.60083300000,-18.24015000000
Senna macranthera,-44.17050000000,-18.18310000000
Senna macranthera,-43.51960000000,-18.18055000000
Senna macranthera,-43.55120000000,-18.17980000000
Senna macranthera,-43.56111100000,-18.17235000000
Senna macranthera,-43.56681000000,-18.16389000000
Senna macranthera,-43.50280000000,-18.16200000000
Senna macranthera,-43.61670000000,-18.13330000000
Senna macranthera,-43.73875000000,-18.02525000000
Senna macranthera,-43.72960000000,-18.00620000000
Senna macranthera,-60.24000000000,-18.00000000000
Senna macranthera,-60.80000000000,-17.95000000000
Senna macranthera,-50.10083300000,-17.66305600000
Senna macranthera,-44.58333300000,-17.58333300000
Senna macranthera,-44.58000000000,-17.58000000000
Senna macranthera,-40.42222200000,-17.36305600000
Senna macranthera,-43.34416700000,-17.03888900000
Senna macranthera,-48.00000000000,-17.00000000000
Senna macranthera,-47.60000000000,-16.97590000000
Senna macranthera,-61.30000000000,-16.82000000000
Senna macranthera,-43.58850000000,-16.81875000000
Senna macranthera,-48.53333300000,-16.76666700000
Senna macranthera,-64.43500000000,-16.72610000000
Senna macranthera,-48.65000000000,-16.60000000000
Senna macranthera,-39.06428690000,-16.45344218000
Senna macranthera,-40.05444400000,-16.40361100000
Senna macranthera,-39.43592600000,-16.38480900000
Senna macranthera,-39.13333300000,-16.38333300000
Senna macranthera,-39.13000000000,-16.38000000000
Senna macranthera,-39.18158000000,-16.37210900000
Senna macranthera,-48.58167000000,-16.30972000000
Senna macranthera,-47.34333000000,-16.22111000000
Senna macranthera,-47.34500000000,-16.22056000000
Senna macranthera,-46.38333000000,-16.06667000000
Senna macranthera,-46.38333300000,-16.06666700000
Senna macranthera,-47.80000000000,-16.05000000000
Senna macranthera,-48.80913100000,-16.03576396000
Senna macranthera,-46.30000000000,-16.03333300000
Senna macranthera,-47.29722000000,-16.02556000000
Senna macranthera,-47.19528000000,-15.98528000000
Senna macranthera,-48.08166700000,-15.94305000000
Senna macranthera,-47.92000000000,-15.93333300000
Senna macranthera,-47.91666000000,-15.93333000000
Senna macranthera,-47.60600000000,-15.92655000000
Senna macranthera,-48.80860000000,-15.92360000000
Senna macranthera,-47.85000000000,-15.86667000000
Senna macranthera,-47.83333300000,-15.86666700000
Senna macranthera,-47.81670000000,-15.83330000000
Senna macranthera,-48.81530000000,-15.80810000000
Senna macranthera,-48.81527800000,-15.80805600000
Senna macranthera,-46.92670000000,-15.80060000000
Senna macranthera,-46.88996000000,-15.80000000000
Senna macranthera,-47.92987267000,-15.78342081000
Senna macranthera,-47.88777800000,-15.74444400000
Senna macranthera,-47.85000000000,-15.72000000000
Senna macranthera,-43.35250000000,-15.70666700000
Senna macranthera,-43.03861100000,-15.70666700000
Senna macranthera,-41.02722200000,-15.68666700000
Senna macranthera,-40.26666700000,-15.63333300000
Senna macranthera,-47.87638900000,-15.58333300000
Senna macranthera,-47.33440000000,-15.53720000000
Senna macranthera,-40.90920933000,-15.53542331000
Senna macranthera,-40.81416700000,-15.51500000000
Senna macranthera,-39.33420000000,-15.42940000000
Senna macranthera,-68.11666700000,-15.41666700000
Senna macranthera,-47.43000000000,-15.40000000000
Senna macranthera,-47.11583300000,-15.38333300000
Senna macranthera,-39.07518826000,-15.29701777000
Senna macranthera,-39.33944400000,-15.17416700000
Senna macranthera,-39.54333300000,-15.16361100000
Senna macranthera,-39.54333000000,-15.16361000000
Senna macranthera,-39.54330000000,-15.16360000000
Senna macranthera,-39.52861100000,-15.15805600000
Senna macranthera,-39.53111100000,-15.15444400000
Senna macranthera,-39.08333300000,-15.15000000000
Senna macranthera,-39.08330000000,-15.15000000000
Senna macranthera,-39.08000000000,-15.15000000000
Senna macranthera,-39.54250000000,-15.09560000000
Senna macranthera,-39.54250000000,-15.09555500000
Senna macranthera,-42.64083300000,-15.08194400000
Senna macranthera,-40.76972200000,-15.02138900000
Senna macranthera,-44.26666700000,-15.00000000000
Senna macranthera,-47.53330000000,-14.88076000000
Senna macranthera,-40.83920469000,-14.86980889000
Senna macranthera,-39.16666700000,-14.80000000000
Senna macranthera,-39.28020202000,-14.78950681000
Senna macranthera,-42.65482423000,-14.77540631000
Senna macranthera,-42.65083300000,-14.76527800000
Senna macranthera,-42.62944400000,-14.75611100000
Senna macranthera,-42.54222200000,-14.74305600000
Senna macranthera,-42.50920000000,-14.71310000000
Senna macranthera,-42.50916700000,-14.71305600000
Senna macranthera,-39.63000000000,-14.70000000000
Senna macranthera,-41.41666000000,-14.58333000000
Senna macranthera,-40.35000000000,-14.51666700000
Senna macranthera,-42.53861100000,-14.45666700000
Senna macranthera,-41.46000000000,-14.42000000000
Senna macranthera,-42.53777800000,-14.34416700000
Senna macranthera,-43.78444400000,-14.33638900000
Senna macranthera,-44.36944400000,-14.25111100000
Senna macranthera,-44.19777800000,-14.23472200000
Senna macranthera,-44.36940000000,-14.23440000000
Senna macranthera,-44.20000000000,-14.21666700000
Senna macranthera,-44.56527800000,-14.20361100000
Senna macranthera,-42.50527800000,-14.18444400000
Senna macranthera,-44.53000000000,-14.18000000000
Senna macranthera,-40.25166700000,-14.15222200000
Senna macranthera,-47.51014171000,-14.13618640000
Senna macranthera,-42.79722200000,-14.12611100000
Senna macranthera,-46.36956719000,-14.09698745000
Senna macranthera,-42.48333300000,-14.05000000000
Senna macranthera,-42.14199018000,-14.03839014000
Senna macranthera,-42.55000000000,-14.01666700000
Senna macranthera,-41.00000000000,-14.00000000000
Senna macranthera,-40.00000000000,-14.00000000000
Senna macranthera,-41.05833300000,-13.94472200000
Senna macranthera,-41.16222200000,-13.91861100000
Senna macranthera,-40.12222200000,-13.89083300000
Senna macranthera,-40.20000000000,-13.88333300000
Senna macranthera,-40.20000000000,-13.88000000000
Senna macranthera,-40.05000000000,-13.87000000000
Senna macranthera,-40.05000000000,-13.86666700000
Senna macranthera,-40.08325509000,-13.86148632000
Senna macranthera,-40.13333300000,-13.85000000000
Senna macranthera,-40.08333300000,-13.85000000000
Senna macranthera,-41.77888900000,-13.79500000000
Senna macranthera,-41.83444400000,-13.78805600000
Senna macranthera,-40.25527800000,-13.76777800000
Senna macranthera,-40.26666700000,-13.75000000000
Senna macranthera,-40.26666600000,-13.75000000000
Senna macranthera,-41.83000000000,-13.72000000000
Senna macranthera,-41.83333300000,-13.71666700000
Senna macranthera,-41.83333000000,-13.71666000000
Senna macranthera,-39.47911553000,-13.69058227000
Senna macranthera,-41.42000000000,-13.67000000000
Senna macranthera,-41.41666700000,-13.66666700000
Senna macranthera,-45.03250000000,-13.65916700000
Senna macranthera,-47.66472200000,-13.63055600000
Senna macranthera,-47.66480600000,-13.63052800000
Senna macranthera,-39.98333300000,-13.60000000000
Senna macranthera,-44.32000000000,-13.58611100000
Senna macranthera,-41.83333300000,-13.58333300000
Senna macranthera,-41.83333000000,-13.58333000000
Senna macranthera,-41.83330000000,-13.58330000000
Senna macranthera,-41.83000000000,-13.58000000000
Senna macranthera,-41.84777800000,-13.55250000000
Senna macranthera,-41.95000000000,-13.55000000000
Senna macranthera,-41.88333300000,-13.55000000000
Senna macranthera,-41.88000000000,-13.55000000000
Senna macranthera,-41.16666700000,-13.55000000000
Senna macranthera,-41.20000000000,-13.53333300000
Senna macranthera,-41.94694400000,-13.52083300000
Senna macranthera,-41.90750000000,-13.51805600000
Senna macranthera,-43.07427800000,-13.51658300000
Senna macranthera,-41.83361100000,-13.50027800000
Senna macranthera,-40.55277800000,-13.48166700000
Senna macranthera,-40.53527800000,-13.48166700000
Senna macranthera,-41.63916700000,-13.46722200000
Senna macranthera,-40.50666700000,-13.45500000000
Senna macranthera,-41.75805600000,-13.45388900000
Senna macranthera,-40.43057791000,-13.44477683000
Senna macranthera,-39.82027800000,-13.42305600000
Senna macranthera,-39.82027800000,-13.39027800000
Senna macranthera,-42.30000000000,-13.38472200000
Senna macranthera,-41.76666700000,-13.38333300000
Senna macranthera,-42.30000000000,-13.38000000000
Senna macranthera,-41.77000000000,-13.38000000000
Senna macranthera,-41.82000000000,-13.32000000000
Senna macranthera,-41.81666700000,-13.31666700000
Senna macranthera,-41.46666700000,-13.30000000000
Senna macranthera,-39.81883789000,-13.29587329000
Senna macranthera,-41.83000000000,-13.27000000000
Senna macranthera,-41.83333300000,-13.26666700000
Senna macranthera,-41.92472200000,-13.26194400000
Senna macranthera,-39.67111100000,-13.24694400000
Senna macranthera,-41.48333300000,-13.23333300000
Senna macranthera,-39.15944400000,-13.17222200000
Senna macranthera,-39.15000000000,-13.16666700000
Senna macranthera,-41.11638900000,-13.15166700000
Senna macranthera,-41.10666700000,-13.14916700000
Senna macranthera,-41.83250000000,-13.13111100000
Senna macranthera,-41.69722200000,-13.12111100000
Senna macranthera,-41.39027800000,-13.11972200000
Senna macranthera,-41.53861100000,-13.11638900000
Senna macranthera,-41.42000000000,-13.10000000000
Senna macranthera,-41.41666700000,-13.10000000000
Senna macranthera,-41.79750000000,-13.07361100000
Senna macranthera,-41.44083300000,-13.02000000000
Senna macranthera,-39.60000000000,-13.01666700000
Senna macranthera,-41.37444400000,-13.00666700000
Senna macranthera,-38.50750000000,-13.00555600000
Senna macranthera,-38.50555600000,-13.00472200000
Senna macranthera,-41.36666700000,-13.00000000000
Senna macranthera,-41.31666700000,-12.98333300000
Senna macranthera,-38.50000000000,-12.96666700000
Senna macranthera,-38.41666700000,-12.95000000000
Senna macranthera,-41.47527800000,-12.93972200000
Senna macranthera,-46.93850239000,-12.93536023000
Senna macranthera,-38.35000000000,-12.93333300000
Senna macranthera,-40.42750000000,-12.93000000000
Senna macranthera,-40.21555600000,-12.91527800000
Senna macranthera,-39.85861100000,-12.90638900000
Senna macranthera,-38.31666700000,-12.88333300000
Senna macranthera,-39.48000000000,-12.87138900000
Senna macranthera,-39.47555600000,-12.85388900000
Senna macranthera,-39.46666700000,-12.85000000000
Senna macranthera,-39.47888900000,-12.84972200000
Senna macranthera,-42.73000000000,-12.82000000000
Senna macranthera,-39.89111100000,-12.81916700000
Senna macranthera,-44.16666700000,-12.80000000000
Senna macranthera,-40.08333300000,-12.80000000000
Senna macranthera,-40.19944400000,-12.77611100000
Senna macranthera,-39.52301871000,-12.77556104000
Senna macranthera,-38.44583300000,-12.77416700000
Senna macranthera,-40.24944400000,-12.77277800000
Senna macranthera,-40.20000000000,-12.76666700000
Senna macranthera,-40.27055600000,-12.76361100000
Senna macranthera,-39.53333300000,-12.75000000000
Senna macranthera,-38.15000000000,-12.73333300000
Senna macranthera,-39.76111100000,-12.71777800000
Senna macranthera,-39.76027800000,-12.71750000000
Senna macranthera,-39.70000000000,-12.71667000000
Senna macranthera,-39.70000000000,-12.71666700000
Senna macranthera,-39.76666700000,-12.70000000000
Senna macranthera,-39.10000000000,-12.66666700000
Senna macranthera,-45.03333300000,-12.66500000000
Senna macranthera,-42.21000000000,-12.65000000000
Senna macranthera,-38.40000000000,-12.58333300000
Senna macranthera,-38.30000000000,-12.58000000000
Senna macranthera,-41.38333300000,-12.56666700000
Senna macranthera,-41.39166700000,-12.55861100000
Senna macranthera,-38.38333300000,-12.55000000000
Senna macranthera,-41.36305600000,-12.54416700000
Senna macranthera,-39.50000000000,-12.53333300000
Senna macranthera,-39.08333300000,-12.53333300000
Senna macranthera,-41.55895159000,-12.53285541000
Senna macranthera,-40.30666990000,-12.53145542000
Senna macranthera,-39.08000000000,-12.53000000000
Senna macranthera,-40.30000000000,-12.51667000000
Senna macranthera,-38.36666700000,-12.51666700000
Senna macranthera,-40.06666700000,-12.50277800000
Senna macranthera,-41.26667000000,-12.50000000000
Senna macranthera,-39.53472200000,-12.50000000000
Senna macranthera,-39.53333300000,-12.50000000000
Senna macranthera,-45.20055600000,-12.49250000000
Senna macranthera,-40.31222200000,-12.48111100000
Senna macranthera,-41.73333300000,-12.46666700000
Senna macranthera,-41.26666700000,-12.46666700000
Senna macranthera,-41.59861100000,-12.45250000000
Senna macranthera,-41.60000000000,-12.45000000000
Senna macranthera,-41.51805600000,-12.43472200000
Senna macranthera,-41.53333300000,-12.43333300000
Senna macranthera,-41.47805600000,-12.42416700000
Senna macranthera,-40.51638900000,-12.41694400000
Senna macranthera,-41.03083300000,-12.41083300000
Senna macranthera,-41.18000000000,-12.34000000000
Senna macranthera,-38.88250000000,-12.34000000000
Senna macranthera,-39.28333300000,-12.33333300000
Senna macranthera,-39.28000000000,-12.33000000000
Senna macranthera,-40.47416700000,-12.32527800000
Senna macranthera,-40.48388900000,-12.30694400000
Senna macranthera,-40.48638900000,-12.30527800000
Senna macranthera,-40.48777800000,-12.30250000000
Senna macranthera,-38.93888900000,-12.28416700000
Senna macranthera,-41.30000000000,-12.25000000000
Senna macranthera,-39.06666700000,-12.25000000000
Senna macranthera,-38.97000000000,-12.25000000000
Senna macranthera,-38.96666700000,-12.25000000000
Senna macranthera,-38.33333300000,-12.25000000000
Senna macranthera,-41.79361100000,-12.24250000000
Senna macranthera,-39.07611100000,-12.23388900000
Senna macranthera,-39.07666700000,-12.23277800000
Senna macranthera,-41.80583300000,-12.23111100000
Senna macranthera,-39.07750000000,-12.23111100000
Senna macranthera,-44.42000000000,-12.23000000000
Senna macranthera,-38.96888900000,-12.19861100000
Senna macranthera,-38.96611100000,-12.19861100000
Senna macranthera,-38.98888900000,-12.19777800000
Senna macranthera,-38.97250000000,-12.19722200000
Senna macranthera,-38.42250000000,-12.18555600000
Senna macranthera,-38.95000000000,-12.18333300000
Senna macranthera,-39.33000000000,-12.17000000000
Senna macranthera,-39.33333300000,-12.16666700000
Senna macranthera,-38.40000000000,-12.16666700000
Senna macranthera,-37.85361100000,-12.15194400000
Senna macranthera,-41.03333300000,-12.13333300000
Senna macranthera,-38.40000000000,-12.13333300000
Senna macranthera,-41.77000000000,-12.13000000000
Senna macranthera,-45.04833300000,-12.09444400000
Senna macranthera,-40.30472200000,-12.09055600000
Senna macranthera,-38.35944400000,-12.06500000000
Senna macranthera,-40.48333300000,-12.03333300000
Senna macranthera,-38.04861100000,-12.01666700000
Senna macranthera,-38.03333300000,-12.01666700000
Senna macranthera,-41.03333300000,-11.93333300000
Senna macranthera,-41.27611100000,-11.85444400000
Senna macranthera,-41.28000000000,-11.85000000000
Senna macranthera,-41.26666700000,-11.85000000000
Senna macranthera,-38.28333300000,-11.85000000000
Senna macranthera,-42.47138900000,-11.83555600000
Senna macranthera,-37.60000000000,-11.80000000000
Senna macranthera,-40.76666700000,-11.78333300000
Senna macranthera,-40.77000000000,-11.78000000000
Senna macranthera,-41.14194400000,-11.76166700000
Senna macranthera,-39.20000000000,-11.75000000000
Senna macranthera,-41.00138900000,-11.63583300000
Senna macranthera,-41.28333300000,-11.63333300000
Senna macranthera,-41.28000000000,-11.63000000000
Senna macranthera,-40.99277800000,-11.62527800000
Senna macranthera,-41.05694400000,-11.60222200000
Senna macranthera,-41.20805600000,-11.59138900000
Senna macranthera,-41.20750000000,-11.59111100000
Senna macranthera,-41.17000000000,-11.57000000000
Senna macranthera,-41.16666700000,-11.56666700000
Senna macranthera,-41.15582521000,-11.55393177000
Senna macranthera,-41.15000000000,-11.55000000000
Senna macranthera,-41.28250000000,-11.52055600000
Senna macranthera,-39.18333300000,-11.50000000000
Senna macranthera,-41.33055600000,-11.49777800000
Senna macranthera,-37.76638900000,-11.48333300000
Senna macranthera,-37.46722200000,-11.47111100000
Senna macranthera,-41.38888900000,-11.46166700000
Senna macranthera,-40.03527800000,-11.45194400000
Senna macranthera,-41.18666700000,-11.44833300000
Senna macranthera,-41.19333300000,-11.43944400000
Senna macranthera,-38.96666700000,-11.42444400000
Senna macranthera,-41.20638900000,-11.42388900000
Senna macranthera,-38.97000000000,-11.42000000000
Senna macranthera,-40.60000000000,-11.41666700000
Senna macranthera,-38.96666700000,-11.41666700000
Senna macranthera,-57.36472200000,-11.41583300000
Senna macranthera,-38.75000000000,-11.41500000000
Senna macranthera,-40.55444400000,-11.40750000000
Senna macranthera,-41.82250000000,-11.40611100000
Senna macranthera,-37.42586100000,-11.38552800000
Senna macranthera,-37.42019400000,-11.38322200000
Senna macranthera,-37.43638900000,-11.38111100000
Senna macranthera,-41.19722200000,-11.35583300000
Senna macranthera,-37.29247200000,-11.31758300000
Senna macranthera,-41.01472200000,-11.31027800000
Senna macranthera,-40.49000000000,-11.31000000000
Senna macranthera,-40.48944400000,-11.30611100000
Senna macranthera,-40.47277800000,-11.30611100000
Senna macranthera,-42.20000000000,-11.28333300000
Senna macranthera,-41.08916700000,-11.26694400000
Senna macranthera,-41.26083300000,-11.26472200000
Senna macranthera,-57.21530000000,-11.24570000000
Senna macranthera,-40.73000000000,-11.24305600000
Senna macranthera,-40.33160000000,-11.24270000000
Senna macranthera,-40.71666700000,-11.23333300000
Senna macranthera,-37.26110000000,-11.22520000000
Senna macranthera,-40.50750000000,-11.20444400000
Senna macranthera,-40.51808377000,-11.18442263000
Senna macranthera,-37.99805600000,-11.18416700000
Senna macranthera,-41.91666700000,-11.18333300000
Senna macranthera,-40.83611100000,-11.13527800000
Senna macranthera,-40.14055600000,-11.11694400000
Senna macranthera,-45.56250000000,-11.10916700000
Senna macranthera,-41.81666700000,-11.08333300000
Senna macranthera,-40.66666700000,-11.08333300000
Senna macranthera,-40.66666000000,-11.08333000000
Senna macranthera,-40.67000000000,-11.08000000000
Senna macranthera,-37.72472200000,-11.06888900000
Senna macranthera,-37.47472200000,-11.03194400000
Senna macranthera,-45.24972200000,-11.01861100000
Senna macranthera,-40.40527800000,-11.01472200000
Senna macranthera,-37.20638900000,-11.01472200000
Senna macranthera,-58.43000000000,-11.00000000000
Senna macranthera,-43.00000000000,-11.00000000000
Senna macranthera,-37.31027800000,-10.99833300000
Senna macranthera,-39.62632594000,-10.98191743000
Senna macranthera,-37.08458300000,-10.96444400000
Senna macranthera,-58.73333300000,-10.95000000000
Senna macranthera,-41.08333300000,-10.93333300000
Senna macranthera,-39.08305600000,-10.92222200000
Senna macranthera,-37.65000000000,-10.91722200000
Senna macranthera,-37.31027800000,-10.91638900000
Senna macranthera,-37.07166700000,-10.91111100000
Senna macranthera,-38.97250000000,-10.89361100000
Senna macranthera,-37.32122200000,-10.88972200000
Senna macranthera,-38.21750000000,-10.86694400000
Senna macranthera,-37.12583300000,-10.85500000000
Senna macranthera,-37.14361100000,-10.84305600000
Senna macranthera,-52.87310000000,-10.83390000000
Senna macranthera,-39.53333300000,-10.83333300000
Senna macranthera,-38.53333300000,-10.83333300000
Senna macranthera,-42.73092725000,-10.82551323000
Senna macranthera,-37.17008300000,-10.81766700000
Senna macranthera,-42.71666700000,-10.81666700000
Senna macranthera,-42.72722200000,-10.80944400000
Senna macranthera,-37.16972200000,-10.80638900000
Senna macranthera,-42.86158300000,-10.80483300000
Senna macranthera,-42.83333300000,-10.80000000000
Senna macranthera,-42.82138900000,-10.78833300000
Senna macranthera,-42.82083300000,-10.78833300000
Senna macranthera,-42.77277800000,-10.78777800000
Senna macranthera,-42.81916700000,-10.78527800000
Senna macranthera,-42.81666700000,-10.78333300000
Senna macranthera,-39.56666700000,-10.78333300000
Senna macranthera,-39.56666000000,-10.78333000000
Senna macranthera,-39.57000000000,-10.78000000000
Senna macranthera,-37.31500000000,-10.75805600000
Senna macranthera,-37.81111100000,-10.73833300000
Senna macranthera,-36.85583300000,-10.73777800000
Senna macranthera,-38.18333300000,-10.70833300000
Senna macranthera,-37.42500000000,-10.68527800000
Senna macranthera,-39.73333300000,-10.65000000000
Senna macranthera,-39.87583300000,-10.64972200000
Senna macranthera,-39.80750000000,-10.63277800000
Senna macranthera,-39.90397200000,-10.62972200000
Senna macranthera,-38.60250000000,-10.61888900000
Senna macranthera,-36.75086100000,-10.60497200000
Senna macranthera,-36.94000000000,-10.59333300000
Senna macranthera,-41.46750000000,-10.59138900000
Senna macranthera,-37.04645000000,-10.57520000000
Senna macranthera,-58.44000000000,-10.57000000000
Senna macranthera,-37.05400000000,-10.53797200000
Senna macranthera,-37.05466700000,-10.53686100000
Senna macranthera,-37.05416700000,-10.53638900000
Senna macranthera,-37.06333300000,-10.53611100000
Senna macranthera,-37.05144400000,-10.51947200000
Senna macranthera,-37.10041700000,-10.50794400000
Senna macranthera,-37.19305600000,-10.49194400000
Senna macranthera,-41.26777800000,-10.49111100000
Senna macranthera,-40.24111100000,-10.48972200000
Senna macranthera,-40.26444400000,-10.47833300000
Senna macranthera,-37.13125000000,-10.45722200000
Senna macranthera,-41.26666000000,-10.45000000000
Senna macranthera,-39.33861100000,-10.43944400000
Senna macranthera,-41.31667000000,-10.36667000000
Senna macranthera,-41.31666700000,-10.36666700000
Senna macranthera,-38.14555600000,-10.34722200000
Senna macranthera,-41.33333300000,-10.33333300000
Senna macranthera,-41.33333000000,-10.33333000000
Senna macranthera,-41.33330000000,-10.33330000000
Senna macranthera,-41.33000000000,-10.33000000000
Senna macranthera,-37.03150000000,-10.32110000000
Senna macranthera,-38.78333300000,-10.26666700000
Senna macranthera,-40.22750000000,-10.17555600000
Senna macranthera,-42.89861100000,-10.13777800000
Senna macranthera,-42.89083300000,-10.11972200000
Senna macranthera,-41.23222200000,-10.09527800000
Senna macranthera,-42.91166700000,-10.03222200000
Senna macranthera,-37.56194400000,-10.02722200000
Senna macranthera,-40.23111100000,-10.02111100000
Senna macranthera,-42.50416700000,-10.00333300000
Senna macranthera,-38.43333300000,-9.96666700000
Senna macranthera,-38.98861100000,-9.94277800000
Senna macranthera,-38.98805600000,-9.94277800000
Senna macranthera,-39.08722200000,-9.93777800000
Senna macranthera,-40.25000000000,-9.92000000000
Senna macranthera,-40.25000000000,-9.91666700000
Senna macranthera,-40.25000000000,-9.91666000000
Senna macranthera,-42.56472200000,-9.90416700000
Senna macranthera,-37.49416700000,-9.90027800000
Senna macranthera,-39.13333300000,-9.90000000000
Senna macranthera,-37.68416700000,-9.80527800000
Senna macranthera,-39.13333300000,-9.75222200000
Senna macranthera,-38.13000000000,-9.75220000000
Senna macranthera,-39.13000000000,-9.75000000000
Senna macranthera,-40.67750000000,-9.74444400000
Senna macranthera,-39.40000000000,-9.73333300000
Senna macranthera,-37.91327800000,-9.71213900000
Senna macranthera,-36.82688900000,-9.69555600000
Senna macranthera,-43.14833300000,-9.68222200000
Senna macranthera,-38.46694400000,-9.66444400000
Senna macranthera,-42.21638900000,-9.64638900000
Senna macranthera,-42.23472200000,-9.64556000000
Senna macranthera,-42.23472200000,-9.64555600000
Senna macranthera,-40.87055600000,-9.64250000000
Senna macranthera,-41.27910300000,-9.61366100000
Senna macranthera,-42.87888900000,-9.60055600000
Senna macranthera,-40.80916700000,-9.59888900000
Senna macranthera,-42.11722200000,-9.59222200000
Senna macranthera,-38.49138900000,-9.58305600000
Senna macranthera,-40.51448300000,-9.57644400000
Senna macranthera,-37.94000000000,-9.55711100000
Senna macranthera,-37.94000000000,-9.55694400000
Senna macranthera,-41.35000000000,-9.53333300000
Senna macranthera,-41.35277800000,-9.52833300000
Senna macranthera,-43.23861100000,-9.51333300000
Senna macranthera,-40.83888900000,-9.48000000000
Senna macranthera,-43.08750000000,-9.47972200000
Senna macranthera,-40.85333300000,-9.47797200000
Senna macranthera,-40.82500000000,-9.47361100000
Senna macranthera,-40.58683300000,-9.45805600000
Senna macranthera,-40.52616700000,-9.44788900000
Senna macranthera,-42.29638900000,-9.44111100000
Senna macranthera,-40.58000000000,-9.42000000000
Senna macranthera,-41.14888900000,-9.41722200000
Senna macranthera,-40.58330000000,-9.41670000000
Senna macranthera,-40.58333300000,-9.41666700000
Senna macranthera,-40.58333000000,-9.41666000000
Senna macranthera,-41.14000000000,-9.41583300000
Senna macranthera,-41.14833300000,-9.41027800000
Senna macranthera,-41.14944400000,-9.41000000000
Senna macranthera,-38.21666700000,-9.40000000000
Senna macranthera,-36.75694400000,-9.39500000000
Senna macranthera,-41.81777800000,-9.38555600000
Senna macranthera,-41.80722200000,-9.37611100000
Senna macranthera,-40.55138900000,-9.36055600000
Senna macranthera,-40.78122200000,-9.35588900000
Senna macranthera,-40.78097200000,-9.35588900000
Senna macranthera,-40.68527800000,-9.33583300000
Senna macranthera,-40.75272200000,-9.33191700000
Senna macranthera,-40.54873300000,-9.33079700000
Senna macranthera,-40.55836100000,-9.32894400000
Senna macranthera,-40.55193600000,-9.32805600000
Senna macranthera,-40.55025000000,-9.32788900000
Senna macranthera,-40.55134400000,-9.32786100000
Senna macranthera,-40.54886100000,-9.32613900000
Senna macranthera,-40.54861100000,-9.32611100000
Senna macranthera,-40.54933100000,-9.32561100000
Senna macranthera,-40.54861100000,-9.32511100000
Senna macranthera,-40.54722200000,-9.32500000000
Senna macranthera,-40.51494400000,-9.32500000000
Senna macranthera,-40.59877200000,-9.32456100000
Senna macranthera,-40.56669400000,-9.32144400000
Senna macranthera,-40.55144400000,-9.31811100000
Senna macranthera,-40.55055000000,-9.31701400000
Senna macranthera,-40.55025000000,-9.31691700000
Senna macranthera,-41.23055600000,-9.31250000000
Senna macranthera,-43.14190000000,-9.30480000000
Senna macranthera,-40.26666700000,-9.28333300000
Senna macranthera,-41.46666700000,-9.26666700000
Senna macranthera,-36.42000000000,-9.25000000000
Senna macranthera,-36.41667000000,-9.25000000000
Senna macranthera,-36.44845300000,-9.23480400000
Senna macranthera,-36.60555600000,-9.22555600000
Senna macranthera,-41.11150000000,-9.20383300000
Senna macranthera,-74.14000000000,-9.18390000000
Senna macranthera,-43.37194400000,-9.17444400000
Senna macranthera,-40.30170000000,-9.15780000000
Senna macranthera,-38.32416700000,-9.10972200000
Senna macranthera,-39.93491900000,-9.09587800000
Senna macranthera,-39.59055600000,-9.09305600000
Senna macranthera,-38.23416700000,-9.05166400000
Senna macranthera,-36.78705600000,-9.01002800000
Senna macranthera,-35.89968300000,-8.95564200000
Senna macranthera,-37.58224700000,-8.94892800000
Senna macranthera,-37.82371028000,-8.90546285100
Senna macranthera,-36.49277800000,-8.89055600000
Senna macranthera,-37.99427800000,-8.80497200000
Senna macranthera,-38.32213900000,-8.79480600000
Senna macranthera,-40.84716700000,-8.77108300000
Senna macranthera,-35.83861100000,-8.72305600000
Senna macranthera,-35.83361100000,-8.71027800000
Senna macranthera,-38.03333300000,-8.70000000000
Senna macranthera,-37.16666700000,-8.62500000000
Senna macranthera,-37.15416700000,-8.62500000000
Senna macranthera,-37.17000000000,-8.62000000000
Senna macranthera,-37.16666700000,-8.61944400000
Senna macranthera,-37.16670000000,-8.61670000000
Senna macranthera,-37.16666000000,-8.61666000000
Senna macranthera,-37.16082500000,-8.61422500000
Senna macranthera,-37.21597200000,-8.60658300000
Senna macranthera,-38.56815834000,-8.60465506700
Senna macranthera,-38.56861100000,-8.60138900000
Senna macranthera,-38.57080000000,-8.60000000000
Senna macranthera,-37.25772200000,-8.59169400000
Senna macranthera,-37.26805600000,-8.58277800000
Senna macranthera,-37.25472200000,-8.56805600000
Senna macranthera,-36.56250000000,-8.56250000000
Senna macranthera,-37.25561100000,-8.56216700000
Senna macranthera,-37.69010187000,-8.54435304500
Senna macranthera,-37.93377800000,-8.52613900000
Senna macranthera,-37.23994400000,-8.52522200000
Senna macranthera,-37.93127800000,-8.50205600000
Senna macranthera,-37.25291700000,-8.49733300000
Senna macranthera,-37.85519400000,-8.49369400000
Senna macranthera,-40.93669400000,-8.47869400000
Senna macranthera,-40.93666700000,-8.47861100000
Senna macranthera,-39.46463900000,-8.47841700000
Senna macranthera,-37.16080800000,-8.45886100000
Senna macranthera,-37.15833300000,-8.40000000000
Senna macranthera,-35.06416700000,-8.39944400000
Senna macranthera,-39.32911900000,-8.38605800000
Senna macranthera,-35.84394400000,-8.38194400000
Senna macranthera,-37.83872200000,-8.36255600000
Senna macranthera,-35.83416700000,-8.33694400000
Senna macranthera,-37.13352500000,-8.32568900000
Senna macranthera,-36.00000000000,-8.31000000000
Senna macranthera,-40.05055600000,-8.30861100000
Senna macranthera,-35.92905600000,-8.28150000000
Senna macranthera,-38.68194400000,-8.26888900000
Senna macranthera,-37.69966700000,-8.24994400000
Senna macranthera,-36.19583300000,-8.23938900000
Senna macranthera,-35.79658048000,-8.23687344400
Senna macranthera,-38.59680600000,-8.22138900000
Senna macranthera,-36.47222200000,-8.20750000000
Senna macranthera,-36.40361100000,-8.20750000000
Senna macranthera,-36.39222200000,-8.20750000000
Senna macranthera,-36.38916700000,-8.20138900000
Senna macranthera,-38.53333300000,-8.20000000000
Senna macranthera,-36.40055600000,-8.20000000000
Senna macranthera,-35.82000000000,-8.20000000000
Senna macranthera,-35.81666700000,-8.20000000000
Senna macranthera,-36.41750000000,-8.18722200000
Senna macranthera,-36.40000000000,-8.18000000000
Senna macranthera,-36.37083300000,-8.15000000000
Senna macranthera,-36.37051735000,-8.14934148100
Senna macranthera,-39.07540300000,-8.13494200000
Senna macranthera,-39.17600000000,-8.10547200000
Senna macranthera,-39.20427800000,-8.10219400000
Senna macranthera,-38.80091700000,-8.08688900000
Senna macranthera,-39.11909395000,-8.07794082900
Senna macranthera,-37.86500000000,-8.07277800000
Senna macranthera,-38.71869400000,-8.07019400000
Senna macranthera,-39.17588900000,-8.06647200000
Senna macranthera,-39.16697200000,-8.06144400000
Senna macranthera,-34.88110000000,-8.05390000000
Senna macranthera,-39.20444400000,-8.05027800000
Senna macranthera,-38.84032800000,-8.03646700000
Senna macranthera,-38.79338900000,-8.03491700000
Senna macranthera,-38.76690600000,-8.02565000000
Senna macranthera,-39.11186100000,-8.02227800000
Senna macranthera,-34.95030000000,-8.01280000000
Senna macranthera,-57.56694000000,-8.01277000000
Senna macranthera,-34.95000000000,-8.01000000000
Senna macranthera,-39.13966700000,-8.00483300000
Senna macranthera,-36.00000000000,-8.00000000000
Senna macranthera,-37.82250000000,-7.91638900000
Senna macranthera,-38.29725000000,-7.90613900000
Senna macranthera,-37.61672200000,-7.89494400000
Senna macranthera,-37.11097200000,-7.87877800000
Senna macranthera,-37.10963900000,-7.87000000000
Senna macranthera,-37.12777800000,-7.86291700000
Senna macranthera,-37.11463900000,-7.84775000000
Senna macranthera,-37.11297200000,-7.84683300000
Senna macranthera,-38.12118100000,-7.84436100000
Senna macranthera,-37.19325000000,-7.84272200000
Senna macranthera,-38.10138900000,-7.83833300000
Senna macranthera,-37.93750000000,-7.83833300000
Senna macranthera,-37.13055600000,-7.83713900000
Senna macranthera,-37.11166700000,-7.82505600000
Senna macranthera,-38.06466700000,-7.82327800000
Senna macranthera,-38.05552800000,-7.82272200000
Senna macranthera,-37.52978600000,-7.80222500000
Senna macranthera,-38.65680300000,-7.74568600000
Senna macranthera,-38.63635300000,-7.73328600000
Senna macranthera,-39.32005600000,-7.59188900000
Senna macranthera,-39.31611100000,-7.53944400000
Senna macranthera,-36.28722200000,-7.48916700000
Senna macranthera,-39.47033300000,-7.46416700000
Senna macranthera,-39.35555600000,-7.45527800000
Senna macranthera,-39.33555600000,-7.45527800000
Senna macranthera,-38.77394400000,-7.45433300000
Senna macranthera,-39.26300000000,-7.39705600000
Senna macranthera,-39.34916700000,-7.39500000000
Senna macranthera,-39.35443600000,-7.38386700000
Senna macranthera,-39.33833300000,-7.37472200000
Senna macranthera,-39.41638900000,-7.34083300000
Senna macranthera,-38.62527800000,-7.29472200000
Senna macranthera,-39.34638900000,-7.28944400000
Senna macranthera,-39.53944400000,-7.28916700000
Senna macranthera,-39.45638900000,-7.28916700000
Senna macranthera,-39.44813900000,-7.28147200000
Senna macranthera,-39.56050000000,-7.27269400000
Senna macranthera,-39.65000000000,-7.27000000000
Senna macranthera,-39.65000000000,-7.26666000000
Senna macranthera,-60.67330000000,-7.25940000000
Senna macranthera,-39.49111100000,-7.24138900000
Senna macranthera,-39.50000000000,-7.22916700000
Senna macranthera,-39.48441900000,-7.20255000000
Senna macranthera,-39.95998100000,-7.19998600000
Senna macranthera,-38.56436100000,-7.19480600000
Senna macranthera,-37.43138900000,-7.18611100000
Senna macranthera,-37.43138000000,-7.18611000000
Senna macranthera,-37.22580000000,-7.15060000000
Senna macranthera,-37.22360000000,-7.15050000000
Senna macranthera,-37.25530000000,-7.11100000000
Senna macranthera,-37.25300000000,-7.11100000000
Senna macranthera,-37.25530000000,-7.11000000000
Senna macranthera,-38.20694400000,-7.10638900000
Senna macranthera,-77.92275000000,-7.02797200000
Senna macranthera,-35.66538900000,-7.01469400000
Senna macranthera,-38.27305600000,-7.00777800000
Senna macranthera,-37.38333300000,-7.00000000000
Senna macranthera,-37.00000000000,-7.00000000000
Senna macranthera,-35.79500000000,-6.88111100000
Senna macranthera,-40.40805600000,-6.87222200000
Senna macranthera,-38.57305600000,-6.87077800000
Senna macranthera,-38.57306400000,-6.87076700000
Senna macranthera,-38.97086100000,-6.85947500000
Senna macranthera,-41.47222200000,-6.85361100000
Senna macranthera,-78.80000000000,-6.83333000000
Senna macranthera,-78.05000000000,-6.83333000000
Senna macranthera,-78.80000000000,-6.83000000000
Senna macranthera,-41.86666700000,-6.81666700000
Senna macranthera,-36.64166700000,-6.80833300000
Senna macranthera,-40.32583300000,-6.73222200000
Senna macranthera,-40.32580600000,-6.73222200000
Senna macranthera,-40.32555600000,-6.73222200000
Senna macranthera,-38.96054400000,-6.71241400000
Senna macranthera,-40.30000000000,-6.69500000000
Senna macranthera,-40.50000000000,-6.65998900000
Senna macranthera,-40.18916700000,-6.62250000000
Senna macranthera,-40.32194400000,-6.60027800000
Senna macranthera,-40.12083300000,-6.60027800000
Senna macranthera,-40.30638900000,-6.59450000000
Senna macranthera,-40.30638900000,-6.59444400000
Senna macranthera,-40.30000000000,-6.58333300000
Senna macranthera,-36.37450000000,-6.56310000000
Senna macranthera,-38.43387500000,-6.52991700000
Senna macranthera,-38.44150000000,-6.52808300000
Senna macranthera,-35.69055600000,-6.45777800000
Senna macranthera,-35.08310000000,-6.44310000000
Senna macranthera,-38.40000000000,-6.28333300000
Senna macranthera,-35.41260000000,-6.27280000000
Senna macranthera,-38.44361100000,-6.25972200000
Senna macranthera,-35.23472200000,-5.84500000000
Senna macranthera,-37.40500000000,-5.52777800000
Senna macranthera,-41.41138900000,-5.38305600000
Senna macranthera,-37.87916700000,-5.32416700000
Senna macranthera,-37.10000000000,-5.23333300000
Senna macranthera,-37.82000000000,-5.20000000000
Senna macranthera,-37.81666700000,-5.20000000000
Senna macranthera,-37.40000000000,-5.20000000000
Senna macranthera,-37.77850000000,-5.19761100000
Senna macranthera,-37.77833300000,-5.19761100000
Senna macranthera,-37.77861100000,-5.19750000000
Senna macranthera,-37.77805600000,-5.19750000000
Senna macranthera,-37.77791700000,-5.19741700000
Senna macranthera,-37.77777800000,-5.19741700000
Senna macranthera,-37.77777800000,-5.19722200000
Senna macranthera,-37.34416700000,-5.19722200000
Senna macranthera,-37.34416700000,-5.18750000000
Senna macranthera,-37.02944400000,-5.17000000000
Senna macranthera,-36.46361100000,-5.11694400000
Senna macranthera,-37.45833300000,-5.08333300000
Senna macranthera,-37.40250000000,-5.06638900000
Senna macranthera,-37.40500000000,-5.05388900000
Senna macranthera,-37.27500000000,-5.02000000000
Senna macranthera,-38.66666700000,-4.98361100000
Senna macranthera,-39.08277800000,-4.91305600000
Senna macranthera,-38.96277800000,-4.81527800000
Senna macranthera,-38.85916700000,-4.80944400000
Senna macranthera,-79.48638000000,-4.48861000000
Senna macranthera,-79.48600000000,-4.48800000000
Senna macranthera,-79.21666700000,-4.30000000000
Senna macranthera,-79.30000000000,-4.25000000000
Senna macranthera,-79.21666000000,-4.25000000000
Senna macranthera,-79.26861100000,-4.24861100000
Senna macranthera,-79.26861000000,-4.24861000000
Senna macranthera,-79.26800000000,-4.24800000000
Senna macranthera,-79.36666000000,-4.13333000000
Senna macranthera,-80.43000000000,-4.13000000000
Senna macranthera,-41.70777800000,-4.12083300000
Senna macranthera,-40.91575000000,-3.82319400000
Senna macranthera,-41.12044400000,-3.66983300000
Senna macranthera,-40.98830600000,-3.65527800000
Senna macranthera,-40.00000000000,-3.00000000000
Senna macranthera,-75.60638900000,1.60583300000
Senna macranthera,-72.86670000000,3.88110000000
Senna macranthera,-73.07333000000,3.90111000000
Senna macranthera,-65.91190000000,7.07580000000
Senna macranthera,-69.73333000000,8.70000000000
Senna macranthera,-69.73000000000,8.70000000000
Senna macranthera,-69.96722000000,9.68000000000
