sp,lon,lat
Siparuna guianensis,-49.77000000000,-28.71000000000
Siparuna guianensis,-52.74752800000,-23.91269400000
Siparuna guianensis,-52.75011100000,-23.91250000000
Siparuna guianensis,-48.59280000000,-23.79750000000
Siparuna guianensis,-45.07110000000,-23.43390000000
Siparuna guianensis,-48.35056000000,-23.42388900000
Siparuna guianensis,-44.81667000000,-23.33333000000
Siparuna guianensis,-44.81222200000,-23.31111100000
Siparuna guianensis,-46.00080000000,-23.25410000000
Siparuna guianensis,-46.87580000000,-23.24030000000
Siparuna guianensis,-58.16890000000,-23.20250000000
Siparuna guianensis,-45.88035353000,-23.17415966000
Siparuna guianensis,-47.34886400000,-23.12155300000
Siparuna guianensis,-46.40583300000,-23.09000000000
Siparuna guianensis,-48.18333300000,-23.03330000000
Siparuna guianensis,-47.14878100000,-23.01699800000
Siparuna guianensis,-48.81694400000,-23.00166700000
Siparuna guianensis,-56.00000000000,-23.00000000000
Siparuna guianensis,-47.18210000000,-22.96430000000
Siparuna guianensis,-46.93194400000,-22.95666700000
Siparuna guianensis,-47.31580000000,-22.94670000000
Siparuna guianensis,-47.06080000000,-22.90560000000
Siparuna guianensis,-47.06043397000,-22.90385247000
Siparuna guianensis,-48.44500000000,-22.88580000000
Siparuna guianensis,-48.49222200000,-22.88111100000
Siparuna guianensis,-48.43333300000,-22.86666700000
Siparuna guianensis,-47.22000000000,-22.85830000000
Siparuna guianensis,-47.09312000000,-22.85608000000
Siparuna guianensis,-47.09301300000,-22.85577300000
Siparuna guianensis,-48.43250000000,-22.84222200000
Siparuna guianensis,-48.74327800000,-22.81394400000
Siparuna guianensis,-46.05227800000,-22.80313900000
Siparuna guianensis,-47.04233100000,-22.80101700000
Siparuna guianensis,-48.29722200000,-22.80000000000
Siparuna guianensis,-48.28472200000,-22.80000000000
Siparuna guianensis,-46.88333300000,-22.80000000000
Siparuna guianensis,-45.28700000000,-22.79390000000
Siparuna guianensis,-48.32833300000,-22.71500000000
Siparuna guianensis,-48.34388900000,-22.70388900000
Siparuna guianensis,-46.67671900000,-22.70169200000
Siparuna guianensis,-46.67658300000,-22.70105600000
Siparuna guianensis,-46.66849200000,-22.69488600000
Siparuna guianensis,-46.68080000000,-22.68190000000
Siparuna guianensis,-42.80777800000,-22.66138900000
Siparuna guianensis,-55.98250000000,-22.65555600000
Siparuna guianensis,-45.04950000000,-22.64710000000
Siparuna guianensis,-44.66144400000,-22.63861100000
Siparuna guianensis,-43.89831579000,-22.63325457000
Siparuna guianensis,-52.84908300000,-22.61780600000
Siparuna guianensis,-43.94230000000,-22.60600000000
Siparuna guianensis,-44.13890000000,-22.59590000000
Siparuna guianensis,-44.08710000000,-22.59030000000
Siparuna guianensis,-44.09930000000,-22.57320000000
Siparuna guianensis,-44.03490000000,-22.56790000000
Siparuna guianensis,-43.26666700000,-22.55000000000
Siparuna guianensis,-44.85380000000,-22.54740000000
Siparuna guianensis,-42.28472200000,-22.54333300000
Siparuna guianensis,-44.81270000000,-22.52890000000
Siparuna guianensis,-44.22320000000,-22.52620000000
Siparuna guianensis,-44.80760000000,-22.52150000000
Siparuna guianensis,-44.50220000000,-22.51820000000
Siparuna guianensis,-44.81870000000,-22.50870000000
Siparuna guianensis,-44.71530000000,-22.50340000000
Siparuna guianensis,-42.25000000000,-22.50000000000
Siparuna guianensis,-44.32780000000,-22.48870000000
Siparuna guianensis,-44.62990000000,-22.48540000000
Siparuna guianensis,-44.14880000000,-22.47700000000
Siparuna guianensis,-49.02361100000,-22.38694400000
Siparuna guianensis,-46.94220000000,-22.37220000000
Siparuna guianensis,-44.65833000000,-22.35833000000
Siparuna guianensis,-49.01666700000,-22.33333300000
Siparuna guianensis,-48.12020443000,-22.28413951000
Siparuna guianensis,-44.56666700000,-22.25000000000
Siparuna guianensis,-43.50000000000,-22.25000000000
Siparuna guianensis,-44.09500000000,-22.14940000000
Siparuna guianensis,-47.41280000000,-22.14280000000
Siparuna guianensis,-42.30000000000,-22.14000000000
Siparuna guianensis,-47.50000000000,-22.03333300000
Siparuna guianensis,-42.36820984000,-21.98494544000
Siparuna guianensis,-42.90555500000,-21.96055500000
Siparuna guianensis,-48.17560000000,-21.79440000000
Siparuna guianensis,-54.32444400000,-21.75333300000
Siparuna guianensis,-47.29833300000,-21.58805600000
Siparuna guianensis,-47.30472200000,-21.58750000000
Siparuna guianensis,-45.42222200000,-21.45111100000
Siparuna guianensis,-46.99869500000,-21.42348900000
Siparuna guianensis,-42.50000000000,-21.41666000000
Siparuna guianensis,-48.50492745000,-21.40992405000
Siparuna guianensis,-47.96274100000,-21.32346800000
Siparuna guianensis,-47.30014529000,-21.27412526000
Siparuna guianensis,-47.84870700000,-21.22475400000
Siparuna guianensis,-48.89250000000,-21.21388900000
Siparuna guianensis,-43.01780000000,-21.17500000000
Siparuna guianensis,-45.63846700000,-21.16625000000
Siparuna guianensis,-47.74023900000,-21.15249800000
Siparuna guianensis,-47.76430800000,-21.12147500000
Siparuna guianensis,-44.10938900000,-21.06611100000
Siparuna guianensis,-46.71277800000,-20.89222200000
Siparuna guianensis,-41.71166700000,-20.89111100000
Siparuna guianensis,-47.58500000000,-20.89083300000
Siparuna guianensis,-41.70663000000,-20.89057300000
Siparuna guianensis,-49.37940000000,-20.81970000000
Siparuna guianensis,-49.38055600000,-20.81000000000
Siparuna guianensis,-40.64560000000,-20.80580000000
Siparuna guianensis,-42.85000000000,-20.80000000000
Siparuna guianensis,-42.84722200000,-20.79555500000
Siparuna guianensis,-40.81110000000,-20.79310000000
Siparuna guianensis,-40.59007800000,-20.78810400000
Siparuna guianensis,-41.67940000000,-20.77560000000
Siparuna guianensis,-41.53310000000,-20.76360000000
Siparuna guianensis,-42.86803100000,-20.76134300000
Siparuna guianensis,-42.86803100000,-20.76134280000
Siparuna guianensis,-42.05666700000,-20.76027800000
Siparuna guianensis,-42.88184388000,-20.75802404000
Siparuna guianensis,-42.88170000000,-20.75420000000
Siparuna guianensis,-42.88190000000,-20.75390000000
Siparuna guianensis,-49.31638900000,-20.70805600000
Siparuna guianensis,-42.71890000000,-20.70720000000
Siparuna guianensis,-41.55833300000,-20.70527800000
Siparuna guianensis,-43.08440000000,-20.67330000000
Siparuna guianensis,-41.59750000000,-20.62944400000
Siparuna guianensis,-41.18472200000,-20.60361100000
Siparuna guianensis,-46.54566700000,-20.49311100000
Siparuna guianensis,-42.66580000000,-20.45580000000
Siparuna guianensis,-49.83333300000,-20.43333300000
Siparuna guianensis,-48.83333000000,-20.43333000000
Siparuna guianensis,-42.90860000000,-20.41640000000
Siparuna guianensis,-43.41610000000,-20.37780000000
Siparuna guianensis,-40.57166700000,-20.37500000000
Siparuna guianensis,-41.24390000000,-20.36830000000
Siparuna guianensis,-40.65916700000,-20.36333300000
Siparuna guianensis,-46.90522200000,-20.29319400000
Siparuna guianensis,-40.49025000000,-20.27586100000
Siparuna guianensis,-40.47833300000,-20.27444400000
Siparuna guianensis,-40.47800000000,-20.27400000000
Siparuna guianensis,-40.47916700000,-20.27277800000
Siparuna guianensis,-40.47666700000,-20.27277800000
Siparuna guianensis,-40.41972200000,-20.26416700000
Siparuna guianensis,-43.82472200000,-20.25750000000
Siparuna guianensis,-42.89580000000,-20.24470000000
Siparuna guianensis,-47.43333300000,-20.21666700000
Siparuna guianensis,-40.54638900000,-20.12305600000
Siparuna guianensis,-42.45250000000,-20.10190000000
Siparuna guianensis,-43.40750000000,-20.07470000000
Siparuna guianensis,-40.74610000000,-20.04060000000
Siparuna guianensis,-48.94115196000,-20.02849915000
Siparuna guianensis,-43.46666700000,-19.98333300000
Siparuna guianensis,-41.22001200000,-19.98000500000
Siparuna guianensis,-43.98805600000,-19.96944400000
Siparuna guianensis,-41.05670000000,-19.89890000000
Siparuna guianensis,-43.91597200000,-19.89161100000
Siparuna guianensis,-43.36863900000,-19.88994400000
Siparuna guianensis,-43.36220000000,-19.82610000000
Siparuna guianensis,-43.17360000000,-19.81000000000
Siparuna guianensis,-42.55250000000,-19.79777800000
Siparuna guianensis,-42.13920000000,-19.78970000000
Siparuna guianensis,-40.60416700000,-19.78083300000
Siparuna guianensis,-55.24292800000,-19.77472200000
Siparuna guianensis,-55.26416700000,-19.74472200000
Siparuna guianensis,-42.73220000000,-19.71220000000
Siparuna guianensis,-42.51638900000,-19.70444400000
Siparuna guianensis,-42.50000000000,-19.70000000000
Siparuna guianensis,-41.83000000000,-19.67000000000
Siparuna guianensis,-41.75000000000,-19.66666700000
Siparuna guianensis,-41.75000000000,-19.66666670000
Siparuna guianensis,-41.75000000000,-19.66666000000
Siparuna guianensis,-54.89200000000,-19.57800000000
Siparuna guianensis,-47.96000000000,-19.57472200000
Siparuna guianensis,-43.74500000000,-19.51360000000
Siparuna guianensis,-43.95508300000,-19.50775000000
Siparuna guianensis,-42.63333300000,-19.50000000000
Siparuna guianensis,-44.01805600000,-19.48288900000
Siparuna guianensis,-43.98691700000,-19.47716700000
Siparuna guianensis,-43.98683300000,-19.47683300000
Siparuna guianensis,-43.98683300000,-19.47666700000
Siparuna guianensis,-43.98308300000,-19.47000000000
Siparuna guianensis,-40.86004300000,-19.43994700000
Siparuna guianensis,-54.50000000000,-19.40000000000
Siparuna guianensis,-43.40141100000,-19.39700000000
Siparuna guianensis,-43.40205600000,-19.39636100000
Siparuna guianensis,-40.07220000000,-19.39110000000
Siparuna guianensis,-45.45382900000,-19.34349800000
Siparuna guianensis,-45.45160900000,-19.34272600000
Siparuna guianensis,-40.53750000000,-19.31166700000
Siparuna guianensis,-45.49797200000,-19.25761100000
Siparuna guianensis,-45.49602800000,-19.25750000000
Siparuna guianensis,-48.14611100000,-19.14444400000
Siparuna guianensis,-50.82000000000,-19.05222200000
Siparuna guianensis,-43.77600800000,-19.00501600000
Siparuna guianensis,-53.00711100000,-19.00066700000
Siparuna guianensis,-40.76944400000,-18.97555600000
Siparuna guianensis,-43.77835800000,-18.97495200000
Siparuna guianensis,-49.46500000000,-18.96888900000
Siparuna guianensis,-40.65110000000,-18.96810000000
Siparuna guianensis,-40.65111100000,-18.96805600000
Siparuna guianensis,-42.52416700000,-18.94722200000
Siparuna guianensis,-54.90680600000,-18.93916700000
Siparuna guianensis,-47.51527800000,-18.93083300000
Siparuna guianensis,-40.73472200000,-18.90702800000
Siparuna guianensis,-52.37833300000,-18.78555600000
Siparuna guianensis,-52.39305600000,-18.76194400000
Siparuna guianensis,-40.45022200000,-18.76072200000
Siparuna guianensis,-39.85883888000,-18.71988749000
Siparuna guianensis,-43.37940000000,-18.60470000000
Siparuna guianensis,-51.14138900000,-18.58388900000
Siparuna guianensis,-45.36667000000,-18.58333000000
Siparuna guianensis,-45.37000000000,-18.58000000000
Siparuna guianensis,-48.18722000000,-18.51889000000
Siparuna guianensis,-43.30670000000,-18.46580000000
Siparuna guianensis,-52.00555600000,-18.44583300000
Siparuna guianensis,-51.99527800000,-18.43944400000
Siparuna guianensis,-44.45664731000,-18.38457882000
Siparuna guianensis,-43.17000000000,-18.36190000000
Siparuna guianensis,-41.04000000000,-18.36000600000
Siparuna guianensis,-43.00920000000,-18.29360000000
Siparuna guianensis,-53.40041700000,-18.17702800000
Siparuna guianensis,-43.50525000000,-18.17050000000
Siparuna guianensis,-47.91666700000,-18.16305600000
Siparuna guianensis,-47.88027800000,-18.15138900000
Siparuna guianensis,-63.95000000000,-18.10833000000
Siparuna guianensis,-51.19222200000,-18.07138900000
Siparuna guianensis,-47.70252800000,-18.04161100000
Siparuna guianensis,-57.51527800000,-18.03850000000
Siparuna guianensis,-47.80297000000,-18.02615000000
Siparuna guianensis,-57.49102800000,-18.00177800000
Siparuna guianensis,-48.58333000000,-17.96667000000
Siparuna guianensis,-57.58791700000,-17.96600000000
Siparuna guianensis,-46.82194400000,-17.95944400000
Siparuna guianensis,-51.71722200000,-17.92305600000
Siparuna guianensis,-48.51667000000,-17.90000000000
Siparuna guianensis,-48.50000000000,-17.90000000000
Siparuna guianensis,-57.53000000000,-17.87000000000
Siparuna guianensis,-57.53333300000,-17.86666700000
Siparuna guianensis,-51.72555600000,-17.85916700000
Siparuna guianensis,-63.80000000000,-17.83333000000
Siparuna guianensis,-48.48333000000,-17.81667000000
Siparuna guianensis,-48.75000000000,-17.80000000000
Siparuna guianensis,-50.06861100000,-17.77138900000
Siparuna guianensis,-48.46667000000,-17.76667000000
Siparuna guianensis,-63.66666700000,-17.73333300000
Siparuna guianensis,-50.11580000000,-17.72140000000
Siparuna guianensis,-48.55000000000,-17.71667000000
Siparuna guianensis,-48.55000000000,-17.71666700000
Siparuna guianensis,-48.53333000000,-17.70000000000
Siparuna guianensis,-48.48333300000,-17.70000000000
Siparuna guianensis,-48.48333000000,-17.70000000000
Siparuna guianensis,-49.42170000000,-17.67450000000
Siparuna guianensis,-63.59861000000,-17.60388000000
Siparuna guianensis,-44.13000000000,-17.57000000000
Siparuna guianensis,-63.85000000000,-17.51666000000
Siparuna guianensis,-63.60000000000,-17.50000000000
Siparuna guianensis,-61.50000000000,-17.50000000000
Siparuna guianensis,-64.11527800000,-17.40694400000
Siparuna guianensis,-46.71666700000,-17.40000000000
Siparuna guianensis,-62.55944000000,-17.39194000000
Siparuna guianensis,-64.10000000000,-17.37000000000
Siparuna guianensis,-46.76666600000,-17.28333300000
Siparuna guianensis,-64.50000000000,-17.25000000000
Siparuna guianensis,-50.83333300000,-17.25000000000
Siparuna guianensis,-46.87277800000,-17.22555000000
Siparuna guianensis,-64.52777800000,-17.21250000000
Siparuna guianensis,-48.20978300000,-17.18159700000
Siparuna guianensis,-64.66666700000,-17.13333300000
Siparuna guianensis,-40.42138900000,-17.13250000000
Siparuna guianensis,-40.42138000000,-17.13250000000
Siparuna guianensis,-64.66670000000,-17.08333300000
Siparuna guianensis,-64.66666000000,-17.08333000000
Siparuna guianensis,-65.46333000000,-17.07916000000
Siparuna guianensis,-51.81666700000,-17.05660000000
Siparuna guianensis,-47.60000000000,-16.97590000000
Siparuna guianensis,-51.81030000000,-16.95670000000
Siparuna guianensis,-39.41500000000,-16.86720000000
Siparuna guianensis,-65.50555600000,-16.73277800000
Siparuna guianensis,-64.43500000000,-16.72610000000
Siparuna guianensis,-49.25000000000,-16.67000000000
Siparuna guianensis,-49.25000000000,-16.66666000000
Siparuna guianensis,-48.02000000000,-16.64040000000
Siparuna guianensis,-48.01720000000,-16.64040000000
Siparuna guianensis,-48.02000000000,-16.64027800000
Siparuna guianensis,-55.18777800000,-16.62861100000
Siparuna guianensis,-39.96666700000,-16.61666700000
Siparuna guianensis,-64.51666000000,-16.58333000000
Siparuna guianensis,-48.71666700000,-16.56666700000
Siparuna guianensis,-42.87500000000,-16.55500000000
Siparuna guianensis,-67.33333000000,-16.50000000000
Siparuna guianensis,-39.25000000000,-16.50000000000
Siparuna guianensis,-51.87000000000,-16.47000000000
Siparuna guianensis,-52.66666700000,-16.45000000000
Siparuna guianensis,-39.05000000000,-16.43333300000
Siparuna guianensis,-51.82220000000,-16.42690000000
Siparuna guianensis,-39.13879400000,-16.42063600000
Siparuna guianensis,-39.13333300000,-16.38333300000
Siparuna guianensis,-39.28888900000,-16.38138900000
Siparuna guianensis,-39.56666700000,-16.36666700000
Siparuna guianensis,-40.96055600000,-16.35361100000
Siparuna guianensis,-39.04409900000,-16.29862400000
Siparuna guianensis,-49.11333300000,-16.28944400000
Siparuna guianensis,-39.01666700000,-16.26666700000
Siparuna guianensis,-47.95077516000,-16.25653049000
Siparuna guianensis,-48.16306000000,-16.24639000000
Siparuna guianensis,-49.18222200000,-16.24333300000
Siparuna guianensis,-49.20000000000,-16.23333300000
Siparuna guianensis,-48.60333000000,-16.14250000000
Siparuna guianensis,-41.20000000000,-16.13333000000
Siparuna guianensis,-48.10194400000,-16.08222200000
Siparuna guianensis,-48.05000000000,-16.05000000000
Siparuna guianensis,-47.30944000000,-16.03750000000
Siparuna guianensis,-59.50000000000,-16.03000000000
Siparuna guianensis,-47.43000000000,-16.02000000000
Siparuna guianensis,-57.54972200000,-16.01805600000
Siparuna guianensis,-47.43333300000,-16.01666700000
Siparuna guianensis,-47.43000000000,-16.01666700000
Siparuna guianensis,-47.49194400000,-15.97222200000
Siparuna guianensis,-47.48972200000,-15.96944400000
Siparuna guianensis,-47.92000000000,-15.96666700000
Siparuna guianensis,-47.91666700000,-15.96666700000
Siparuna guianensis,-47.94138900000,-15.95444400000
Siparuna guianensis,-47.94138800000,-15.95444400000
Siparuna guianensis,-48.12361100000,-15.95055500000
Siparuna guianensis,-50.14091791000,-15.93811842000
Siparuna guianensis,-39.56250000000,-15.93750000000
Siparuna guianensis,-50.14030000000,-15.93440000000
Siparuna guianensis,-47.92000000000,-15.93333300000
Siparuna guianensis,-47.91666700000,-15.93333300000
Siparuna guianensis,-48.01027800000,-15.93250000000
Siparuna guianensis,-47.92997200000,-15.93130600000
Siparuna guianensis,-48.23333300000,-15.91666700000
Siparuna guianensis,-51.55722200000,-15.90111100000
Siparuna guianensis,-50.11666700000,-15.90000000000
Siparuna guianensis,-52.25745558000,-15.89401080000
Siparuna guianensis,-52.25000000000,-15.88333300000
Siparuna guianensis,-47.84027800000,-15.87777800000
Siparuna guianensis,-47.91670000000,-15.87367000000
Siparuna guianensis,-47.85000000000,-15.86666700000
Siparuna guianensis,-38.90000000000,-15.86666700000
Siparuna guianensis,-47.82854400000,-15.86179400000
Siparuna guianensis,-48.75395000000,-15.85000000000
Siparuna guianensis,-47.81666700000,-15.85000000000
Siparuna guianensis,-48.07487800000,-15.82586400000
Siparuna guianensis,-48.88420000000,-15.81750000000
Siparuna guianensis,-48.88416700000,-15.81750000000
Siparuna guianensis,-54.91780000000,-15.81060000000
Siparuna guianensis,-48.85583300000,-15.80722200000
Siparuna guianensis,-48.85580000000,-15.80720000000
Siparuna guianensis,-47.91666700000,-15.80000000000
Siparuna guianensis,-47.92987267000,-15.78342081000
Siparuna guianensis,-49.13333300000,-15.78333300000
Siparuna guianensis,-47.64305600000,-15.76166700000
Siparuna guianensis,-47.64305500000,-15.76166600000
Siparuna guianensis,-47.64305600000,-15.76138900000
Siparuna guianensis,-47.64305500000,-15.76138800000
Siparuna guianensis,-47.64250000000,-15.75305600000
Siparuna guianensis,-47.64250000000,-15.75305500000
Siparuna guianensis,-67.48333000000,-15.75000000000
Siparuna guianensis,-47.71205000000,-15.74845000000
Siparuna guianensis,-47.58527700000,-15.74833300000
Siparuna guianensis,-48.14972200000,-15.74250000000
Siparuna guianensis,-48.14972200000,-15.74222200000
Siparuna guianensis,-57.21511100000,-15.66809400000
Siparuna guianensis,-57.21380600000,-15.65080600000
Siparuna guianensis,-57.21288900000,-15.64975000000
Siparuna guianensis,-57.20684400000,-15.64975000000
Siparuna guianensis,-57.20552800000,-15.64102800000
Siparuna guianensis,-57.20413900000,-15.63861100000
Siparuna guianensis,-47.70694400000,-15.60600000000
Siparuna guianensis,-47.70000000000,-15.60000000000
Siparuna guianensis,-47.59138900000,-15.59055500000
Siparuna guianensis,-47.70000000000,-15.58333300000
Siparuna guianensis,-47.85000000000,-15.58333000000
Siparuna guianensis,-47.88000000000,-15.58000000000
Siparuna guianensis,-39.48000000000,-15.55000000000
Siparuna guianensis,-48.16305600000,-15.51083300000
Siparuna guianensis,-48.06000000000,-15.51083300000
Siparuna guianensis,-68.00000000000,-15.50000000000
Siparuna guianensis,-67.50000000000,-15.50000000000
Siparuna guianensis,-55.58333300000,-15.50000000000
Siparuna guianensis,-55.72722200000,-15.48527800000
Siparuna guianensis,-45.33583300000,-15.48527800000
Siparuna guianensis,-45.33333300000,-15.48333300000
Siparuna guianensis,-66.46666000000,-15.48333000000
Siparuna guianensis,-68.35640700000,-15.46088000000
Siparuna guianensis,-68.35572700000,-15.45649700000
Siparuna guianensis,-55.77825000000,-15.43200000000
Siparuna guianensis,-48.02000000000,-15.42000000000
Siparuna guianensis,-56.03722200000,-15.41944400000
Siparuna guianensis,-48.16667000000,-15.41667000000
Siparuna guianensis,-48.01666700000,-15.41666700000
Siparuna guianensis,-67.18333000000,-15.40000000000
Siparuna guianensis,-55.83333300000,-15.38333300000
Siparuna guianensis,-55.83000000000,-15.38333300000
Siparuna guianensis,-55.83333000000,-15.38333000000
Siparuna guianensis,-55.83000000000,-15.38000000000
Siparuna guianensis,-48.63000000000,-15.35000000000
Siparuna guianensis,-68.50000000000,-15.33333300000
Siparuna guianensis,-68.51666000000,-15.33333000000
Siparuna guianensis,-52.23000000000,-15.33000000000
Siparuna guianensis,-47.38000000000,-15.30000000000
Siparuna guianensis,-39.00444400000,-15.29916700000
Siparuna guianensis,-40.57470000000,-15.26470000000
Siparuna guianensis,-68.13333000000,-15.25000000000
Siparuna guianensis,-66.97083000000,-15.21888000000
Siparuna guianensis,-68.60305000000,-15.20027000000
Siparuna guianensis,-39.06750000000,-15.16777800000
Siparuna guianensis,-56.85000000000,-15.16666700000
Siparuna guianensis,-39.06666700000,-15.16666700000
Siparuna guianensis,-39.08333300000,-15.15000000000
Siparuna guianensis,-39.08000000000,-15.15000000000
Siparuna guianensis,-68.48583300000,-15.13805500000
Siparuna guianensis,-66.13333000000,-15.11666000000
Siparuna guianensis,-68.46583300000,-15.07536100000
Siparuna guianensis,-52.06020000000,-15.03180000000
Siparuna guianensis,-49.04722200000,-15.00277800000
Siparuna guianensis,-67.79277000000,-14.99000000000
Siparuna guianensis,-39.05000000000,-14.98333300000
Siparuna guianensis,-39.05000000000,-14.98333000000
Siparuna guianensis,-67.79333000000,-14.97666000000
Siparuna guianensis,-67.82694000000,-14.97055000000
Siparuna guianensis,-55.01666700000,-14.93333300000
Siparuna guianensis,-47.53330000000,-14.88076000000
Siparuna guianensis,-52.14361100000,-14.84638900000
Siparuna guianensis,-52.13000000000,-14.83333300000
Siparuna guianensis,-60.38611100000,-14.82666700000
Siparuna guianensis,-52.32000000000,-14.82000000000
Siparuna guianensis,-60.38861000000,-14.81527000000
Siparuna guianensis,-60.38888000000,-14.81055000000
Siparuna guianensis,-60.40472000000,-14.80833000000
Siparuna guianensis,-60.38722000000,-14.80472000000
Siparuna guianensis,-39.08305600000,-14.79361100000
Siparuna guianensis,-62.80000000000,-14.78333300000
Siparuna guianensis,-39.06916700000,-14.78194400000
Siparuna guianensis,-39.06920000000,-14.78190000000
Siparuna guianensis,-39.08000000000,-14.77000000000
Siparuna guianensis,-61.03638000000,-14.76916000000
Siparuna guianensis,-61.03833000000,-14.76416000000
Siparuna guianensis,-61.04805000000,-14.76222000000
Siparuna guianensis,-56.40916700000,-14.75583300000
Siparuna guianensis,-62.75000000000,-14.75000000000
Siparuna guianensis,-42.57194400000,-14.74416700000
Siparuna guianensis,-52.33333000000,-14.73333000000
Siparuna guianensis,-52.33000000000,-14.73000000000
Siparuna guianensis,-52.36305600000,-14.71722200000
Siparuna guianensis,-61.16277000000,-14.71722000000
Siparuna guianensis,-60.93333000000,-14.71666000000
Siparuna guianensis,-61.17472000000,-14.70833000000
Siparuna guianensis,-61.16027000000,-14.70500000000
Siparuna guianensis,-61.16666700000,-14.70000000000
Siparuna guianensis,-61.15000000000,-14.70000000000
Siparuna guianensis,-48.42333000000,-14.69833000000
Siparuna guianensis,-61.17055000000,-14.69083000000
Siparuna guianensis,-43.39055600000,-14.68666700000
Siparuna guianensis,-52.35000000000,-14.66666700000
Siparuna guianensis,-60.76666000000,-14.66666000000
Siparuna guianensis,-67.80194000000,-14.65333000000
Siparuna guianensis,-67.79444000000,-14.64750000000
Siparuna guianensis,-60.79583300000,-14.64000000000
Siparuna guianensis,-52.23333300000,-14.63333300000
Siparuna guianensis,-62.61666000000,-14.63333000000
Siparuna guianensis,-52.23333000000,-14.63333000000
Siparuna guianensis,-52.23000000000,-14.63000000000
Siparuna guianensis,-60.83472000000,-14.61722000000
Siparuna guianensis,-47.04222200000,-14.61438900000
Siparuna guianensis,-67.65277000000,-14.61416000000
Siparuna guianensis,-67.65111000000,-14.61166000000
Siparuna guianensis,-60.85638000000,-14.60694000000
Siparuna guianensis,-48.95500000000,-14.59250000000
Siparuna guianensis,-60.77166000000,-14.56277000000
Siparuna guianensis,-60.76388000000,-14.55972000000
Siparuna guianensis,-60.76138000000,-14.55833000000
Siparuna guianensis,-60.75805000000,-14.55833000000
Siparuna guianensis,-60.93083000000,-14.55777000000
Siparuna guianensis,-60.74694000000,-14.55777000000
Siparuna guianensis,-67.66805000000,-14.55694000000
Siparuna guianensis,-60.79666000000,-14.55444000000
Siparuna guianensis,-67.66000000000,-14.55000000000
Siparuna guianensis,-60.85000000000,-14.53333300000
Siparuna guianensis,-54.51000000000,-14.53000000000
Siparuna guianensis,-48.45000000000,-14.52230000000
Siparuna guianensis,-39.11500000000,-14.49972200000
Siparuna guianensis,-46.11310000000,-14.48780000000
Siparuna guianensis,-48.45000000000,-14.46667000000
Siparuna guianensis,-48.45000000000,-14.46666700000
Siparuna guianensis,-55.38000000000,-14.44000000000
Siparuna guianensis,-39.08333300000,-14.41666700000
Siparuna guianensis,-67.91666000000,-14.41666000000
Siparuna guianensis,-67.05000000000,-14.41666000000
Siparuna guianensis,-61.53527800000,-14.40611100000
Siparuna guianensis,-55.14000000000,-14.39000000000
Siparuna guianensis,-61.14638000000,-14.38916000000
Siparuna guianensis,-67.98694400000,-14.36194400000
Siparuna guianensis,-68.08333300000,-14.23333300000
Siparuna guianensis,-67.92277000000,-14.18333000000
Siparuna guianensis,-67.91000000000,-14.18000000000
Siparuna guianensis,-67.91944000000,-14.17333000000
Siparuna guianensis,-67.90777000000,-14.17138000000
Siparuna guianensis,-67.91000000000,-14.17000000000
Siparuna guianensis,-67.90000000000,-14.17000000000
Siparuna guianensis,-39.71111100000,-14.16722200000
Siparuna guianensis,-47.59950000000,-14.16466700000
Siparuna guianensis,-46.37000000000,-14.13000000000
Siparuna guianensis,-47.52596000000,-14.11670000000
Siparuna guianensis,-60.41379400000,-14.10700000000
Siparuna guianensis,-56.48000000000,-14.10000000000
Siparuna guianensis,-56.38000000000,-14.10000000000
Siparuna guianensis,-46.36940000000,-14.09310000000
Siparuna guianensis,-67.79527000000,-14.09000000000
Siparuna guianensis,-56.45000000000,-14.09000000000
Siparuna guianensis,-48.06667000000,-14.06667000000
Siparuna guianensis,-52.15904283000,-14.05397319000
Siparuna guianensis,-48.30000000000,-14.03333000000
Siparuna guianensis,-48.29222000000,-14.02611000000
Siparuna guianensis,-48.28333300000,-14.01666700000
Siparuna guianensis,-65.50000000000,-14.00000000000
Siparuna guianensis,-47.00000000000,-14.00000000000
Siparuna guianensis,-48.30000000000,-13.98333300000
Siparuna guianensis,-48.30000000000,-13.98333000000
Siparuna guianensis,-52.08000000000,-13.92000000000
Siparuna guianensis,-60.80944000000,-13.91611000000
Siparuna guianensis,-68.15611000000,-13.90444000000
Siparuna guianensis,-60.81277800000,-13.89861100000
Siparuna guianensis,-47.50000000000,-13.89039000000
Siparuna guianensis,-68.15000000000,-13.89000000000
Siparuna guianensis,-48.25000000000,-13.85000000000
Siparuna guianensis,-48.30000000000,-13.83333000000
Siparuna guianensis,-48.25000000000,-13.81666700000
Siparuna guianensis,-48.25000000000,-13.81666600000
Siparuna guianensis,-47.45830000000,-13.79750000000
Siparuna guianensis,-47.28077800000,-13.78475000000
Siparuna guianensis,-48.23333300000,-13.78333300000
Siparuna guianensis,-48.23333000000,-13.78333000000
Siparuna guianensis,-47.31138900000,-13.78083300000
Siparuna guianensis,-47.31138000000,-13.78083000000
Siparuna guianensis,-68.13333000000,-13.76666000000
Siparuna guianensis,-47.39902800000,-13.75169400000
Siparuna guianensis,-61.39722000000,-13.73194000000
Siparuna guianensis,-61.46361000000,-13.72972000000
Siparuna guianensis,-61.49055000000,-13.72277000000
Siparuna guianensis,-61.53277000000,-13.70277000000
Siparuna guianensis,-47.83769400000,-13.68761100000
Siparuna guianensis,-47.83777800000,-13.68750000000
Siparuna guianensis,-61.53333000000,-13.66666000000
Siparuna guianensis,-60.83111000000,-13.66250000000
Siparuna guianensis,-60.73130600000,-13.65941700000
Siparuna guianensis,-60.81888000000,-13.65555000000
Siparuna guianensis,-60.83111000000,-13.65388000000
Siparuna guianensis,-60.79583300000,-13.64000000000
Siparuna guianensis,-60.88333300000,-13.63333300000
Siparuna guianensis,-60.81666000000,-13.63333000000
Siparuna guianensis,-60.84722000000,-13.63277000000
Siparuna guianensis,-39.63250000000,-13.61888900000
Siparuna guianensis,-60.90833000000,-13.61527000000
Siparuna guianensis,-68.73333000000,-13.60000000000
Siparuna guianensis,-61.00000000000,-13.60000000000
Siparuna guianensis,-47.21761100000,-13.59319400000
Siparuna guianensis,-48.23333300000,-13.58333300000
Siparuna guianensis,-68.76666000000,-13.58333000000
Siparuna guianensis,-47.47083300000,-13.58194400000
Siparuna guianensis,-52.26884831000,-13.55586213000
Siparuna guianensis,-61.03472200000,-13.55194400000
Siparuna guianensis,-61.00805000000,-13.55166000000
Siparuna guianensis,-61.00000000000,-13.55000000000
Siparuna guianensis,-56.32000000000,-13.52000000000
Siparuna guianensis,-48.18722200000,-13.51888900000
Siparuna guianensis,-48.15583000000,-13.51667000000
Siparuna guianensis,-56.29000000000,-13.51000000000
Siparuna guianensis,-69.38333300000,-13.48333300000
Siparuna guianensis,-40.28194400000,-13.47916700000
Siparuna guianensis,-48.38333000000,-13.46667000000
Siparuna guianensis,-48.19306000000,-13.44028000000
Siparuna guianensis,-48.19305600000,-13.44027800000
Siparuna guianensis,-58.08333300000,-13.41666700000
Siparuna guianensis,-41.28333300000,-13.40000000000
Siparuna guianensis,-60.43527000000,-13.39339000000
Siparuna guianensis,-69.66666000000,-13.35000000000
Siparuna guianensis,-70.75000000000,-13.28333000000
Siparuna guianensis,-52.57000000000,-13.27000000000
Siparuna guianensis,-70.77833000000,-13.25194000000
Siparuna guianensis,-53.34444400000,-13.20277800000
Siparuna guianensis,-52.56666700000,-13.20000000000
Siparuna guianensis,-53.32786100000,-13.19250000000
Siparuna guianensis,-56.42330000000,-13.17500000000
Siparuna guianensis,-68.00000000000,-13.08333000000
Siparuna guianensis,-67.25000000000,-13.08333000000
Siparuna guianensis,-48.22694400000,-13.04333300000
Siparuna guianensis,-68.84916700000,-13.03000000000
Siparuna guianensis,-46.66722200000,-13.02833300000
Siparuna guianensis,-68.83333000000,-13.01666000000
Siparuna guianensis,-48.11733300000,-12.99111100000
Siparuna guianensis,-38.50000000000,-12.96666700000
Siparuna guianensis,-39.51666700000,-12.93333300000
Siparuna guianensis,-51.87500000000,-12.90638900000
Siparuna guianensis,-51.87000000000,-12.90000000000
Siparuna guianensis,-51.86667000000,-12.90000000000
Siparuna guianensis,-51.86666700000,-12.90000000000
Siparuna guianensis,-51.86666000000,-12.90000000000
Siparuna guianensis,-41.23333300000,-12.90000000000
Siparuna guianensis,-41.30972200000,-12.85111100000
Siparuna guianensis,-38.36666700000,-12.85000000000
Siparuna guianensis,-69.33333300000,-12.83333300000
Siparuna guianensis,-69.28333300000,-12.83333300000
Siparuna guianensis,-69.33333000000,-12.83333000000
Siparuna guianensis,-69.28333000000,-12.83333000000
Siparuna guianensis,-47.26694000000,-12.82333000000
Siparuna guianensis,-51.77000000000,-12.82000000000
Siparuna guianensis,-51.76667000000,-12.81667000000
Siparuna guianensis,-51.76666700000,-12.81666700000
Siparuna guianensis,-69.30000000000,-12.81666000000
Siparuna guianensis,-69.28333000000,-12.81666000000
Siparuna guianensis,-51.76666000000,-12.81666000000
Siparuna guianensis,-41.38333300000,-12.80972200000
Siparuna guianensis,-66.56861000000,-12.79277000000
Siparuna guianensis,-48.23361100000,-12.78777700000
Siparuna guianensis,-60.17000000000,-12.75000000000
Siparuna guianensis,-60.16666000000,-12.75000000000
Siparuna guianensis,-38.31666700000,-12.68333300000
Siparuna guianensis,-69.18333300000,-12.63333300000
Siparuna guianensis,-69.08166000000,-12.60638000000
Siparuna guianensis,-69.05638000000,-12.60638000000
Siparuna guianensis,-48.07024000000,-12.59280000000
Siparuna guianensis,-56.27000000000,-12.59000000000
Siparuna guianensis,-69.08333000000,-12.58333000000
Siparuna guianensis,-69.06666000000,-12.58333000000
Siparuna guianensis,-69.05000000000,-12.58333000000
Siparuna guianensis,-70.10000000000,-12.57000000000
Siparuna guianensis,-41.38974056000,-12.56695625000
Siparuna guianensis,-41.40305600000,-12.56027800000
Siparuna guianensis,-41.38333300000,-12.55000000000
Siparuna guianensis,-38.37388900000,-12.52027800000
Siparuna guianensis,-38.36666700000,-12.51666700000
Siparuna guianensis,-68.77638000000,-12.51083000000
Siparuna guianensis,-72.50000000000,-12.50000000000
Siparuna guianensis,-64.65666000000,-12.48666000000
Siparuna guianensis,-64.67138000000,-12.48638000000
Siparuna guianensis,-69.05000000000,-12.48333000000
Siparuna guianensis,-41.38722200000,-12.47527800000
Siparuna guianensis,-41.26666700000,-12.46666700000
Siparuna guianensis,-67.61666000000,-12.45000000000
Siparuna guianensis,-41.46666700000,-12.45000000000
Siparuna guianensis,-41.41666700000,-12.45000000000
Siparuna guianensis,-38.46972200000,-12.43805600000
Siparuna guianensis,-38.96666700000,-12.43333300000
Siparuna guianensis,-55.75000000000,-12.42000000000
Siparuna guianensis,-55.75000000000,-12.41666700000
Siparuna guianensis,-56.28000000000,-12.39000000000
Siparuna guianensis,-56.25400000000,-12.35570000000
Siparuna guianensis,-60.38333300000,-12.30000000000
Siparuna guianensis,-56.15000000000,-12.30000000000
Siparuna guianensis,-55.38000000000,-12.30000000000
Siparuna guianensis,-41.28388900000,-12.24111100000
Siparuna guianensis,-60.98000000000,-12.22000000000
Siparuna guianensis,-56.11000000000,-12.22000000000
Siparuna guianensis,-60.98000000000,-12.21666700000
Siparuna guianensis,-60.00000000000,-12.21666000000
Siparuna guianensis,-56.03000000000,-12.14000000000
Siparuna guianensis,-50.81583300000,-12.11222200000
Siparuna guianensis,-49.03333000000,-12.08333000000
Siparuna guianensis,-38.03333300000,-12.01666700000
Siparuna guianensis,-70.25000000000,-12.00000000000
Siparuna guianensis,-41.00000000000,-12.00000000000
Siparuna guianensis,-45.45389000000,-11.87833000000
Siparuna guianensis,-68.62957800000,-11.83726000000
Siparuna guianensis,-67.21666000000,-11.80000000000
Siparuna guianensis,-67.98333000000,-11.73333000000
Siparuna guianensis,-47.71843700000,-11.67603300000
Siparuna guianensis,-46.66306000000,-11.63694000000
Siparuna guianensis,-46.51722000000,-11.60250000000
Siparuna guianensis,-55.65333300000,-11.58555600000
Siparuna guianensis,-47.11666700000,-11.45416700000
Siparuna guianensis,-47.11666700000,-11.45277800000
Siparuna guianensis,-57.16070000000,-11.39430000000
Siparuna guianensis,-67.17015300000,-11.29693400000
Siparuna guianensis,-69.08333300000,-11.23333300000
Siparuna guianensis,-69.08000000000,-11.23000000000
Siparuna guianensis,-50.66920000000,-11.22220000000
Siparuna guianensis,-62.03000000000,-11.20000000000
Siparuna guianensis,-51.67000000000,-11.16666700000
Siparuna guianensis,-66.13333000000,-11.16666000000
Siparuna guianensis,-66.16222200000,-11.14388900000
Siparuna guianensis,-47.15055500000,-11.13027700000
Siparuna guianensis,-69.13000000000,-11.13000000000
Siparuna guianensis,-65.75000000000,-11.08333000000
Siparuna guianensis,-47.57694400000,-11.05611100000
Siparuna guianensis,-65.73333300000,-11.01666700000
Siparuna guianensis,-66.13333000000,-11.00000000000
Siparuna guianensis,-66.08333000000,-11.00000000000
Siparuna guianensis,-65.98333300000,-10.98333300000
Siparuna guianensis,-55.77638900000,-10.96777800000
Siparuna guianensis,-55.72444400000,-10.96638900000
Siparuna guianensis,-56.04000000000,-10.88472200000
Siparuna guianensis,-52.87310000000,-10.83390000000
Siparuna guianensis,-65.39916700000,-10.81500000000
Siparuna guianensis,-65.34653700000,-10.77986500000
Siparuna guianensis,-37.42500000000,-10.68527800000
Siparuna guianensis,-63.58333000000,-10.58472000000
Siparuna guianensis,-63.58333000000,-10.58333000000
Siparuna guianensis,-66.10000000000,-10.56666000000
Siparuna guianensis,-68.56388900000,-10.50722200000
Siparuna guianensis,-54.17000000000,-10.45000000000
Siparuna guianensis,-54.21666700000,-10.43333300000
Siparuna guianensis,-48.24111100000,-10.42611100000
Siparuna guianensis,-51.45000000000,-10.42000000000
Siparuna guianensis,-50.50000000000,-10.42000000000
Siparuna guianensis,-48.17222200000,-10.41916700000
Siparuna guianensis,-48.30194400000,-10.41888900000
Siparuna guianensis,-48.30361100000,-10.41722200000
Siparuna guianensis,-50.50000000000,-10.41666700000
Siparuna guianensis,-50.50000000000,-10.41666000000
Siparuna guianensis,-48.26527800000,-10.41361100000
Siparuna guianensis,-48.36277800000,-10.40527800000
Siparuna guianensis,-48.35944400000,-10.39944400000
Siparuna guianensis,-48.35916700000,-10.39833300000
Siparuna guianensis,-48.14416700000,-10.37944400000
Siparuna guianensis,-58.78333300000,-10.36666700000
Siparuna guianensis,-48.23472200000,-10.36472200000
Siparuna guianensis,-48.25138900000,-10.35250000000
Siparuna guianensis,-56.15540000000,-10.33190000000
Siparuna guianensis,-56.20000000000,-10.32000000000
Siparuna guianensis,-56.17200000000,-10.31180000000
Siparuna guianensis,-48.12777800000,-10.29583300000
Siparuna guianensis,-48.13611100000,-10.28222200000
Siparuna guianensis,-46.88333300000,-10.26666700000
Siparuna guianensis,-46.88333300000,-10.26666600000
Siparuna guianensis,-63.33333300000,-10.25000000000
Siparuna guianensis,-63.33333000000,-10.25000000000
Siparuna guianensis,-63.33000000000,-10.25000000000
Siparuna guianensis,-59.35000000000,-10.20000000000
Siparuna guianensis,-54.78333300000,-10.20000000000
Siparuna guianensis,-48.21583300000,-10.15388900000
Siparuna guianensis,-67.43652000000,-10.09946000000
Siparuna guianensis,-54.44000000000,-10.05000000000
Siparuna guianensis,-48.26666700000,-10.00000000000
Siparuna guianensis,-67.80000000000,-9.96666700000
Siparuna guianensis,-67.80000000000,-9.96666000000
Siparuna guianensis,-67.87157500000,-9.95620600000
Siparuna guianensis,-67.87000000000,-9.95000000000
Siparuna guianensis,-56.09111100000,-9.87722200000
Siparuna guianensis,-56.08277800000,-9.86500000000
Siparuna guianensis,-56.07694400000,-9.86416700000
Siparuna guianensis,-58.25863900000,-9.81941700000
Siparuna guianensis,-54.66666700000,-9.81666700000
Siparuna guianensis,-63.07000000000,-9.78333300000
Siparuna guianensis,-63.06666700000,-9.78333300000
Siparuna guianensis,-67.67061100000,-9.75722200000
Siparuna guianensis,-55.22000000000,-9.67000000000
Siparuna guianensis,-55.21611100000,-9.66750000000
Siparuna guianensis,-36.57611100000,-9.62361100000
Siparuna guianensis,-64.94005700000,-9.62233200000
Siparuna guianensis,-55.92000000000,-9.60000000000
Siparuna guianensis,-55.92277800000,-9.59833300000
Siparuna guianensis,-54.91666000000,-9.58333000000
Siparuna guianensis,-54.92000000000,-9.58000000000
Siparuna guianensis,-75.83330000000,-9.50000000000
Siparuna guianensis,-55.80000000000,-9.50000000000
Siparuna guianensis,-55.80388900000,-9.49638900000
Siparuna guianensis,-48.67388900000,-9.44472200000
Siparuna guianensis,-47.81666700000,-9.40000000000
Siparuna guianensis,-54.53000000000,-9.38000000000
Siparuna guianensis,-56.77694400000,-9.34444400000
Siparuna guianensis,-69.00000000000,-9.33333300000
Siparuna guianensis,-56.78222200000,-9.32916700000
Siparuna guianensis,-56.82833300000,-9.31611100000
Siparuna guianensis,-64.60611100000,-9.31166700000
Siparuna guianensis,-56.79444400000,-9.31138900000
Siparuna guianensis,-74.96666000000,-9.30000000000
Siparuna guianensis,-55.48120000000,-9.29460000000
Siparuna guianensis,-64.49111100000,-9.27805600000
Siparuna guianensis,-64.49000000000,-9.27805600000
Siparuna guianensis,-64.49111100000,-9.27805500000
Siparuna guianensis,-64.48000000000,-9.27138900000
Siparuna guianensis,-64.47972200000,-9.27111100000
Siparuna guianensis,-56.77055600000,-9.22972200000
Siparuna guianensis,-74.14000000000,-9.18390000000
Siparuna guianensis,-62.90000000000,-9.12333300000
Siparuna guianensis,-62.90000000000,-9.11666700000
Siparuna guianensis,-57.83638900000,-9.10861100000
Siparuna guianensis,-55.00000000000,-9.00000000000
Siparuna guianensis,-35.93769300000,-8.97950100000
Siparuna guianensis,-48.52000000000,-8.97000000000
Siparuna guianensis,-35.89968300000,-8.95564200000
Siparuna guianensis,-65.71021600000,-8.89724000000
Siparuna guianensis,-54.96440000000,-8.73670000000
Siparuna guianensis,-35.83888900000,-8.72750000000
Siparuna guianensis,-35.18666600000,-8.72333300000
Siparuna guianensis,-35.11729800000,-8.58486500000
Siparuna guianensis,-35.18250000000,-8.57627800000
Siparuna guianensis,-35.18611100000,-8.55916700000
Siparuna guianensis,-35.14888900000,-8.55555600000
Siparuna guianensis,-46.62222200000,-8.54916700000
Siparuna guianensis,-74.66666700000,-8.46666700000
Siparuna guianensis,-74.66666000000,-8.46666000000
Siparuna guianensis,-35.67861100000,-8.40138900000
Siparuna guianensis,-35.06305600000,-8.23833300000
Siparuna guianensis,-35.04972200000,-8.23666700000
Siparuna guianensis,-35.04972200000,-8.23638900000
Siparuna guianensis,-72.94666000000,-8.20222000000
Siparuna guianensis,-50.18194400000,-8.07222200000
Siparuna guianensis,-35.04916700000,-7.90555600000
Siparuna guianensis,-73.47000000000,-7.90000000000
Siparuna guianensis,-34.99444400000,-7.84083300000
Siparuna guianensis,-35.00277800000,-7.83888900000
Siparuna guianensis,-35.00277800000,-7.83750000000
Siparuna guianensis,-35.00680600000,-7.83666700000
Siparuna guianensis,-35.00666700000,-7.83666700000
Siparuna guianensis,-34.87481000000,-7.83229800000
Siparuna guianensis,-47.26500000000,-7.82000000000
Siparuna guianensis,-35.21805600000,-7.81722200000
Siparuna guianensis,-35.01666700000,-7.80027800000
Siparuna guianensis,-35.02083300000,-7.79388900000
Siparuna guianensis,-35.02385000000,-7.79106100000
Siparuna guianensis,-35.21611100000,-7.79083300000
Siparuna guianensis,-35.00527800000,-7.78694400000
Siparuna guianensis,-35.02083300000,-7.78555600000
Siparuna guianensis,-34.93666700000,-7.77194400000
Siparuna guianensis,-34.97694400000,-7.75138900000
Siparuna guianensis,-46.17000000000,-7.67000000000
Siparuna guianensis,-46.16666000000,-7.66666000000
Siparuna guianensis,-72.60000000000,-7.61666000000
Siparuna guianensis,-72.67000000000,-7.60000000000
Siparuna guianensis,-72.66666700000,-7.60000000000
Siparuna guianensis,-35.02570000000,-7.54200000000
Siparuna guianensis,-46.03000000000,-7.53000000000
Siparuna guianensis,-63.17000000000,-7.50000000000
Siparuna guianensis,-63.16666000000,-7.50000000000
Siparuna guianensis,-48.55000000000,-7.48333000000
Siparuna guianensis,-35.01000000000,-7.48010000000
Siparuna guianensis,-48.55000000000,-7.48000000000
Siparuna guianensis,-35.01150000000,-7.47080000000
Siparuna guianensis,-65.28330000000,-7.46670000000
Siparuna guianensis,-47.88111100000,-7.46083300000
Siparuna guianensis,-39.33316700000,-7.39830600000
Siparuna guianensis,-39.39916700000,-7.31608300000
Siparuna guianensis,-39.54166700000,-7.29833300000
Siparuna guianensis,-64.79810000000,-7.25860000000
Siparuna guianensis,-76.75000000000,-7.18333300000
Siparuna guianensis,-48.20000000000,-7.18186000000
Siparuna guianensis,-73.22000000000,-7.13333300000
Siparuna guianensis,-76.83330000000,-7.00000000000
Siparuna guianensis,-35.00000000000,-7.00000000000
Siparuna guianensis,-35.72166700000,-6.97527800000
Siparuna guianensis,-35.08027800000,-6.80333300000
Siparuna guianensis,-47.75277800000,-6.76361100000
Siparuna guianensis,-44.60861100000,-6.61897200000
Siparuna guianensis,-47.44666700000,-6.58416700000
Siparuna guianensis,-35.43180000000,-6.58310000000
Siparuna guianensis,-47.44166600000,-6.58083300000
Siparuna guianensis,-76.41666000000,-6.50000000000
Siparuna guianensis,-76.36666000000,-6.50000000000
Siparuna guianensis,-47.67000000000,-6.50000000000
Siparuna guianensis,-47.66666000000,-6.50000000000
Siparuna guianensis,-47.50000000000,-6.50000000000
Siparuna guianensis,-46.10000000000,-6.40000000000
Siparuna guianensis,-48.57194400000,-6.39878300000
Siparuna guianensis,-76.38333000000,-6.38333000000
Siparuna guianensis,-39.56666700000,-6.36666700000
Siparuna guianensis,-48.46694400000,-6.31027800000
Siparuna guianensis,-76.28333000000,-6.26666000000
Siparuna guianensis,-48.46194400000,-6.22666700000
Siparuna guianensis,-48.33333300000,-6.14333300000
Siparuna guianensis,-77.15000000000,-6.08333000000
Siparuna guianensis,-61.07106400000,-6.06543300000
Siparuna guianensis,-56.38242200000,-6.06011400000
Siparuna guianensis,-77.18333000000,-6.05000000000
Siparuna guianensis,-77.18000000000,-6.05000000000
Siparuna guianensis,-50.11916700000,-6.04805600000
Siparuna guianensis,-76.99277000000,-6.02555000000
Siparuna guianensis,-50.25000000000,-6.00000000000
Siparuna guianensis,-50.47000000000,-5.98333300000
Siparuna guianensis,-50.47000000000,-5.98000000000
Siparuna guianensis,-76.13333000000,-5.91666000000
Siparuna guianensis,-45.36666000000,-5.88333000000
Siparuna guianensis,-45.99350000000,-5.88230600000
Siparuna guianensis,-45.37000000000,-5.88000000000
Siparuna guianensis,-52.53000000000,-5.64861000000
Siparuna guianensis,-49.25000000000,-5.58333000000
Siparuna guianensis,-49.25000000000,-5.58000000000
Siparuna guianensis,-48.19194400000,-5.50361100000
Siparuna guianensis,-49.11833229000,-5.37205930700
Siparuna guianensis,-62.00000000000,-5.31666000000
Siparuna guianensis,-44.46666700000,-5.23333300000
Siparuna guianensis,-44.46666000000,-5.23333000000
Siparuna guianensis,-44.47000000000,-5.23000000000
Siparuna guianensis,-56.93000000000,-5.22972200000
Siparuna guianensis,-73.83333000000,-5.08333000000
Siparuna guianensis,-78.31666700000,-4.91666700000
Siparuna guianensis,-73.63333000000,-4.75000000000
Siparuna guianensis,-49.81935600000,-4.55231900000
Siparuna guianensis,-46.67053300000,-4.54602800000
Siparuna guianensis,-73.50000000000,-4.50000000000
Siparuna guianensis,-73.58333000000,-4.48333000000
Siparuna guianensis,-47.53850300000,-4.43644200000
Siparuna guianensis,-49.14140000000,-4.43420000000
Siparuna guianensis,-44.16666700000,-4.41666700000
Siparuna guianensis,-58.67000000000,-4.36666700000
Siparuna guianensis,-73.38333300000,-4.31666700000
Siparuna guianensis,-38.93305600000,-4.29716700000
Siparuna guianensis,-38.92652800000,-4.28958300000
Siparuna guianensis,-73.38333000000,-4.26666000000
Siparuna guianensis,-55.97861100000,-4.24194400000
Siparuna guianensis,-55.97872500000,-4.24182500000
Siparuna guianensis,-38.94583300000,-4.24011100000
Siparuna guianensis,-58.68333300000,-4.16666700000
Siparuna guianensis,-58.68000000000,-4.16666700000
Siparuna guianensis,-73.46416000000,-4.12472000000
Siparuna guianensis,-49.83434100000,-4.08438900000
Siparuna guianensis,-57.50000000000,-4.08333300000
Siparuna guianensis,-45.95000000000,-4.08333300000
Siparuna guianensis,-45.95000000000,-4.08000000000
Siparuna guianensis,-49.90000000000,-4.05000000000
Siparuna guianensis,-49.78333000000,-4.05000000000
Siparuna guianensis,-49.78000000000,-4.05000000000
Siparuna guianensis,-75.00000000000,-4.00000000000
Siparuna guianensis,-55.07000000000,-4.00000000000
Siparuna guianensis,-73.42972000000,-3.95527000000
Siparuna guianensis,-73.47194400000,-3.94083300000
Siparuna guianensis,-77.70000000000,-3.91666000000
Siparuna guianensis,-73.49000000000,-3.90111100000
Siparuna guianensis,-73.77583000000,-3.90111000000
Siparuna guianensis,-73.49027800000,-3.90055600000
Siparuna guianensis,-49.70000000000,-3.90000000000
Siparuna guianensis,-73.57277800000,-3.88777800000
Siparuna guianensis,-73.49194400000,-3.88000000000
Siparuna guianensis,-73.50000000000,-3.83333300000
Siparuna guianensis,-73.33333000000,-3.83333000000
Siparuna guianensis,-73.26666000000,-3.83333000000
Siparuna guianensis,-46.06666000000,-3.83333000000
Siparuna guianensis,-46.07000000000,-3.83000000000
Siparuna guianensis,-70.26785800000,-3.80922200000
Siparuna guianensis,-73.41666700000,-3.80000000000
Siparuna guianensis,-73.41666000000,-3.80000000000
Siparuna guianensis,-70.25000000000,-3.78333300000
Siparuna guianensis,-70.25000000000,-3.78333000000
Siparuna guianensis,-49.67420000000,-3.76920000000
Siparuna guianensis,-61.83000000000,-3.75000000000
Siparuna guianensis,-61.75000000000,-3.75000000000
Siparuna guianensis,-46.08333000000,-3.75000000000
Siparuna guianensis,-46.08000000000,-3.75000000000
Siparuna guianensis,-73.24194000000,-3.74694000000
Siparuna guianensis,-73.23333300000,-3.73333300000
Siparuna guianensis,-38.54305600000,-3.71722200000
Siparuna guianensis,-73.21666700000,-3.68333300000
Siparuna guianensis,-73.28333000000,-3.66666000000
Siparuna guianensis,-60.81108600000,-3.66440400000
Siparuna guianensis,-68.67000000000,-3.65280000000
Siparuna guianensis,-73.30000000000,-3.65000000000
Siparuna guianensis,-45.46666700000,-3.63333300000
Siparuna guianensis,-60.25000000000,-3.50000000000
Siparuna guianensis,-45.25108577000,-3.49530408200
Siparuna guianensis,-78.56666000000,-3.48333000000
Siparuna guianensis,-73.10000000000,-3.48333000000
Siparuna guianensis,-78.57000000000,-3.45000000000
Siparuna guianensis,-78.56666000000,-3.45000000000
Siparuna guianensis,-64.87928900000,-3.44916700000
Siparuna guianensis,-60.03000000000,-3.42500000000
Siparuna guianensis,-60.28170000000,-3.42470000000
Siparuna guianensis,-57.75000000000,-3.41666700000
Siparuna guianensis,-53.20000000000,-3.41666700000
Siparuna guianensis,-55.05935400000,-3.39690600000
Siparuna guianensis,-57.75000000000,-3.38333300000
Siparuna guianensis,-57.75000000000,-3.38333000000
Siparuna guianensis,-50.79722000000,-3.37222000000
Siparuna guianensis,-64.70000000000,-3.37000000000
Siparuna guianensis,-72.91666000000,-3.33333000000
Siparuna guianensis,-71.85000000000,-3.31666700000
Siparuna guianensis,-64.82000000000,-3.31666700000
Siparuna guianensis,-64.81666000000,-3.31666000000
Siparuna guianensis,-45.65841161000,-3.27809705100
Siparuna guianensis,-52.39787600000,-3.27183500000
Siparuna guianensis,-52.36597200000,-3.26290900000
Siparuna guianensis,-72.91666000000,-3.25000000000
Siparuna guianensis,-72.90000000000,-3.25000000000
Siparuna guianensis,-64.83333000000,-3.21666000000
Siparuna guianensis,-52.20712488000,-3.20672144200
Siparuna guianensis,-60.58333300000,-3.03333300000
Siparuna guianensis,-60.58333000000,-3.03333000000
Siparuna guianensis,-59.99530800000,-3.02210700000
Siparuna guianensis,-59.96666000000,-3.00000000000
Siparuna guianensis,-45.67000000000,-3.00000000000
Siparuna guianensis,-45.66666700000,-3.00000000000
Siparuna guianensis,-45.17000000000,-3.00000000000
Siparuna guianensis,-50.09055600000,-2.95805600000
Siparuna guianensis,-59.92818800000,-2.95487000000
Siparuna guianensis,-48.95424700000,-2.94597200000
Siparuna guianensis,-45.75000000000,-2.92000000000
Siparuna guianensis,-69.76375000000,-2.91325000000
Siparuna guianensis,-59.03312400000,-2.90611700000
Siparuna guianensis,-59.97000000000,-2.88333300000
Siparuna guianensis,-59.96666700000,-2.88333300000
Siparuna guianensis,-59.96666000000,-2.88333000000
Siparuna guianensis,-69.77141100000,-2.85936100000
Siparuna guianensis,-60.58333300000,-2.83333300000
Siparuna guianensis,-60.58000000000,-2.83333300000
Siparuna guianensis,-60.66666000000,-2.83333000000
Siparuna guianensis,-55.61000000000,-2.81027800000
Siparuna guianensis,-66.70000000000,-2.72000000000
Siparuna guianensis,-66.70000000000,-2.71666700000
Siparuna guianensis,-60.33333300000,-2.66666700000
Siparuna guianensis,-60.33000000000,-2.66666700000
Siparuna guianensis,-54.98008400000,-2.62646900000
Siparuna guianensis,-44.27611100000,-2.59991700000
Siparuna guianensis,-44.27277800000,-2.59638900000
Siparuna guianensis,-54.97083200000,-2.56762100000
Siparuna guianensis,-70.17458300000,-2.55733300000
Siparuna guianensis,-77.90000000000,-2.53333000000
Siparuna guianensis,-70.22861000000,-2.50333000000
Siparuna guianensis,-62.30000000000,-2.50000000000
Siparuna guianensis,-60.33333000000,-2.50000000000
Siparuna guianensis,-60.33000000000,-2.50000000000
Siparuna guianensis,-65.05000000000,-2.46666700000
Siparuna guianensis,-54.69833300000,-2.43750000000
Siparuna guianensis,-54.70000000000,-2.43333000000
Siparuna guianensis,-59.87000000000,-2.41666700000
Siparuna guianensis,-59.73056000000,-2.41625000000
Siparuna guianensis,-59.72777800000,-2.40722200000
Siparuna guianensis,-59.87000000000,-2.40000000000
Siparuna guianensis,-59.72000000000,-2.40000000000
Siparuna guianensis,-60.09174400000,-2.32663800000
Siparuna guianensis,-78.09527800000,-2.32611100000
Siparuna guianensis,-60.08333300000,-2.31666700000
Siparuna guianensis,-60.08000000000,-2.31666700000
Siparuna guianensis,-78.10277800000,-2.31444400000
Siparuna guianensis,-56.84144400000,-2.29419400000
Siparuna guianensis,-47.55569700000,-2.13438600000
Siparuna guianensis,-61.59277800000,-1.98388900000
Siparuna guianensis,-51.63777800000,-1.98277800000
Siparuna guianensis,-48.76817200000,-1.90048600000
Siparuna guianensis,-48.76524400000,-1.88467200000
Siparuna guianensis,-65.58000000000,-1.83333300000
Siparuna guianensis,-55.08333300000,-1.83333300000
Siparuna guianensis,-65.58333000000,-1.83333000000
Siparuna guianensis,-55.08000000000,-1.83000000000
Siparuna guianensis,-50.64083300000,-1.82888900000
Siparuna guianensis,-61.82000000000,-1.68333300000
Siparuna guianensis,-48.95419400000,-1.62527800000
Siparuna guianensis,-73.25255300000,-1.62362800000
Siparuna guianensis,-48.97616700000,-1.61922200000
Siparuna guianensis,-48.61950000000,-1.51777200000
Siparuna guianensis,-73.81616700000,-1.51761100000
Siparuna guianensis,-48.70805600000,-1.51194400000
Siparuna guianensis,-56.16000000000,-1.50541700000
Siparuna guianensis,-76.53333000000,-1.50000000000
Siparuna guianensis,-63.00000000000,-1.50000000000
Siparuna guianensis,-45.72788700000,-1.45634700000
Siparuna guianensis,-77.60000000000,-1.45000000000
Siparuna guianensis,-48.48333000000,-1.45000000000
Siparuna guianensis,-48.44475000000,-1.43809800000
Siparuna guianensis,-48.41055600000,-1.43416700000
Siparuna guianensis,-48.45000000000,-1.42000000000
Siparuna guianensis,-48.39855600000,-1.41419400000
Siparuna guianensis,-50.80833300000,-1.36250000000
Siparuna guianensis,-48.26313900000,-1.35530600000
Siparuna guianensis,-69.55933000000,-1.29367000000
Siparuna guianensis,-60.45000000000,-1.25000000000
Siparuna guianensis,-64.83000000000,-1.21666700000
Siparuna guianensis,-78.56694000000,-1.21666000000
Siparuna guianensis,-47.79574658000,-1.17272746300
Siparuna guianensis,-46.81594200000,-1.12131100000
Siparuna guianensis,-48.40000000000,-1.12000000000
Siparuna guianensis,-61.57958000000,-1.11819000000
Siparuna guianensis,-61.58339400000,-1.11247300000
Siparuna guianensis,-57.03690000000,-1.09190000000
Siparuna guianensis,-46.78319400000,-1.05422200000
Siparuna guianensis,-46.78405600000,-1.05413900000
Siparuna guianensis,-48.17333300000,-1.04694400000
Siparuna guianensis,-75.78333000000,-1.01666000000
Siparuna guianensis,-47.11672500000,-0.95877200000
Siparuna guianensis,-76.21666000000,-0.91666000000
Siparuna guianensis,-52.60082200000,-0.88093100000
Siparuna guianensis,-47.58333300000,-0.86666700000
Siparuna guianensis,-47.58000000000,-0.86666700000
Siparuna guianensis,-61.56000000000,-0.79436000000
Siparuna guianensis,-76.46666000000,-0.66666000000
Siparuna guianensis,-76.66666700000,-0.66250000000
Siparuna guianensis,-72.29377700000,-0.64448800000
Siparuna guianensis,-79.85000000000,-0.61700000000
Siparuna guianensis,-72.34639000000,-0.61666000000
Siparuna guianensis,-72.32222000000,-0.61611000000
Siparuna guianensis,-72.35056000000,-0.61527000000
Siparuna guianensis,-72.35389000000,-0.61222000000
Siparuna guianensis,-73.17500000000,-0.60625000000
Siparuna guianensis,-72.38333000000,-0.60194000000
Siparuna guianensis,-47.44305600000,-0.59722200000
Siparuna guianensis,-70.18333300000,-0.58333300000
Siparuna guianensis,-72.11781000000,-0.55961000000
Siparuna guianensis,-72.12400000000,-0.55958000000
Siparuna guianensis,-76.36666000000,-0.55000000000
Siparuna guianensis,-72.10000000000,-0.53333300000
Siparuna guianensis,-72.99936100000,-0.52808300000
Siparuna guianensis,-72.99917000000,-0.52805000000
Siparuna guianensis,-76.38333300000,-0.51666700000
Siparuna guianensis,-65.01720000000,-0.41890000000
Siparuna guianensis,-65.02069904000,-0.41718856100
Siparuna guianensis,-77.01666000000,-0.41666000000
Siparuna guianensis,-65.01920000000,-0.41420000000
Siparuna guianensis,-65.92000000000,-0.25000000000
Siparuna guianensis,-50.50000000000,-0.25000000000
Siparuna guianensis,-63.00000000000,-0.16666700000
Siparuna guianensis,-74.76617000000,-0.15843000000
Siparuna guianensis,-74.76616000000,-0.15843000000
Siparuna guianensis,-74.77778000000,-0.15555000000
Siparuna guianensis,-66.93560000000,-0.14830000000
Siparuna guianensis,-74.75444000000,-0.14722000000
Siparuna guianensis,-74.85319000000,-0.13266000000
Siparuna guianensis,-75.25000000000,-0.11666700000
Siparuna guianensis,-54.00026700000,0.00010000000
Siparuna guianensis,-52.88333000000,0.01666000000
Siparuna guianensis,-51.08333000000,0.01666000000
Siparuna guianensis,-72.20397000000,0.07000000000
Siparuna guianensis,-72.45139000000,0.07416000000
Siparuna guianensis,-51.03333300000,0.15000000000
Siparuna guianensis,-63.00000000000,0.16666000000
Siparuna guianensis,-50.50000000000,0.25000000000
Siparuna guianensis,-51.25000000000,0.33000000000
Siparuna guianensis,-60.33333300000,0.41666700000
Siparuna guianensis,-60.33000000000,0.41666700000
Siparuna guianensis,-51.76521800000,0.61526600000
Siparuna guianensis,-63.36666700000,0.70000000000
Siparuna guianensis,-63.36666000000,0.70000000000
Siparuna guianensis,-51.20000000000,0.73333300000
Siparuna guianensis,-63.35000000000,0.80000000000
Siparuna guianensis,-75.19952800000,0.80319400000
Siparuna guianensis,-66.16666000000,0.83333000000
Siparuna guianensis,-66.08333300000,0.83333300000
Siparuna guianensis,-51.88333300000,0.83333300000
Siparuna guianensis,-52.55000000000,0.86666700000
Siparuna guianensis,-71.11047500000,0.92163600000
Siparuna guianensis,-70.41186900000,0.94549200000
Siparuna guianensis,-75.46000000000,1.08541700000
Siparuna guianensis,-75.47031700000,1.08586700000
Siparuna guianensis,-70.10583000000,1.10778000000
Siparuna guianensis,-72.78505600000,1.15213900000
Siparuna guianensis,-64.95000000000,1.21666000000
Siparuna guianensis,-70.23333000000,1.23333000000
Siparuna guianensis,-70.25000000000,1.25000000000
Siparuna guianensis,-58.95000000000,1.31666700000
Siparuna guianensis,-58.96500000000,1.33278000000
Siparuna guianensis,-58.95000000000,1.35000000000
Siparuna guianensis,-58.95940000000,1.36306000000
Siparuna guianensis,-51.58000000000,1.37075900000
Siparuna guianensis,-61.42000000000,1.37076000000
Siparuna guianensis,-75.81577800000,1.40330600000
Siparuna guianensis,-75.81578000000,1.40331000000
Siparuna guianensis,-75.50833000000,1.41778000000
Siparuna guianensis,-75.88547200000,1.42683300000
Siparuna guianensis,-75.49380600000,1.42963900000
Siparuna guianensis,-64.70000000000,1.43333000000
Siparuna guianensis,-75.58888900000,1.48216700000
Siparuna guianensis,-75.58889000000,1.48217000000
Siparuna guianensis,-75.40297200000,1.49050000000
Siparuna guianensis,-66.41000000000,1.51000000000
Siparuna guianensis,-74.02389000000,1.52000000000
Siparuna guianensis,-75.64477800000,1.53272200000
Siparuna guianensis,-75.70638900000,1.53305600000
Siparuna guianensis,-59.23333000000,1.55000000000
Siparuna guianensis,-58.68000000000,1.56000000000
Siparuna guianensis,-59.23830000000,1.56500000000
Siparuna guianensis,-59.23333000000,1.56666000000
Siparuna guianensis,-58.68333000000,1.56666000000
Siparuna guianensis,-58.68333000000,1.56667000000
Siparuna guianensis,-59.23810000000,1.58250000000
Siparuna guianensis,-58.63333300000,1.58333300000
Siparuna guianensis,-58.60970000000,1.58417000000
Siparuna guianensis,-58.63333000000,1.65000000000
Siparuna guianensis,-58.63000000000,1.65000000000
Siparuna guianensis,-75.60683300000,1.65972200000
Siparuna guianensis,-75.64686100000,1.66555600000
Siparuna guianensis,-75.60050000000,1.66669000000
Siparuna guianensis,-75.60050000000,1.66669400000
Siparuna guianensis,-75.62111100000,1.69638900000
Siparuna guianensis,-75.25383300000,1.70305600000
Siparuna guianensis,-73.77653800000,1.72058600000
Siparuna guianensis,-75.13528000000,1.79917000000
Siparuna guianensis,-75.17550000000,1.80013000000
Siparuna guianensis,-61.02000000000,1.82771700000
Siparuna guianensis,-73.80000000000,1.85000000000
Siparuna guianensis,-66.58333300000,1.88333300000
Siparuna guianensis,-67.06666000000,1.91666000000
Siparuna guianensis,-59.10000000000,1.91666000000
Siparuna guianensis,-67.06666700000,1.91666700000
Siparuna guianensis,-59.11610000000,1.92750000000
Siparuna guianensis,-67.05000000000,1.93333300000
Siparuna guianensis,-59.15000000000,1.96667000000
Siparuna guianensis,-59.20000000000,1.98333000000
Siparuna guianensis,-72.50000000000,2.00000000000
Siparuna guianensis,-59.25000000000,2.00000000000
Siparuna guianensis,-55.56000000000,2.01112400000
Siparuna guianensis,-59.16670000000,2.05000000000
Siparuna guianensis,-59.16666000000,2.05000000000
Siparuna guianensis,-59.25000000000,2.08000000000
Siparuna guianensis,-59.23333000000,2.08333000000
Siparuna guianensis,-59.24940000000,2.09889000000
Siparuna guianensis,-59.25000000000,2.16000000000
Siparuna guianensis,-59.25000000000,2.16666000000
Siparuna guianensis,-59.25000000000,2.16666700000
Siparuna guianensis,-59.25000000000,2.16667000000
Siparuna guianensis,-71.19027800000,2.17805600000
Siparuna guianensis,-71.19028000000,2.17806000000
Siparuna guianensis,-73.85292000000,2.19403000000
Siparuna guianensis,-73.85417000000,2.20028000000
Siparuna guianensis,-73.79189000000,2.21431000000
Siparuna guianensis,-74.48518000000,2.26184000000
Siparuna guianensis,-68.36666000000,2.26666000000
Siparuna guianensis,-73.64935100000,2.26855600000
Siparuna guianensis,-73.64935000000,2.26856000000
Siparuna guianensis,-74.64875000000,2.28604000000
Siparuna guianensis,-74.64874900000,2.28604200000
Siparuna guianensis,-72.73333000000,2.30000000000
Siparuna guianensis,-73.02416700000,2.32305600000
Siparuna guianensis,-51.58333300000,2.33333300000
Siparuna guianensis,-72.75056000000,2.33444000000
Siparuna guianensis,-74.33971000000,2.35558000000
Siparuna guianensis,-56.69780000000,2.36333000000
Siparuna guianensis,-56.69777800000,2.36333300000
Siparuna guianensis,-72.63888900000,2.37277800000
Siparuna guianensis,-72.69083300000,2.37444400000
Siparuna guianensis,-77.68782800000,2.39716200000
Siparuna guianensis,-72.73350000000,2.41447000000
Siparuna guianensis,-60.18000000000,2.41666700000
Siparuna guianensis,-59.25000000000,2.41667000000
Siparuna guianensis,-72.43955000000,2.43248000000
Siparuna guianensis,-72.43954600000,2.43248100000
Siparuna guianensis,-72.73444000000,2.43694000000
Siparuna guianensis,-74.80194000000,2.46667000000
Siparuna guianensis,-72.39306000000,2.47500000000
Siparuna guianensis,-72.67750000000,2.47675000000
Siparuna guianensis,-72.66083000000,2.49408000000
Siparuna guianensis,-72.69472000000,2.49667000000
Siparuna guianensis,-72.63713900000,2.49894400000
Siparuna guianensis,-72.51667000000,2.50000300000
Siparuna guianensis,-72.69603000000,2.52694000000
Siparuna guianensis,-72.72861000000,2.53333000000
Siparuna guianensis,-72.63333000000,2.53333000000
Siparuna guianensis,-72.63333300000,2.53333300000
Siparuna guianensis,-72.47972000000,2.55222000000
Siparuna guianensis,-72.47472200000,2.57361100000
Siparuna guianensis,-72.86964000000,2.58236000000
Siparuna guianensis,-61.00000000000,2.59541500000
Siparuna guianensis,-74.79174500000,2.61865300000
Siparuna guianensis,-56.87000000000,2.73980000000
Siparuna guianensis,-74.12500000000,2.76540000000
Siparuna guianensis,-60.67000000000,2.83000000000
Siparuna guianensis,-60.58000000000,2.83000000000
Siparuna guianensis,-60.58333000000,2.83333000000
Siparuna guianensis,-60.67000000000,2.83333300000
Siparuna guianensis,-54.06000000000,2.86000000000
Siparuna guianensis,-54.05000000000,2.86000000000
Siparuna guianensis,-54.06666700000,2.86666700000
Siparuna guianensis,-67.49080000000,2.87390000000
Siparuna guianensis,-59.11666000000,2.90000000000
Siparuna guianensis,-59.11000000000,2.90000000000
Siparuna guianensis,-67.43000000000,2.92000000000
Siparuna guianensis,-59.03000000000,2.93000000000
Siparuna guianensis,-52.53333300000,2.95000000000
Siparuna guianensis,-52.53333000000,2.95000000000
Siparuna guianensis,-65.35000000000,2.96666000000
Siparuna guianensis,-64.68333000000,2.96666000000
Siparuna guianensis,-59.51670000000,3.00000000000
Siparuna guianensis,-59.51667000000,3.00000000000
Siparuna guianensis,-59.41670000000,3.02500000000
Siparuna guianensis,-56.46944400000,3.08611100000
Siparuna guianensis,-56.48333300000,3.10000000000
Siparuna guianensis,-56.46000000000,3.10000000000
Siparuna guianensis,-59.10000000000,3.11000000000
Siparuna guianensis,-59.10000000000,3.11666000000
Siparuna guianensis,-59.10000000000,3.11667000000
Siparuna guianensis,-58.53333000000,3.13333000000
Siparuna guianensis,-65.72000000000,3.14000000000
Siparuna guianensis,-65.83000000000,3.15000000000
Siparuna guianensis,-58.61666000000,3.15000000000
Siparuna guianensis,-58.62530000000,3.15083000000
Siparuna guianensis,-65.55000000000,3.16000000000
Siparuna guianensis,-58.66000000000,3.16000000000
Siparuna guianensis,-58.66666000000,3.16666000000
Siparuna guianensis,-58.66666700000,3.16666700000
Siparuna guianensis,-58.66667000000,3.16667000000
Siparuna guianensis,-56.59000000000,3.18000000000
Siparuna guianensis,-56.59250000000,3.18027800000
Siparuna guianensis,-74.28333000000,3.25000000000
Siparuna guianensis,-64.93333000000,3.25000000000
Siparuna guianensis,-59.41667000000,3.25000000000
Siparuna guianensis,-74.28611000000,3.25222000000
Siparuna guianensis,-74.28611100000,3.25222200000
Siparuna guianensis,-58.75000000000,3.28333000000
Siparuna guianensis,-73.91666700000,3.28333300000
Siparuna guianensis,-58.75000000000,3.28333300000
Siparuna guianensis,-73.92425800000,3.28636700000
Siparuna guianensis,-58.75190000000,3.28944000000
Siparuna guianensis,-54.11444000000,3.28944000000
Siparuna guianensis,-54.11444400000,3.28944400000
Siparuna guianensis,-73.91666700000,3.29777800000
Siparuna guianensis,-73.91667000000,3.29778000000
Siparuna guianensis,-73.94716000000,3.30948000000
Siparuna guianensis,-74.29810000000,3.31194000000
Siparuna guianensis,-56.81666700000,3.33333300000
Siparuna guianensis,-59.56666700000,3.35000000000
Siparuna guianensis,-59.56666000000,3.35000000000
Siparuna guianensis,-59.56000000000,3.35000000000
Siparuna guianensis,-61.33333000000,3.36666000000
Siparuna guianensis,-61.93000000000,3.36666700000
Siparuna guianensis,-61.43000000000,3.36666700000
Siparuna guianensis,-61.33000000000,3.36666700000
Siparuna guianensis,-65.66000000000,3.41000000000
Siparuna guianensis,-67.96667000000,3.45000000000
Siparuna guianensis,-67.96666000000,3.45000000000
Siparuna guianensis,-73.71666000000,3.56666000000
Siparuna guianensis,-73.64023100000,3.60778500000
Siparuna guianensis,-73.64023000000,3.60779000000
Siparuna guianensis,-65.85000000000,3.61000000000
Siparuna guianensis,-53.20000000000,3.61667000000
Siparuna guianensis,-53.20000000000,3.62000000000
Siparuna guianensis,-67.88333000000,3.63333000000
Siparuna guianensis,-67.86667000000,3.63333000000
Siparuna guianensis,-53.23330000000,3.63333000000
Siparuna guianensis,-63.35000000000,3.65330000000
Siparuna guianensis,-65.75000000000,3.66000000000
Siparuna guianensis,-54.02389000000,3.66083000000
Siparuna guianensis,-67.36666700000,3.66666700000
Siparuna guianensis,-70.30722200000,3.71944400000
Siparuna guianensis,-61.83333000000,3.75000000000
Siparuna guianensis,-61.75000000000,3.75000000000
Siparuna guianensis,-54.18000000000,3.83000000000
Siparuna guianensis,-73.17511400000,3.83463700000
Siparuna guianensis,-52.97080000000,3.85580000000
Siparuna guianensis,-73.85000000000,3.86666700000
Siparuna guianensis,-73.85000000000,3.86667000000
Siparuna guianensis,-72.86670000000,3.88110000000
Siparuna guianensis,-66.98500000000,3.88700000000
Siparuna guianensis,-67.88166700000,3.90416700000
Siparuna guianensis,-68.36000000000,3.91000000000
Siparuna guianensis,-68.36750000000,3.91244000000
Siparuna guianensis,-67.13333300000,3.93333300000
Siparuna guianensis,-77.16795000000,3.94310000000
Siparuna guianensis,-77.16653000000,3.94420000000
Siparuna guianensis,-67.10000000000,3.95000000000
Siparuna guianensis,-67.08100000000,3.95900000000
Siparuna guianensis,-69.90277800000,3.98750000000
Siparuna guianensis,-52.00000000000,4.00000000000
Siparuna guianensis,-57.00041700000,4.00033300000
Siparuna guianensis,-66.81000000000,4.05000000000
Siparuna guianensis,-66.01666000000,4.05000000000
Siparuna guianensis,-52.70000000000,4.05000000000
Siparuna guianensis,-53.16194400000,4.06750000000
Siparuna guianensis,-66.61700000000,4.08300000000
Siparuna guianensis,-66.43300000000,4.08300000000
Siparuna guianensis,-57.50000000000,4.08333000000
Siparuna guianensis,-73.48799700000,4.09118500000
Siparuna guianensis,-72.90888900000,4.10000000000
Siparuna guianensis,-55.62500000000,4.10060000000
Siparuna guianensis,-66.46000000000,4.11000000000
Siparuna guianensis,-71.29372200000,4.12275000000
Siparuna guianensis,-59.06667000000,4.13333000000
Siparuna guianensis,-59.06670000000,4.15000000000
Siparuna guianensis,-59.06667000000,4.15000000000
Siparuna guianensis,-59.06666000000,4.15000000000
Siparuna guianensis,-59.05000000000,4.16666000000
Siparuna guianensis,-59.05000000000,4.16667000000
Siparuna guianensis,-61.43000000000,4.17020000000
Siparuna guianensis,-52.31000000000,4.18000000000
Siparuna guianensis,-66.51700000000,4.18300000000
Siparuna guianensis,-73.61243000000,4.22985000000
Siparuna guianensis,-66.70000000000,4.26000000000
Siparuna guianensis,-54.74000000000,4.26000000000
Siparuna guianensis,-66.70000000000,4.26666000000
Siparuna guianensis,-54.74056000000,4.26861000000
Siparuna guianensis,-54.74055600000,4.26861100000
Siparuna guianensis,-73.58333300000,4.28333300000
Siparuna guianensis,-52.36666700000,4.30000000000
Siparuna guianensis,-61.71000000000,4.38000000000
Siparuna guianensis,-61.61666000000,4.41666000000
Siparuna guianensis,-58.83330000000,4.41667000000
Siparuna guianensis,-64.11666000000,4.45000000000
Siparuna guianensis,-52.13333000000,4.55000000000
Siparuna guianensis,-73.35260000000,4.56140000000
Siparuna guianensis,-52.25000000000,4.56666000000
Siparuna guianensis,-52.25000000000,4.57000000000
Siparuna guianensis,-58.73333000000,4.58333000000
Siparuna guianensis,-58.73330000000,4.58333000000
Siparuna guianensis,-58.62500000000,4.58333000000
Siparuna guianensis,-58.61666000000,4.58333000000
Siparuna guianensis,-52.28330000000,4.58333000000
Siparuna guianensis,-58.73333300000,4.58333300000
Siparuna guianensis,-58.61666700000,4.58333300000
Siparuna guianensis,-52.28333300000,4.58333300000
Siparuna guianensis,-52.26667000000,4.60000000000
Siparuna guianensis,-53.35833000000,4.60833000000
Siparuna guianensis,-67.86444400000,4.60916700000
Siparuna guianensis,-67.86444000000,4.60917000000
Siparuna guianensis,-61.13000000000,4.61000000000
Siparuna guianensis,-52.27000000000,4.61000000000
Siparuna guianensis,-52.27888900000,4.61055600000
Siparuna guianensis,-58.68420000000,4.66000000000
Siparuna guianensis,-58.70000000000,4.66666000000
Siparuna guianensis,-58.70000000000,4.66666700000
Siparuna guianensis,-58.68333000000,4.66667000000
Siparuna guianensis,-58.66670000000,4.66667000000
Siparuna guianensis,-58.66667000000,4.66667000000
Siparuna guianensis,-52.30611000000,4.66944000000
Siparuna guianensis,-59.70000000000,4.68333000000
Siparuna guianensis,-58.70000000000,4.68333000000
Siparuna guianensis,-66.30000000000,4.70000000000
Siparuna guianensis,-59.80000000000,4.70000000000
Siparuna guianensis,-54.00000000000,4.70000000000
Siparuna guianensis,-59.80000000000,4.70139000000
Siparuna guianensis,-56.78333300000,4.73333300000
Siparuna guianensis,-59.01666700000,4.75000000000
Siparuna guianensis,-59.01666000000,4.75000000000
Siparuna guianensis,-56.87000000000,4.75000000000
Siparuna guianensis,-59.02440000000,4.75472000000
Siparuna guianensis,-56.87500000000,4.75611000000
Siparuna guianensis,-56.88055600000,4.75833300000
Siparuna guianensis,-54.53333300000,4.80000000000
Siparuna guianensis,-54.53333000000,4.80000000000
Siparuna guianensis,-54.53000000000,4.80000000000
Siparuna guianensis,-71.66058300000,4.81363900000
Siparuna guianensis,-71.66058000000,4.81364000000
Siparuna guianensis,-54.60000000000,4.81666700000
Siparuna guianensis,-54.60000000000,4.81667000000
Siparuna guianensis,-71.66581000000,4.82894000000
Siparuna guianensis,-71.66580600000,4.82894400000
Siparuna guianensis,-65.33000000000,4.83333300000
Siparuna guianensis,-56.85044400000,4.83688900000
Siparuna guianensis,-70.27313300000,4.84000000000
Siparuna guianensis,-71.22333300000,4.84444400000
Siparuna guianensis,-73.25000000000,4.85000000000
Siparuna guianensis,-52.26000000000,4.86000000000
Siparuna guianensis,-71.14527800000,4.89444400000
Siparuna guianensis,-72.40171900000,4.89896100000
Siparuna guianensis,-67.56666000000,4.90000000000
Siparuna guianensis,-52.30000000000,4.90000000000
Siparuna guianensis,-52.35000000000,4.91000000000
Siparuna guianensis,-52.35000000000,4.91666700000
Siparuna guianensis,-52.31666700000,4.91666700000
Siparuna guianensis,-52.32000000000,4.92000000000
Siparuna guianensis,-52.33000000000,4.93000000000
Siparuna guianensis,-57.81666000000,4.93333000000
Siparuna guianensis,-57.82420000000,4.93444000000
Siparuna guianensis,-52.31000000000,4.94000000000
Siparuna guianensis,-72.72500000000,4.96500000000
Siparuna guianensis,-59.56670000000,5.00000000000
Siparuna guianensis,-59.56666700000,5.00000000000
Siparuna guianensis,-59.56666000000,5.00000000000
Siparuna guianensis,-59.00000000000,5.00000000000
Siparuna guianensis,-55.08333000000,5.00000000000
Siparuna guianensis,-61.11000000000,5.01000000000
Siparuna guianensis,-52.48333000000,5.01667000000
Siparuna guianensis,-67.76000000000,5.03000000000
Siparuna guianensis,-54.08660000000,5.03269000000
Siparuna guianensis,-67.76666000000,5.03333000000
Siparuna guianensis,-72.79986000000,5.05433000000
Siparuna guianensis,-72.79986100000,5.05433300000
Siparuna guianensis,-72.81633000000,5.05533000000
Siparuna guianensis,-72.81633300000,5.05533300000
Siparuna guianensis,-67.80000000000,5.10000000000
Siparuna guianensis,-58.81000000000,5.11000000000
Siparuna guianensis,-55.05000000000,5.13333300000
Siparuna guianensis,-59.48000000000,5.16000000000
Siparuna guianensis,-55.06700000000,5.17200000000
Siparuna guianensis,-59.46000000000,5.18000000000
Siparuna guianensis,-57.28333000000,5.18333000000
Siparuna guianensis,-57.28333300000,5.18333300000
Siparuna guianensis,-57.28530000000,5.18917000000
Siparuna guianensis,-72.60540000000,5.19200000000
Siparuna guianensis,-69.09444000000,5.20500000000
Siparuna guianensis,-72.65470000000,5.22100000000
Siparuna guianensis,-67.80000000000,5.23000000000
Siparuna guianensis,-67.85570000000,5.24637800000
Siparuna guianensis,-74.83333000000,5.25000000000
Siparuna guianensis,-67.78333300000,5.25000000000
Siparuna guianensis,-68.56781000000,5.27095000000
Siparuna guianensis,-53.05000000000,5.28000000000
Siparuna guianensis,-67.96389000000,5.28333000000
Siparuna guianensis,-53.05000000000,5.28333000000
Siparuna guianensis,-67.96388900000,5.28333300000
Siparuna guianensis,-53.05000000000,5.28333300000
Siparuna guianensis,-53.05056000000,5.28750000000
Siparuna guianensis,-67.91667000000,5.30000000000
Siparuna guianensis,-67.91666000000,5.30000000000
Siparuna guianensis,-59.08333000000,5.30000000000
Siparuna guianensis,-59.08330000000,5.30000000000
Siparuna guianensis,-66.10000000000,5.31000000000
Siparuna guianensis,-55.26000000000,5.31000000000
Siparuna guianensis,-61.05000000000,5.31666000000
Siparuna guianensis,-67.89055600000,5.32750000000
Siparuna guianensis,-58.63000000000,5.33000000000
Siparuna guianensis,-53.00000000000,5.33000000000
Siparuna guianensis,-72.50000000000,5.33333000000
Siparuna guianensis,-58.66670000000,5.33333000000
Siparuna guianensis,-58.66666000000,5.33333000000
Siparuna guianensis,-53.00000000000,5.33333000000
Siparuna guianensis,-72.50000000000,5.33333300000
Siparuna guianensis,-67.76666700000,5.33333300000
Siparuna guianensis,-53.00000000000,5.33333300000
Siparuna guianensis,-67.86400000000,5.33570000000
Siparuna guianensis,-67.87859000000,5.34509000000
Siparuna guianensis,-68.32961100000,5.34513900000
Siparuna guianensis,-70.76250000000,5.35444000000
Siparuna guianensis,-70.76250000000,5.35444400000
Siparuna guianensis,-59.00000000000,5.36000000000
Siparuna guianensis,-58.11000000000,5.36000000000
Siparuna guianensis,-58.11670000000,5.36667000000
Siparuna guianensis,-59.12250000000,5.37361000000
Siparuna guianensis,-59.12240000000,5.37367000000
Siparuna guianensis,-59.11000000000,5.38000000000
Siparuna guianensis,-54.13850000000,5.40933300000
Siparuna guianensis,-53.96000000000,5.41000000000
Siparuna guianensis,-72.45000000000,5.41666700000
Siparuna guianensis,-72.45000000000,5.41667000000
Siparuna guianensis,-58.76670000000,5.43333000000
Siparuna guianensis,-58.76666000000,5.43333000000
Siparuna guianensis,-72.45151600000,5.43616300000
Siparuna guianensis,-72.45544200000,5.44624400000
Siparuna guianensis,-72.45816600000,5.44665700000
Siparuna guianensis,-55.20000000000,5.45000000000
Siparuna guianensis,-65.48333000000,5.47111000000
Siparuna guianensis,-76.54687000000,5.48110000000
Siparuna guianensis,-76.54796000000,5.49961000000
Siparuna guianensis,-71.50000000000,5.50000000000
Siparuna guianensis,-67.41666000000,5.50000000000
Siparuna guianensis,-67.66811100000,5.50830600000
Siparuna guianensis,-67.66811000000,5.50831000000
Siparuna guianensis,-67.55000000000,5.51000000000
Siparuna guianensis,-53.96000000000,5.51000000000
Siparuna guianensis,-67.38333000000,5.51666000000
Siparuna guianensis,-60.90270000000,5.54528000000
Siparuna guianensis,-53.93333000000,5.55000000000
Siparuna guianensis,-53.93330000000,5.55000000000
Siparuna guianensis,-74.89305600000,5.55405600000
Siparuna guianensis,-74.92444400000,5.55777800000
Siparuna guianensis,-64.31300000000,5.55800000000
Siparuna guianensis,-67.58000000000,5.56000000000
Siparuna guianensis,-74.90416700000,5.56333300000
Siparuna guianensis,-74.92744400000,5.56594400000
Siparuna guianensis,-67.58333000000,5.56666000000
Siparuna guianensis,-67.58333300000,5.56666700000
Siparuna guianensis,-67.58000000000,5.56666700000
Siparuna guianensis,-74.89805600000,5.57416700000
Siparuna guianensis,-67.33333000000,5.58333000000
Siparuna guianensis,-66.16666000000,5.58333000000
Siparuna guianensis,-67.58210000000,5.58480000000
Siparuna guianensis,-77.47615000000,5.59564000000
Siparuna guianensis,-67.61666700000,5.60000000000
Siparuna guianensis,-57.58333300000,5.60000000000
Siparuna guianensis,-57.58333000000,5.60000000000
Siparuna guianensis,-57.58330000000,5.60000000000
Siparuna guianensis,-57.58000000000,5.60000000000
Siparuna guianensis,-53.80000000000,5.60000000000
Siparuna guianensis,-66.10305000000,5.60388000000
Siparuna guianensis,-67.60000000000,5.61000000000
Siparuna guianensis,-57.58333000000,5.61666000000
Siparuna guianensis,-57.58330000000,5.61667000000
Siparuna guianensis,-76.62424000000,5.64389000000
Siparuna guianensis,-67.63333000000,5.65000000000
Siparuna guianensis,-70.24211100000,5.66250000000
Siparuna guianensis,-70.24211000000,5.66250000000
Siparuna guianensis,-76.66666000000,5.66666000000
Siparuna guianensis,-66.15000000000,5.66666000000
Siparuna guianensis,-58.00000000000,5.66667000000
Siparuna guianensis,-56.83330000000,5.66670000000
Siparuna guianensis,-76.63224000000,5.66800000000
Siparuna guianensis,-76.66666000000,5.68333000000
Siparuna guianensis,-76.66275000000,5.68375000000
Siparuna guianensis,-57.85720000000,5.68444000000
Siparuna guianensis,-77.25397000000,5.69036000000
Siparuna guianensis,-76.65144000000,5.69320000000
Siparuna guianensis,-76.66222000000,5.69472000000
Siparuna guianensis,-67.23333000000,5.69500000000
Siparuna guianensis,-76.60083300000,5.70222200000
Siparuna guianensis,-76.65552400000,5.71542300000
Siparuna guianensis,-76.64948900000,5.71558600000
Siparuna guianensis,-76.66003700000,5.72189000000
Siparuna guianensis,-76.60474800000,5.73028900000
Siparuna guianensis,-76.63324400000,5.73248500000
Siparuna guianensis,-76.58400000000,5.73300000000
Siparuna guianensis,-76.58388900000,5.73305600000
Siparuna guianensis,-76.63669900000,5.73959000000
Siparuna guianensis,-76.64646100000,5.73992200000
Siparuna guianensis,-76.54093000000,5.74000000000
Siparuna guianensis,-76.54093000000,5.74382000000
Siparuna guianensis,-76.45000000000,5.75000000000
Siparuna guianensis,-58.58333000000,5.76666000000
Siparuna guianensis,-58.58333300000,5.76666700000
Siparuna guianensis,-58.58330000000,5.76667000000
Siparuna guianensis,-61.05000000000,5.78333000000
Siparuna guianensis,-76.68333300000,5.78333300000
Siparuna guianensis,-72.16010800000,5.79301900000
Siparuna guianensis,-72.21347200000,5.79888900000
Siparuna guianensis,-67.33000000000,5.80000000000
Siparuna guianensis,-61.05000000000,5.80000000000
Siparuna guianensis,-58.33000000000,5.83000000000
Siparuna guianensis,-67.41666000000,5.85000000000
Siparuna guianensis,-67.40000000000,5.85000000000
Siparuna guianensis,-74.86244400000,5.86600000000
Siparuna guianensis,-60.59111000000,5.86611000000
Siparuna guianensis,-60.59120000000,5.86617000000
Siparuna guianensis,-74.65000000000,5.86666700000
Siparuna guianensis,-74.86225000000,5.87113900000
Siparuna guianensis,-74.93333000000,5.88333000000
Siparuna guianensis,-74.65000000000,5.88333000000
Siparuna guianensis,-62.26666000000,5.90000000000
Siparuna guianensis,-62.28333000000,5.93333000000
Siparuna guianensis,-74.84932000000,5.93572000000
Siparuna guianensis,-74.84955600000,5.93631000000
Siparuna guianensis,-76.94093500000,5.94577900000
Siparuna guianensis,-67.36666000000,5.96666000000
Siparuna guianensis,-58.55000000000,5.98000000000
Siparuna guianensis,-58.41670000000,5.98333000000
Siparuna guianensis,-58.41667000000,5.98333000000
Siparuna guianensis,-58.41666700000,5.98333300000
Siparuna guianensis,-76.78333000000,6.00000000000
Siparuna guianensis,-74.75000000000,6.00000000000
Siparuna guianensis,-65.00000000000,6.00000000000
Siparuna guianensis,-71.29547000000,6.03719000000
Siparuna guianensis,-71.29547200000,6.03719400000
Siparuna guianensis,-74.80000000000,6.05000000000
Siparuna guianensis,-74.78333300000,6.05000000000
Siparuna guianensis,-74.78333000000,6.05000000000
Siparuna guianensis,-69.43911100000,6.06263900000
Siparuna guianensis,-69.43911000000,6.06264000000
Siparuna guianensis,-74.82194400000,6.08222200000
Siparuna guianensis,-77.41019000000,6.08413000000
Siparuna guianensis,-74.84700000000,6.08450000000
Siparuna guianensis,-77.41118700000,6.08581300000
Siparuna guianensis,-75.33900000000,6.08700000000
Siparuna guianensis,-77.38749800000,6.09297800000
Siparuna guianensis,-76.85000000000,6.10000000000
Siparuna guianensis,-63.03000000000,6.10000000000
Siparuna guianensis,-69.97326500000,6.10193000000
Siparuna guianensis,-77.42687000000,6.10416000000
Siparuna guianensis,-75.07826000000,6.10785000000
Siparuna guianensis,-63.75000000000,6.11666000000
Siparuna guianensis,-63.91000000000,6.13000000000
Siparuna guianensis,-75.09057100000,6.13232900000
Siparuna guianensis,-63.91666000000,6.13333000000
Siparuna guianensis,-66.38333000000,6.15000000000
Siparuna guianensis,-68.46822200000,6.18202800000
Siparuna guianensis,-68.46822000000,6.18203000000
Siparuna guianensis,-69.08852800000,6.19888900000
Siparuna guianensis,-69.08853000000,6.19889000000
Siparuna guianensis,-69.08047000000,6.20094000000
Siparuna guianensis,-69.08047200000,6.20094400000
Siparuna guianensis,-74.81083300000,6.20527800000
Siparuna guianensis,-61.45000000000,6.21666000000
Siparuna guianensis,-68.81666700000,6.21666700000
Siparuna guianensis,-74.66638900000,6.21805600000
Siparuna guianensis,-77.40750000000,6.22055600000
Siparuna guianensis,-74.85747800000,6.22207700000
Siparuna guianensis,-67.21166000000,6.22722000000
Siparuna guianensis,-67.13333000000,6.25000000000
Siparuna guianensis,-71.76705600000,6.27680600000
Siparuna guianensis,-58.71000000000,6.28000000000
Siparuna guianensis,-76.43333000000,6.35000000000
Siparuna guianensis,-63.31000000000,6.36000000000
Siparuna guianensis,-71.89517500000,6.36017200000
Siparuna guianensis,-71.89491700000,6.36038900000
Siparuna guianensis,-63.31666000000,6.36666000000
Siparuna guianensis,-63.55833000000,6.37500000000
Siparuna guianensis,-71.90489000000,6.37922000000
Siparuna guianensis,-71.90488900000,6.37922200000
Siparuna guianensis,-71.91783000000,6.38133000000
Siparuna guianensis,-71.91783300000,6.38133300000
Siparuna guianensis,-74.53777800000,6.39527800000
Siparuna guianensis,-58.65000000000,6.40000000000
Siparuna guianensis,-74.57179800000,6.40554300000
Siparuna guianensis,-77.33499000000,6.40639000000
Siparuna guianensis,-58.61000000000,6.41000000000
Siparuna guianensis,-74.57710000000,6.41211000000
Siparuna guianensis,-67.41666000000,6.41666000000
Siparuna guianensis,-74.52010000000,6.44058400000
Siparuna guianensis,-65.86666000000,6.45000000000
Siparuna guianensis,-74.84024000000,6.49547300000
Siparuna guianensis,-58.25000000000,6.50000000000
Siparuna guianensis,-58.21670000000,6.50000000000
Siparuna guianensis,-58.21667000000,6.50000000000
Siparuna guianensis,-58.21666700000,6.50000000000
Siparuna guianensis,-77.10112000000,6.50035000000
Siparuna guianensis,-62.88000000000,6.51000000000
Siparuna guianensis,-58.28000000000,6.51000000000
Siparuna guianensis,-62.88333000000,6.51666000000
Siparuna guianensis,-74.10106000000,6.51893000000
Siparuna guianensis,-76.96974000000,6.52187000000
Siparuna guianensis,-58.61670000000,6.53333000000
Siparuna guianensis,-76.90294300000,6.54440000000
Siparuna guianensis,-67.28333300000,6.55000000000
Siparuna guianensis,-67.08333000000,6.56666000000
Siparuna guianensis,-62.66666000000,6.58333000000
Siparuna guianensis,-74.51666700000,6.65000000000
Siparuna guianensis,-67.28333300000,6.65000000000
Siparuna guianensis,-67.80000000000,6.70000000000
Siparuna guianensis,-63.50000000000,6.75000000000
Siparuna guianensis,-59.73333000000,6.78333000000
Siparuna guianensis,-59.74170000000,6.79167000000
Siparuna guianensis,-75.13333300000,6.80000000000
Siparuna guianensis,-63.33000000000,6.83000000000
Siparuna guianensis,-58.41670000000,6.83333000000
Siparuna guianensis,-58.41667000000,6.83333000000
Siparuna guianensis,-58.41666000000,6.83333000000
Siparuna guianensis,-58.41666700000,6.83333300000
Siparuna guianensis,-74.25000000000,6.92000000000
Siparuna guianensis,-66.54166700000,6.92241700000
Siparuna guianensis,-74.62814000000,6.97376000000
Siparuna guianensis,-75.11388900000,6.97527800000
Siparuna guianensis,-74.56730000000,6.99406000000
Siparuna guianensis,-64.00046700000,7.00033300000
Siparuna guianensis,-65.91190000000,7.07580000000
Siparuna guianensis,-63.16666000000,7.13333000000
Siparuna guianensis,-75.15000000000,7.13333300000
Siparuna guianensis,-73.85560000000,7.15295000000
Siparuna guianensis,-73.85558300000,7.15426700000
Siparuna guianensis,-64.83333000000,7.16666000000
Siparuna guianensis,-62.91666000000,7.16666000000
Siparuna guianensis,-68.83330000000,7.16670000000
Siparuna guianensis,-64.21666000000,7.18333000000
Siparuna guianensis,-64.95000000000,7.21000000000
Siparuna guianensis,-76.43333000000,7.21666000000
Siparuna guianensis,-75.05055600000,7.21666700000
Siparuna guianensis,-76.45537800000,7.22467000000
Siparuna guianensis,-76.45000000000,7.23333300000
Siparuna guianensis,-76.41666700000,7.23333300000
Siparuna guianensis,-76.49152400000,7.24489400000
Siparuna guianensis,-76.43954300000,7.24620900000
Siparuna guianensis,-58.71667000000,7.25000000000
Siparuna guianensis,-58.71666700000,7.25000000000
Siparuna guianensis,-58.71666000000,7.25000000000
Siparuna guianensis,-58.58330000000,7.25000000000
Siparuna guianensis,-58.72500000000,7.25278000000
Siparuna guianensis,-73.35900000000,7.26800000000
Siparuna guianensis,-76.56083500000,7.27722000000
Siparuna guianensis,-65.21666000000,7.28333000000
Siparuna guianensis,-75.07153400000,7.29618500000
Siparuna guianensis,-75.07513000000,7.31105000000
Siparuna guianensis,-65.18000000000,7.33000000000
Siparuna guianensis,-75.25000000000,7.33333000000
Siparuna guianensis,-59.70000000000,7.36666700000
Siparuna guianensis,-60.46670000000,7.36667000000
Siparuna guianensis,-60.46667000000,7.36667000000
Siparuna guianensis,-78.05000000000,7.41666000000
Siparuna guianensis,-78.05000000000,7.41666700000
Siparuna guianensis,-75.31173000000,7.44327000000
Siparuna guianensis,-76.84469000000,7.45810000000
Siparuna guianensis,-75.25420000000,7.46136000000
Siparuna guianensis,-75.35000000000,7.48333300000
Siparuna guianensis,-74.83333000000,7.50000000000
Siparuna guianensis,-75.30696400000,7.50435300000
Siparuna guianensis,-78.04638000000,7.50972000000
Siparuna guianensis,-58.98333000000,7.51666000000
Siparuna guianensis,-58.98333300000,7.51666700000
Siparuna guianensis,-58.98330000000,7.51667000000
Siparuna guianensis,-75.27870000000,7.53330200000
Siparuna guianensis,-65.30000000000,7.53333000000
Siparuna guianensis,-74.83057500000,7.54678300000
Siparuna guianensis,-81.73000000000,7.55000000000
Siparuna guianensis,-74.88447200000,7.56474000000
Siparuna guianensis,-72.08333000000,7.56666000000
Siparuna guianensis,-76.72444300000,7.57070700000
Siparuna guianensis,-75.26666000000,7.58333000000
Siparuna guianensis,-63.11666000000,7.58333000000
Siparuna guianensis,-75.27000000000,7.58333300000
Siparuna guianensis,-75.26666700000,7.58333300000
Siparuna guianensis,-72.08861000000,7.58638000000
Siparuna guianensis,-60.00000000000,7.60000000000
Siparuna guianensis,-76.84758500000,7.60211500000
Siparuna guianensis,-60.06670000000,7.63333000000
Siparuna guianensis,-60.06666000000,7.63333000000
Siparuna guianensis,-60.06666700000,7.63333300000
Siparuna guianensis,-60.06667000000,7.63472000000
Siparuna guianensis,-74.76600000000,7.65200000000
Siparuna guianensis,-76.96728900000,7.65309300000
Siparuna guianensis,-71.46666000000,7.68333000000
Siparuna guianensis,-74.48027800000,7.68611100000
Siparuna guianensis,-58.93000000000,7.70000000000
Siparuna guianensis,-59.86666700000,7.71666700000
Siparuna guianensis,-59.86670000000,7.71667000000
Siparuna guianensis,-59.86667000000,7.71667000000
Siparuna guianensis,-77.68333300000,7.75000000000
Siparuna guianensis,-77.68333000000,7.75000000000
Siparuna guianensis,-81.52000000000,7.76000000000
Siparuna guianensis,-77.71666000000,7.78333000000
Siparuna guianensis,-80.70000000000,7.78333300000
Siparuna guianensis,-71.66666700000,7.80000000000
Siparuna guianensis,-75.28789000000,7.80146000000
Siparuna guianensis,-75.01601000000,7.83728000000
Siparuna guianensis,-75.01579700000,7.83803000000
Siparuna guianensis,-77.15130000000,7.84098000000
Siparuna guianensis,-77.73333000000,7.86666000000
Siparuna guianensis,-77.14857400000,7.90047500000
Siparuna guianensis,-80.69416700000,7.91277800000
Siparuna guianensis,-74.77969400000,7.91522200000
Siparuna guianensis,-74.77758300000,7.91658300000
Siparuna guianensis,-63.63972000000,7.93250000000
Siparuna guianensis,-74.78700000000,7.93416700000
Siparuna guianensis,-80.78333000000,7.95000000000
Siparuna guianensis,-78.38333300000,7.96666700000
Siparuna guianensis,-77.71666700000,7.96666700000
Siparuna guianensis,-76.20826000000,7.96816500000
Siparuna guianensis,-77.75000000000,8.00000000000
Siparuna guianensis,-77.70000000000,8.00000000000
Siparuna guianensis,-77.73333000000,8.01666000000
Siparuna guianensis,-77.70000000000,8.01666000000
Siparuna guianensis,-76.18330000000,8.01704000000
Siparuna guianensis,-75.09008900000,8.02364400000
Siparuna guianensis,-75.16666000000,8.03333000000
Siparuna guianensis,-80.63333300000,8.03333300000
Siparuna guianensis,-75.08333300000,8.03333300000
Siparuna guianensis,-75.17724300000,8.03752800000
Siparuna guianensis,-80.93416000000,8.05250000000
Siparuna guianensis,-74.76805600000,8.05583300000
Siparuna guianensis,-75.08333000000,8.06666000000
Siparuna guianensis,-61.63333000000,8.08333000000
Siparuna guianensis,-77.13364000000,8.11992300000
Siparuna guianensis,-77.17941500000,8.13015300000
Siparuna guianensis,-59.98000000000,8.16000000000
Siparuna guianensis,-81.25000000000,8.16670000000
Siparuna guianensis,-81.73333300000,8.20000000000
Siparuna guianensis,-61.60000000000,8.20000000000
Siparuna guianensis,-59.75890000000,8.21111000000
Siparuna guianensis,-59.75888000000,8.21111000000
Siparuna guianensis,-59.75888900000,8.21111100000
Siparuna guianensis,-80.96500000000,8.21222200000
Siparuna guianensis,-81.86666700000,8.25000000000
Siparuna guianensis,-63.58333000000,8.25000000000
Siparuna guianensis,-81.87166700000,8.28833300000
Siparuna guianensis,-59.70000000000,8.30000000000
Siparuna guianensis,-75.08333300000,8.31666700000
Siparuna guianensis,-75.08416000000,8.31722000000
Siparuna guianensis,-74.50000000000,8.33333000000
Siparuna guianensis,-59.66666000000,8.33333000000
Siparuna guianensis,-62.00000000000,8.33333300000
Siparuna guianensis,-74.56445300000,8.33985600000
Siparuna guianensis,-74.56135600000,8.33985600000
Siparuna guianensis,-74.56399600000,8.34050400000
Siparuna guianensis,-74.48424200000,8.36801700000
Siparuna guianensis,-62.42000000000,8.45000000000
Siparuna guianensis,-62.28333300000,8.46666700000
Siparuna guianensis,-75.05316700000,8.46877800000
Siparuna guianensis,-72.71321100000,8.49246600000
Siparuna guianensis,-80.10266500000,8.50718800000
Siparuna guianensis,-81.11666700000,8.51666700000
Siparuna guianensis,-62.05000000000,8.53333300000
Siparuna guianensis,-61.65000000000,8.57000000000
Siparuna guianensis,-61.91666000000,8.58333000000
Siparuna guianensis,-80.11527000000,8.62222000000
Siparuna guianensis,-83.55000000000,8.65000000000
Siparuna guianensis,-83.55416700000,8.65972200000
Siparuna guianensis,-83.55000000000,8.70000000000
Siparuna guianensis,-83.44166700000,8.72222200000
Siparuna guianensis,-79.83444000000,8.74333000000
Siparuna guianensis,-83.37000000000,8.75000000000
Siparuna guianensis,-83.38333300000,8.75277800000
Siparuna guianensis,-83.51000000000,8.77000000000
Siparuna guianensis,-83.52361100000,8.78000000000
Siparuna guianensis,-83.52369500000,8.78018900000
Siparuna guianensis,-82.18333300000,8.80000000000
Siparuna guianensis,-83.49638900000,8.82694400000
Siparuna guianensis,-77.91666700000,8.85000000000
Siparuna guianensis,-79.88027000000,8.93944000000
Siparuna guianensis,-79.61555000000,8.95500000000
Siparuna guianensis,-79.54972200000,8.95805600000
Siparuna guianensis,-83.15769400000,8.96202800000
Siparuna guianensis,-83.14794400000,8.96355600000
Siparuna guianensis,-79.56222000000,8.97722000000
Siparuna guianensis,-77.77500000000,8.97916000000
Siparuna guianensis,-79.51583300000,8.98305600000
Siparuna guianensis,-79.59833000000,8.98583000000
Siparuna guianensis,-79.48333000000,9.00000000000
Siparuna guianensis,-78.58333000000,9.00000000000
Siparuna guianensis,-78.50000000000,9.00000000000
Siparuna guianensis,-69.90000000000,9.00000000000
Siparuna guianensis,-79.59166000000,9.00833000000
Siparuna guianensis,-83.18646100000,9.00884300000
Siparuna guianensis,-79.60000000000,9.01388000000
Siparuna guianensis,-83.23889000000,9.02500000000
Siparuna guianensis,-83.23888900000,9.02500000000
Siparuna guianensis,-83.24400800000,9.04073400000
Siparuna guianensis,-79.63861000000,9.05638000000
Siparuna guianensis,-69.81666000000,9.06666000000
Siparuna guianensis,-79.38333000000,9.08333000000
Siparuna guianensis,-79.67527000000,9.09194000000
Siparuna guianensis,-78.76000000000,9.10583000000
Siparuna guianensis,-80.10000000000,9.15000000000
Siparuna guianensis,-79.85000000000,9.15000000000
Siparuna guianensis,-79.73638000000,9.15194000000
Siparuna guianensis,-79.84805000000,9.15472000000
Siparuna guianensis,-79.74555500000,9.16000000000
Siparuna guianensis,-79.74555000000,9.16000000000
Siparuna guianensis,-79.41638000000,9.16666000000
Siparuna guianensis,-79.10000000000,9.16666000000
Siparuna guianensis,-79.76666700000,9.16666700000
Siparuna guianensis,-79.84361000000,9.17805000000
Siparuna guianensis,-79.10250000000,9.18667000000
Siparuna guianensis,-79.75000000000,9.21666000000
Siparuna guianensis,-79.95805000000,9.23472000000
Siparuna guianensis,-79.81583000000,9.24388000000
Siparuna guianensis,-78.78611000000,9.25833000000
Siparuna guianensis,-83.87000000000,9.26000000000
Siparuna guianensis,-83.87500000000,9.26250000000
Siparuna guianensis,-83.89833300000,9.32361100000
Siparuna guianensis,-83.65750000000,9.34666000000
Siparuna guianensis,-79.87861000000,9.37138000000
Siparuna guianensis,-83.59444400000,9.39722200000
Siparuna guianensis,-70.48333000000,9.43333000000
Siparuna guianensis,-83.79666700000,9.49777800000
Siparuna guianensis,-83.79667000000,9.49778000000
Siparuna guianensis,-82.65000000000,9.58000000000
Siparuna guianensis,-82.94149700000,9.62239500000
Siparuna guianensis,-84.00000000000,9.66670000000
Siparuna guianensis,-84.21611100000,9.71111100000
Siparuna guianensis,-70.25000000000,9.75000000000
Siparuna guianensis,-83.75277800000,9.78888900000
Siparuna guianensis,-83.38333000000,10.01111000000
Siparuna guianensis,-83.38333300000,10.01111100000
Siparuna guianensis,-83.40000000000,10.01666700000
Siparuna guianensis,-84.07888900000,10.33277800000
Siparuna guianensis,-84.05083300000,10.40111100000
Siparuna guianensis,-84.06666700000,10.45000000000
Siparuna guianensis,-84.04722200000,10.56944400000
Siparuna guianensis,-83.75000000000,10.63333300000
Siparuna guianensis,-83.73000000000,10.64000000000
Siparuna guianensis,-83.73611200000,10.64388900000
