sp,lon,lat
Solanum lycocarpum,-42.84444400000,-20.79341700000
Solanum lycocarpum,-42.86803100000,-20.76134280000
Solanum lycocarpum,-43.49750000000,-20.69000000000
Solanum lycocarpum,-43.69190000000,-20.52080000000
Solanum lycocarpum,-43.41058300000,-20.44500000000
Solanum lycocarpum,-42.90860000000,-20.41640000000
Solanum lycocarpum,-43.41610000000,-20.37780000000
Solanum lycocarpum,-43.14470000000,-20.36250000000
Solanum lycocarpum,-43.71888900000,-20.35611100000
Solanum lycocarpum,-43.48805600000,-20.29972200000
Solanum lycocarpum,-43.50810000000,-20.28750000000
Solanum lycocarpum,-43.80140000000,-20.25330000000
Solanum lycocarpum,-43.64805600000,-20.12100000000
Solanum lycocarpum,-43.40750000000,-20.07470000000
Solanum lycocarpum,-43.48750000000,-19.94638900000
Solanum lycocarpum,-43.66970000000,-19.88000000000
Solanum lycocarpum,-43.36220000000,-19.82610000000
Solanum lycocarpum,-42.13920000000,-19.78970000000
Solanum lycocarpum,-43.47388900000,-19.70416700000
Solanum lycocarpum,-43.74472200000,-19.51361100000
Solanum lycocarpum,-41.06390000000,-19.49580000000
Solanum lycocarpum,-43.67000000000,-19.42000000000
Solanum lycocarpum,-43.61861100000,-19.35722200000
Solanum lycocarpum,-43.61680600000,-19.34916700000
Solanum lycocarpum,-41.01670000000,-19.05610000000
Solanum lycocarpum,-43.11944400000,-19.03805600000
Solanum lycocarpum,-43.42500000000,-19.03720000000
Solanum lycocarpum,-43.05970000000,-18.47420000000
Solanum lycocarpum,-43.48990000000,-18.46984200000
Solanum lycocarpum,-43.00920000000,-18.29360000000
