sp,lon,lat
Sparattosperma leucanthum,-45.07110000000,-23.43390000000
Sparattosperma leucanthum,-45.19250000000,-22.81640000000
Sparattosperma leucanthum,-42.80888900000,-22.64972200000
Sparattosperma leucanthum,-43.26666700000,-22.51666700000
Sparattosperma leucanthum,-54.22388900000,-21.24277800000
Sparattosperma leucanthum,-42.36640000000,-21.13060000000
Sparattosperma leucanthum,-42.85333300000,-20.80500000000
Sparattosperma leucanthum,-41.55027800000,-20.76722200000
Sparattosperma leucanthum,-42.86064400000,-20.76668600000
Sparattosperma leucanthum,-42.86803100000,-20.76134280000
Sparattosperma leucanthum,-42.88222200000,-20.75444400000
Sparattosperma leucanthum,-42.88190000000,-20.75390000000
Sparattosperma leucanthum,-41.41310000000,-20.46420000000
Sparattosperma leucanthum,-43.41610000000,-20.37780000000
Sparattosperma leucanthum,-41.47305600000,-20.36472200000
Sparattosperma leucanthum,-43.14470000000,-20.36250000000
Sparattosperma leucanthum,-40.51944400000,-20.29138900000
Sparattosperma leucanthum,-40.83500000000,-20.29111100000
Sparattosperma leucanthum,-43.50810000000,-20.28750000000
Sparattosperma leucanthum,-43.04110000000,-20.28280000000
Sparattosperma leucanthum,-40.54055600000,-20.27833300000
Sparattosperma leucanthum,-40.47666700000,-20.27277800000
Sparattosperma leucanthum,-42.65080000000,-20.22610000000
Sparattosperma leucanthum,-43.82416700000,-20.17500000000
Sparattosperma leucanthum,-43.49277780000,-20.12630000000
Sparattosperma leucanthum,-40.44194400000,-20.10333300000
Sparattosperma leucanthum,-40.47063900000,-20.05861100000
Sparattosperma leucanthum,-43.41530000000,-19.95940000000
Sparattosperma leucanthum,-40.50694400000,-19.93611100000
Sparattosperma leucanthum,-42.77670000000,-19.84280000000
Sparattosperma leucanthum,-40.79333300000,-19.83388900000
Sparattosperma leucanthum,-43.36220000000,-19.82610000000
Sparattosperma leucanthum,-40.27330000000,-19.82030000000
Sparattosperma leucanthum,-43.17360000000,-19.81000000000
Sparattosperma leucanthum,-42.53944400000,-19.80611100000
Sparattosperma leucanthum,-40.85560000000,-19.80190000000
Sparattosperma leucanthum,-41.71310000000,-19.80080000000
Sparattosperma leucanthum,-42.13920000000,-19.78970000000
Sparattosperma leucanthum,-42.73220000000,-19.71220000000
Sparattosperma leucanthum,-43.47360000000,-19.70360000000
Sparattosperma leucanthum,-40.15027800000,-19.67583300000
Sparattosperma leucanthum,-41.83000000000,-19.67000000000
Sparattosperma leucanthum,-42.47666700000,-19.66472200000
Sparattosperma leucanthum,-43.22690000000,-19.61920000000
Sparattosperma leucanthum,-40.07220000000,-19.39110000000
Sparattosperma leucanthum,-40.51600000000,-19.35444400000
Sparattosperma leucanthum,-40.51416700000,-19.35194400000
Sparattosperma leucanthum,-40.63694400000,-19.32166700000
Sparattosperma leucanthum,-40.55611100000,-19.31972200000
Sparattosperma leucanthum,-40.09780000000,-19.19690000000
Sparattosperma leucanthum,-40.08322600000,-19.15464400000
Sparattosperma leucanthum,-40.59458300000,-19.09772200000
Sparattosperma leucanthum,-40.02830600000,-19.07505600000
Sparattosperma leucanthum,-40.74027800000,-18.98305600000
Sparattosperma leucanthum,-40.80166700000,-18.95277800000
Sparattosperma leucanthum,-40.73472200000,-18.90702800000
Sparattosperma leucanthum,-40.73472200000,-18.90694400000
Sparattosperma leucanthum,-40.66694400000,-18.90277800000
Sparattosperma leucanthum,-40.81444400000,-18.87555600000
Sparattosperma leucanthum,-40.44388900000,-18.77694400000
Sparattosperma leucanthum,-43.57000000000,-18.55000000000
Sparattosperma leucanthum,-43.35000000000,-18.46666000000
Sparattosperma leucanthum,-41.61666700000,-18.00000000000
Sparattosperma leucanthum,-63.75000000000,-17.60000000000
Sparattosperma leucanthum,-40.59166700000,-15.46388900000
Sparattosperma leucanthum,-55.92333000000,-13.40083000000
Sparattosperma leucanthum,-39.15944400000,-13.17222200000
Sparattosperma leucanthum,-40.49861100000,-11.33444400000
Sparattosperma leucanthum,-40.47888900000,-11.28750000000
Sparattosperma leucanthum,-52.87310000000,-10.83390000000
Sparattosperma leucanthum,-53.08972000000,-10.77306000000
Sparattosperma leucanthum,-36.43444400000,-9.90016700000
Sparattosperma leucanthum,-36.43333300000,-9.88333300000
