sp,lon,lat
Vismia brasiliensis,-46.63610000000,-23.54750000000
Vismia brasiliensis,-46.63040635000,-23.54416359000
Vismia brasiliensis,-46.48138900000,-23.42500000000
Vismia brasiliensis,-46.85000000000,-22.90000000000
Vismia brasiliensis,-42.25000000000,-22.58333300000
Vismia brasiliensis,-44.96188900000,-21.72838900000
Vismia brasiliensis,-44.48888900000,-21.56638900000
Vismia brasiliensis,-43.55269041000,-21.46073552000
Vismia brasiliensis,-43.80640000000,-20.95360000000
Vismia brasiliensis,-46.00000000000,-20.93333300000
Vismia brasiliensis,-42.86803100000,-20.76134300000
Vismia brasiliensis,-42.86803100000,-20.76134280000
Vismia brasiliensis,-42.88190000000,-20.75390000000
Vismia brasiliensis,-42.58333300000,-20.71666700000
Vismia brasiliensis,-42.41666700000,-20.71666700000
Vismia brasiliensis,-42.52071924000,-20.67072278000
Vismia brasiliensis,-42.52060000000,-20.66690000000
Vismia brasiliensis,-42.52080000000,-20.66670000000
Vismia brasiliensis,-41.90720000000,-20.65030000000
Vismia brasiliensis,-41.83878900000,-20.64318700000
Vismia brasiliensis,-42.90860000000,-20.41640000000
Vismia brasiliensis,-43.41610000000,-20.37780000000
Vismia brasiliensis,-40.65916700000,-20.36333300000
Vismia brasiliensis,-41.53580000000,-20.34580000000
Vismia brasiliensis,-40.48194400000,-20.30250000000
Vismia brasiliensis,-40.51925800000,-20.30236100000
Vismia brasiliensis,-43.50810000000,-20.28750000000
Vismia brasiliensis,-43.80140000000,-20.25330000000
Vismia brasiliensis,-40.21888900000,-20.22083300000
Vismia brasiliensis,-43.43222200000,-20.19722200000
Vismia brasiliensis,-43.43500000000,-20.19583300000
Vismia brasiliensis,-43.40472200000,-20.16916700000
Vismia brasiliensis,-43.84527800000,-20.16583300000
Vismia brasiliensis,-40.31145200000,-20.15282000000
Vismia brasiliensis,-40.54944400000,-20.13694400000
Vismia brasiliensis,-40.30750000000,-20.12861100000
Vismia brasiliensis,-40.30780000000,-20.12860000000
Vismia brasiliensis,-40.44222200000,-20.10777800000
Vismia brasiliensis,-44.03698100000,-20.10163900000
Vismia brasiliensis,-43.99388900000,-20.08277800000
Vismia brasiliensis,-43.40750000000,-20.07470000000
Vismia brasiliensis,-40.47063900000,-20.05861100000
Vismia brasiliensis,-40.59233900000,-20.04458100000
Vismia brasiliensis,-43.69388900000,-20.00416700000
Vismia brasiliensis,-40.53027800000,-19.97138900000
Vismia brasiliensis,-43.41530000000,-19.95940000000
Vismia brasiliensis,-40.55277800000,-19.95333300000
Vismia brasiliensis,-40.61666700000,-19.93611100000
Vismia brasiliensis,-40.61666700000,-19.93583300000
Vismia brasiliensis,-40.60030000000,-19.93560000000
Vismia brasiliensis,-40.55305600000,-19.90750000000
Vismia brasiliensis,-40.54590000000,-19.89303300000
Vismia brasiliensis,-40.37694400000,-19.88944400000
Vismia brasiliensis,-40.47888900000,-19.86583300000
Vismia brasiliensis,-40.55388900000,-19.83638900000
Vismia brasiliensis,-40.36944400000,-19.83194400000
Vismia brasiliensis,-44.04638900000,-19.82722200000
Vismia brasiliensis,-43.36220000000,-19.82610000000
Vismia brasiliensis,-40.27330000000,-19.82030000000
Vismia brasiliensis,-43.66666700000,-19.81666700000
Vismia brasiliensis,-40.93472200000,-19.75111100000
Vismia brasiliensis,-39.88277800000,-19.67194400000
Vismia brasiliensis,-43.43286100000,-19.43186100000
Vismia brasiliensis,-43.43133300000,-19.41444400000
Vismia brasiliensis,-40.07220000000,-19.39110000000
Vismia brasiliensis,-40.55111100000,-19.34833300000
Vismia brasiliensis,-40.54938900000,-19.34597200000
Vismia brasiliensis,-40.53750000000,-19.31166700000
Vismia brasiliensis,-40.63675000000,-19.20494400000
Vismia brasiliensis,-40.05694400000,-19.16036100000
Vismia brasiliensis,-40.07583300000,-18.90583300000
Vismia brasiliensis,-43.43305600000,-18.90444400000
Vismia brasiliensis,-43.65000000000,-18.53000000000
Vismia brasiliensis,-43.30670000000,-18.46580000000
Vismia brasiliensis,-39.73222200000,-18.33333300000
Vismia brasiliensis,-57.01052800000,-16.00000000000
Vismia brasiliensis,-48.95000000000,-15.85000000000
Vismia brasiliensis,-52.87310000000,-10.83390000000
Vismia brasiliensis,-53.08972000000,-10.77306000000
Vismia brasiliensis,-55.00000000000,-10.00000000000
Vismia brasiliensis,-35.13000000000,-8.66000000000
Vismia brasiliensis,-73.37583300000,-3.82611100000
Vismia brasiliensis,-73.34444400000,-3.79722200000
