sp,lon,lat
Vitex sellowiana,-42.80280000000,-20.85670000000
Vitex sellowiana,-42.88190000000,-20.75390000000
Vitex sellowiana,-43.41610000000,-20.37780000000
Vitex sellowiana,-43.41444400000,-20.35250000000
Vitex sellowiana,-43.50810000000,-20.28780000000
Vitex sellowiana,-43.50810000000,-20.28750000000
Vitex sellowiana,-43.80000000000,-20.20000000000
Vitex sellowiana,-42.52390000000,-20.17030000000
Vitex sellowiana,-43.43666700000,-20.15361100000
Vitex sellowiana,-43.49265000000,-20.12630000000
Vitex sellowiana,-43.40750000000,-20.07470000000
Vitex sellowiana,-43.57750000000,-20.01833300000
Vitex sellowiana,-43.41530000000,-19.95940000000
Vitex sellowiana,-43.48720000000,-19.94580000000
Vitex sellowiana,-43.66970000000,-19.88000000000
Vitex sellowiana,-42.77670000000,-19.84280000000
Vitex sellowiana,-43.66666700000,-19.81666700000
Vitex sellowiana,-43.42247200000,-19.41122200000
Vitex sellowiana,-43.43166700000,-18.90722200000
Vitex sellowiana,-43.37940000000,-18.60470000000
