sp,lon,lat
Zanthoxylum rhoifolium,-64.92080000000,-35.38690000000
Zanthoxylum rhoifolium,-58.98000000000,-33.65000000000
Zanthoxylum rhoifolium,-55.79330000000,-32.86670000000
Zanthoxylum rhoifolium,-56.08000000000,-31.76000000000
Zanthoxylum rhoifolium,-53.74111100000,-31.51194400000
Zanthoxylum rhoifolium,-59.54000000000,-30.89000000000
Zanthoxylum rhoifolium,-53.49233218000,-30.51611987000
Zanthoxylum rhoifolium,-53.85138900000,-30.42638900000
Zanthoxylum rhoifolium,-52.43111100000,-30.36833300000
Zanthoxylum rhoifolium,-51.01555600000,-30.27666700000
Zanthoxylum rhoifolium,-51.38611100000,-30.18083300000
Zanthoxylum rhoifolium,-55.66722200000,-30.11161900000
Zanthoxylum rhoifolium,-51.32805600000,-30.10116700000
Zanthoxylum rhoifolium,-51.71805600000,-29.94333300000
Zanthoxylum rhoifolium,-51.43611100000,-29.86750000000
Zanthoxylum rhoifolium,-51.14765675000,-29.76452703000
Zanthoxylum rhoifolium,-51.18000000000,-29.75000000000
Zanthoxylum rhoifolium,-51.15000000000,-29.66666700000
Zanthoxylum rhoifolium,-53.24090612000,-29.64951264000
Zanthoxylum rhoifolium,-50.99650000000,-29.61133300000
Zanthoxylum rhoifolium,-50.93555600000,-29.59972200000
Zanthoxylum rhoifolium,-55.13194400000,-29.59444400000
Zanthoxylum rhoifolium,-50.17444400000,-29.48083300000
Zanthoxylum rhoifolium,-50.48000000000,-29.46999900000
Zanthoxylum rhoifolium,-51.79893900000,-29.46650000000
Zanthoxylum rhoifolium,-50.54557800000,-29.44867200000
Zanthoxylum rhoifolium,-50.55000000000,-29.43333300000
Zanthoxylum rhoifolium,-50.57555600000,-29.42055600000
Zanthoxylum rhoifolium,-54.83000200000,-29.40000000000
Zanthoxylum rhoifolium,-50.50000000000,-29.40000000000
Zanthoxylum rhoifolium,-49.84972200000,-29.36944400000
Zanthoxylum rhoifolium,-51.83333300000,-29.35277800000
Zanthoxylum rhoifolium,-50.73000000000,-29.30999900000
Zanthoxylum rhoifolium,-51.53408072000,-29.26001920000
Zanthoxylum rhoifolium,-49.95055600000,-29.19722200000
Zanthoxylum rhoifolium,-51.17995468000,-29.17222024000
Zanthoxylum rhoifolium,-49.95250000000,-29.15944400000
Zanthoxylum rhoifolium,-50.14444400000,-29.04777800000
Zanthoxylum rhoifolium,-49.85916700000,-28.97944400000
Zanthoxylum rhoifolium,-51.05883300000,-28.95786100000
Zanthoxylum rhoifolium,-51.05883300000,-28.95647200000
Zanthoxylum rhoifolium,-49.48611100000,-28.93527800000
Zanthoxylum rhoifolium,-49.68194400000,-28.92805600000
Zanthoxylum rhoifolium,-49.67944400000,-28.92666700000
Zanthoxylum rhoifolium,-49.86000000000,-28.89000000000
Zanthoxylum rhoifolium,-49.30027800000,-28.71388900000
Zanthoxylum rhoifolium,-49.37000000000,-28.67805600000
Zanthoxylum rhoifolium,-49.42472200000,-28.59833300000
Zanthoxylum rhoifolium,-56.04750000000,-28.54972200000
Zanthoxylum rhoifolium,-54.95222200000,-28.46888900000
Zanthoxylum rhoifolium,-48.87000000000,-28.44000000000
Zanthoxylum rhoifolium,-49.39732194000,-28.39702027000
Zanthoxylum rhoifolium,-49.39694400000,-28.39333300000
Zanthoxylum rhoifolium,-49.49972200000,-28.35000000000
Zanthoxylum rhoifolium,-49.29888900000,-28.28527800000
Zanthoxylum rhoifolium,-49.04916700000,-28.25944400000
Zanthoxylum rhoifolium,-56.10000000000,-28.23333000000
Zanthoxylum rhoifolium,-56.23000000000,-28.21000000000
Zanthoxylum rhoifolium,-50.88555500000,-28.11972200000
Zanthoxylum rhoifolium,-56.70000000000,-28.10000000000
Zanthoxylum rhoifolium,-56.69000000000,-28.10000000000
Zanthoxylum rhoifolium,-56.68333300000,-28.10000000000
Zanthoxylum rhoifolium,-48.96083300000,-28.08055600000
Zanthoxylum rhoifolium,-55.68333000000,-28.06666000000
Zanthoxylum rhoifolium,-55.72000000000,-27.99000000000
Zanthoxylum rhoifolium,-49.64503300000,-27.96502800000
Zanthoxylum rhoifolium,-49.64500000000,-27.96500000000
Zanthoxylum rhoifolium,-50.93444400000,-27.92972200000
Zanthoxylum rhoifolium,-51.03361100000,-27.90222200000
Zanthoxylum rhoifolium,-49.80007600000,-27.90199800000
Zanthoxylum rhoifolium,-49.79187800000,-27.90008500000
Zanthoxylum rhoifolium,-49.79164600000,-27.89988500000
Zanthoxylum rhoifolium,-51.03388900000,-27.85194400000
Zanthoxylum rhoifolium,-49.64527800000,-27.82916700000
Zanthoxylum rhoifolium,-51.12194400000,-27.81083300000
Zanthoxylum rhoifolium,-49.94972200000,-27.81000000000
Zanthoxylum rhoifolium,-49.48982509000,-27.80111257000
Zanthoxylum rhoifolium,-55.16000000000,-27.77000000000
Zanthoxylum rhoifolium,-55.62000000000,-27.75000000000
Zanthoxylum rhoifolium,-51.21222200000,-27.72333300000
Zanthoxylum rhoifolium,-51.02861100000,-27.71750000000
Zanthoxylum rhoifolium,-48.52750000000,-27.71750000000
Zanthoxylum rhoifolium,-51.29888900000,-27.71555600000
Zanthoxylum rhoifolium,-51.13027800000,-27.68972200000
Zanthoxylum rhoifolium,-49.32111100000,-27.63138900000
Zanthoxylum rhoifolium,-48.87000000000,-27.63000000000
Zanthoxylum rhoifolium,-51.12055600000,-27.62833300000
Zanthoxylum rhoifolium,-51.43277800000,-27.58694400000
Zanthoxylum rhoifolium,-51.42444400000,-27.58694400000
Zanthoxylum rhoifolium,-55.58000000000,-27.57000000000
Zanthoxylum rhoifolium,-55.58333300000,-27.56666700000
Zanthoxylum rhoifolium,-48.68944400000,-27.54027800000
Zanthoxylum rhoifolium,-50.81181700000,-27.48726400000
Zanthoxylum rhoifolium,-55.83333000000,-27.48333000000
Zanthoxylum rhoifolium,-50.80779200000,-27.48330300000
Zanthoxylum rhoifolium,-50.80874700000,-27.48327800000
Zanthoxylum rhoifolium,-55.92000000000,-27.48000000000
Zanthoxylum rhoifolium,-55.83000000000,-27.48000000000
Zanthoxylum rhoifolium,-58.75444400000,-27.45250000000
Zanthoxylum rhoifolium,-50.58027800000,-27.45055600000
Zanthoxylum rhoifolium,-51.85000000000,-27.45000000000
Zanthoxylum rhoifolium,-55.59000000000,-27.44000000000
Zanthoxylum rhoifolium,-51.22544554000,-27.40579912000
Zanthoxylum rhoifolium,-55.90000000000,-27.38333300000
Zanthoxylum rhoifolium,-55.90000000000,-27.38333000000
Zanthoxylum rhoifolium,-55.58333000000,-27.38333000000
Zanthoxylum rhoifolium,-55.53333000000,-27.38333000000
Zanthoxylum rhoifolium,-55.90000000000,-27.38000000000
Zanthoxylum rhoifolium,-55.58000000000,-27.38000000000
Zanthoxylum rhoifolium,-55.53000000000,-27.38000000000
Zanthoxylum rhoifolium,-49.50305600000,-27.36083300000
Zanthoxylum rhoifolium,-51.88500000000,-27.36027800000
Zanthoxylum rhoifolium,-49.32000000000,-27.35972200000
Zanthoxylum rhoifolium,-58.93333000000,-27.33333000000
Zanthoxylum rhoifolium,-58.93805600000,-27.33305600000
Zanthoxylum rhoifolium,-55.53000000000,-27.32000000000
Zanthoxylum rhoifolium,-51.52583300000,-27.32000000000
Zanthoxylum rhoifolium,-55.53333000000,-27.31666000000
Zanthoxylum rhoifolium,-51.97472200000,-27.31388900000
Zanthoxylum rhoifolium,-52.01972200000,-27.27194400000
Zanthoxylum rhoifolium,-55.53000000000,-27.27000000000
Zanthoxylum rhoifolium,-55.53333000000,-27.26666000000
Zanthoxylum rhoifolium,-55.54500000000,-27.25888900000
Zanthoxylum rhoifolium,-52.02777800000,-27.23444400000
Zanthoxylum rhoifolium,-54.98333000000,-27.23333000000
Zanthoxylum rhoifolium,-54.98000000000,-27.23000000000
Zanthoxylum rhoifolium,-50.58000000000,-27.18472200000
Zanthoxylum rhoifolium,-56.73333000000,-27.18333000000
Zanthoxylum rhoifolium,-49.32055600000,-27.18027800000
Zanthoxylum rhoifolium,-48.77972200000,-27.18027800000
Zanthoxylum rhoifolium,-49.68000000000,-27.18000000000
Zanthoxylum rhoifolium,-56.76666700000,-27.16666700000
Zanthoxylum rhoifolium,-51.38944400000,-27.13555500000
Zanthoxylum rhoifolium,-55.70000000000,-27.13333000000
Zanthoxylum rhoifolium,-55.51666000000,-27.13333000000
Zanthoxylum rhoifolium,-55.52000000000,-27.13000000000
Zanthoxylum rhoifolium,-49.87305600000,-27.12805600000
Zanthoxylum rhoifolium,-49.25472200000,-27.12027800000
Zanthoxylum rhoifolium,-54.48000000000,-27.12000000000
Zanthoxylum rhoifolium,-53.78000000000,-27.12000000000
Zanthoxylum rhoifolium,-54.48333000000,-27.11666000000
Zanthoxylum rhoifolium,-53.78333000000,-27.11666000000
Zanthoxylum rhoifolium,-49.19583300000,-27.11194400000
Zanthoxylum rhoifolium,-50.57972200000,-27.09083300000
Zanthoxylum rhoifolium,-52.83000000000,-27.09000000000
Zanthoxylum rhoifolium,-49.32000000000,-27.09000000000
Zanthoxylum rhoifolium,-49.23083300000,-27.09000000000
Zanthoxylum rhoifolium,-49.51842296000,-27.06080311000
Zanthoxylum rhoifolium,-49.08777800000,-27.05666700000
Zanthoxylum rhoifolium,-55.00000000000,-27.00000000000
Zanthoxylum rhoifolium,-51.93000000000,-27.00000000000
Zanthoxylum rhoifolium,-49.31666700000,-27.00000000000
Zanthoxylum rhoifolium,-56.72666700000,-26.99861100000
Zanthoxylum rhoifolium,-55.16666000000,-26.98333000000
Zanthoxylum rhoifolium,-54.25000000000,-26.95000000000
Zanthoxylum rhoifolium,-54.30000000000,-26.92000000000
Zanthoxylum rhoifolium,-54.21000000000,-26.92000000000
Zanthoxylum rhoifolium,-57.00000000000,-26.91667000000
Zanthoxylum rhoifolium,-56.91666000000,-26.91666000000
Zanthoxylum rhoifolium,-54.30000000000,-26.91638900000
Zanthoxylum rhoifolium,-54.30000000000,-26.91638000000
Zanthoxylum rhoifolium,-54.20500000000,-26.91638000000
Zanthoxylum rhoifolium,-48.66226167000,-26.91200479000
Zanthoxylum rhoifolium,-50.94000000000,-26.91000000000
Zanthoxylum rhoifolium,-51.03277800000,-26.90916700000
Zanthoxylum rhoifolium,-49.07916700000,-26.90555600000
Zanthoxylum rhoifolium,-54.30000000000,-26.90000000000
Zanthoxylum rhoifolium,-49.86305600000,-26.76305600000
Zanthoxylum rhoifolium,-54.13333000000,-26.65000000000
Zanthoxylum rhoifolium,-54.13000000000,-26.65000000000
Zanthoxylum rhoifolium,-50.58000000000,-26.64083300000
Zanthoxylum rhoifolium,-56.16667000000,-26.60000000000
Zanthoxylum rhoifolium,-49.17583300000,-26.55222200000
Zanthoxylum rhoifolium,-50.31277800000,-26.55138900000
Zanthoxylum rhoifolium,-48.77666700000,-26.54805500000
Zanthoxylum rhoifolium,-50.23146978000,-26.46609216000
Zanthoxylum rhoifolium,-53.28138900000,-26.46111100000
Zanthoxylum rhoifolium,-53.82000000000,-26.42000000000
Zanthoxylum rhoifolium,-53.81666700000,-26.41666700000
Zanthoxylum rhoifolium,-50.48805500000,-26.37027800000
Zanthoxylum rhoifolium,-60.48000000000,-26.31000000000
Zanthoxylum rhoifolium,-48.84560000000,-26.30440000000
Zanthoxylum rhoifolium,-48.82627800000,-26.28297200000
Zanthoxylum rhoifolium,-49.37861100000,-26.25055600000
Zanthoxylum rhoifolium,-54.62000000000,-26.22000000000
Zanthoxylum rhoifolium,-54.61666000000,-26.21666000000
Zanthoxylum rhoifolium,-49.26620060000,-26.19639287000
Zanthoxylum rhoifolium,-49.95000000000,-26.19000000000
Zanthoxylum rhoifolium,-56.83333300000,-26.16666700000
Zanthoxylum rhoifolium,-55.33333300000,-26.16666700000
Zanthoxylum rhoifolium,-55.45000000000,-26.16666000000
Zanthoxylum rhoifolium,-55.33333000000,-26.16666000000
Zanthoxylum rhoifolium,-55.28333000000,-26.16666000000
Zanthoxylum rhoifolium,-55.46667000000,-26.15000000000
Zanthoxylum rhoifolium,-49.95083300000,-26.14944400000
Zanthoxylum rhoifolium,-53.75000000000,-26.13333000000
Zanthoxylum rhoifolium,-55.44305000000,-26.09777000000
Zanthoxylum rhoifolium,-55.48277000000,-26.09694000000
Zanthoxylum rhoifolium,-56.85000000000,-26.08333000000
Zanthoxylum rhoifolium,-56.86666000000,-26.05000000000
Zanthoxylum rhoifolium,-56.83333000000,-26.05000000000
Zanthoxylum rhoifolium,-56.76666700000,-26.01666700000
Zanthoxylum rhoifolium,-56.76666000000,-26.01666000000
Zanthoxylum rhoifolium,-57.00071700000,-26.00071700000
Zanthoxylum rhoifolium,-57.00081700000,-26.00051700000
Zanthoxylum rhoifolium,-56.83333000000,-26.00000000000
Zanthoxylum rhoifolium,-53.98000000000,-26.00000000000
Zanthoxylum rhoifolium,-56.25000000000,-25.91666700000
Zanthoxylum rhoifolium,-56.25000000000,-25.91666000000
Zanthoxylum rhoifolium,-56.15000000000,-25.90000000000
Zanthoxylum rhoifolium,-56.81667000000,-25.88333000000
Zanthoxylum rhoifolium,-54.41000000000,-25.88000000000
Zanthoxylum rhoifolium,-57.13333300000,-25.86666700000
Zanthoxylum rhoifolium,-57.13333000000,-25.86666000000
Zanthoxylum rhoifolium,-56.71666000000,-25.83333000000
Zanthoxylum rhoifolium,-56.28333000000,-25.83333000000
Zanthoxylum rhoifolium,-56.25000000000,-25.83333000000
Zanthoxylum rhoifolium,-56.33333300000,-25.80000000000
Zanthoxylum rhoifolium,-49.73000000000,-25.80000000000
Zanthoxylum rhoifolium,-56.45000000000,-25.78333000000
Zanthoxylum rhoifolium,-56.43000000000,-25.75000000000
Zanthoxylum rhoifolium,-56.41666000000,-25.75000000000
Zanthoxylum rhoifolium,-56.21666700000,-25.75000000000
Zanthoxylum rhoifolium,-56.40000000000,-25.71667000000
Zanthoxylum rhoifolium,-56.23333000000,-25.71667000000
Zanthoxylum rhoifolium,-57.26666000000,-25.71666000000
Zanthoxylum rhoifolium,-53.08822200000,-25.71513900000
Zanthoxylum rhoifolium,-53.80981312000,-25.67576229000
Zanthoxylum rhoifolium,-49.58000000000,-25.67000000000
Zanthoxylum rhoifolium,-57.48333000000,-25.66666000000
Zanthoxylum rhoifolium,-56.66666000000,-25.66666000000
Zanthoxylum rhoifolium,-57.45000000000,-25.65000000000
Zanthoxylum rhoifolium,-53.34758100000,-25.63636462000
Zanthoxylum rhoifolium,-57.46666000000,-25.63333000000
Zanthoxylum rhoifolium,-57.13333000000,-25.63333000000
Zanthoxylum rhoifolium,-57.51666000000,-25.61666000000
Zanthoxylum rhoifolium,-56.85000000000,-25.60000000000
Zanthoxylum rhoifolium,-54.58333000000,-25.60000000000
Zanthoxylum rhoifolium,-54.58000000000,-25.60000000000
Zanthoxylum rhoifolium,-54.58906565000,-25.55195569000
Zanthoxylum rhoifolium,-49.80733300000,-25.54997200000
Zanthoxylum rhoifolium,-49.20699315000,-25.53858417000
Zanthoxylum rhoifolium,-49.20638900000,-25.53472200000
Zanthoxylum rhoifolium,-57.53333000000,-25.51666000000
Zanthoxylum rhoifolium,-55.00000000000,-25.50000000000
Zanthoxylum rhoifolium,-48.83476690000,-25.48078485000
Zanthoxylum rhoifolium,-56.83333000000,-25.46667000000
Zanthoxylum rhoifolium,-57.10000000000,-25.45000000000
Zanthoxylum rhoifolium,-55.13333000000,-25.45000000000
Zanthoxylum rhoifolium,-49.24040000000,-25.44810000000
Zanthoxylum rhoifolium,-49.06368271000,-25.44578346000
Zanthoxylum rhoifolium,-53.02431000000,-25.43596100000
Zanthoxylum rhoifolium,-50.00704836000,-25.43327934000
Zanthoxylum rhoifolium,-53.05501800000,-25.43117900000
Zanthoxylum rhoifolium,-57.11666000000,-25.41666000000
Zanthoxylum rhoifolium,-53.06040000000,-25.41300000000
Zanthoxylum rhoifolium,-57.47000000000,-25.40000000000
Zanthoxylum rhoifolium,-57.46666000000,-25.40000000000
Zanthoxylum rhoifolium,-51.45884893000,-25.39947198000
Zanthoxylum rhoifolium,-53.02944400000,-25.39027800000
Zanthoxylum rhoifolium,-49.11855600000,-25.38536100000
Zanthoxylum rhoifolium,-50.46060000000,-25.36830000000
Zanthoxylum rhoifolium,-57.46667000000,-25.36667000000
Zanthoxylum rhoifolium,-51.28630600000,-25.33955600000
Zanthoxylum rhoifolium,-49.23194400000,-25.33555600000
Zanthoxylum rhoifolium,-49.15660000000,-25.32250000000
Zanthoxylum rhoifolium,-57.21667000000,-25.31667000000
Zanthoxylum rhoifolium,-54.57036100000,-25.31527800000
Zanthoxylum rhoifolium,-49.05588151000,-25.30968160000
Zanthoxylum rhoifolium,-57.65000000000,-25.30000000000
Zanthoxylum rhoifolium,-57.13333000000,-25.30000000000
Zanthoxylum rhoifolium,-53.95722200000,-25.29916700000
Zanthoxylum rhoifolium,-49.22479321000,-25.29578073000
Zanthoxylum rhoifolium,-49.04444400000,-25.29055600000
Zanthoxylum rhoifolium,-48.33333300000,-25.28333300000
Zanthoxylum rhoifolium,-57.06666000000,-25.25000000000
Zanthoxylum rhoifolium,-55.91666700000,-25.25000000000
Zanthoxylum rhoifolium,-55.91666000000,-25.25000000000
Zanthoxylum rhoifolium,-55.91000000000,-25.25000000000
Zanthoxylum rhoifolium,-54.58333000000,-25.25000000000
Zanthoxylum rhoifolium,-49.34840146000,-25.22387923000
Zanthoxylum rhoifolium,-57.15000000000,-25.21666000000
Zanthoxylum rhoifolium,-51.17100000000,-25.20220000000
Zanthoxylum rhoifolium,-57.11666000000,-25.20000000000
Zanthoxylum rhoifolium,-55.96667000000,-25.20000000000
Zanthoxylum rhoifolium,-49.97050000000,-25.17738900000
Zanthoxylum rhoifolium,-54.83333000000,-25.16667000000
Zanthoxylum rhoifolium,-55.91666000000,-25.16666000000
Zanthoxylum rhoifolium,-57.41666000000,-25.15000000000
Zanthoxylum rhoifolium,-53.80000000000,-25.11916700000
Zanthoxylum rhoifolium,-50.16235736000,-25.09887403000
Zanthoxylum rhoifolium,-51.58344400000,-25.07050000000
Zanthoxylum rhoifolium,-49.08333300000,-25.03333300000
Zanthoxylum rhoifolium,-50.58488624000,-25.02807113000
Zanthoxylum rhoifolium,-55.93333000000,-25.01667000000
Zanthoxylum rhoifolium,-57.00000000000,-25.00000000000
Zanthoxylum rhoifolium,-47.91666700000,-24.88333300000
Zanthoxylum rhoifolium,-55.76667000000,-24.78333000000
Zanthoxylum rhoifolium,-54.16605600000,-24.72727800000
Zanthoxylum rhoifolium,-47.88110000000,-24.71500000000
Zanthoxylum rhoifolium,-47.87694400000,-24.67583300000
Zanthoxylum rhoifolium,-56.51667000000,-24.63333000000
Zanthoxylum rhoifolium,-50.30222200000,-24.63305600000
Zanthoxylum rhoifolium,-47.88021200000,-24.61345100000
Zanthoxylum rhoifolium,-47.88500000000,-24.60833300000
Zanthoxylum rhoifolium,-47.88250000000,-24.60833300000
Zanthoxylum rhoifolium,-47.87694400000,-24.60833300000
Zanthoxylum rhoifolium,-50.25625000000,-24.58166700000
Zanthoxylum rhoifolium,-54.05762175000,-24.55994606000
Zanthoxylum rhoifolium,-48.10691700000,-24.55955600000
Zanthoxylum rhoifolium,-55.95000000000,-24.55000000000
Zanthoxylum rhoifolium,-54.91667000000,-24.55000000000
Zanthoxylum rhoifolium,-50.41397164000,-24.51326466000
Zanthoxylum rhoifolium,-49.02500000000,-24.47277800000
Zanthoxylum rhoifolium,-64.25000000000,-24.32000000000
Zanthoxylum rhoifolium,-48.35000000000,-24.30000000000
Zanthoxylum rhoifolium,-64.32000000000,-24.28000000000
Zanthoxylum rhoifolium,-48.56472200000,-24.26555600000
Zanthoxylum rhoifolium,-49.70622151000,-24.25496396000
Zanthoxylum rhoifolium,-52.40250000000,-24.23705600000
Zanthoxylum rhoifolium,-49.68000000000,-24.23000000000
Zanthoxylum rhoifolium,-52.22669400000,-24.20625000000
Zanthoxylum rhoifolium,-49.65000000000,-24.20000000000
Zanthoxylum rhoifolium,-55.28000000000,-24.19000000000
Zanthoxylum rhoifolium,-50.30841700000,-24.14305600000
Zanthoxylum rhoifolium,-55.53333000000,-24.13333000000
Zanthoxylum rhoifolium,-49.62388900000,-24.12138900000
Zanthoxylum rhoifolium,-50.72333300000,-24.11138900000
Zanthoxylum rhoifolium,-52.31238900000,-24.10769400000
Zanthoxylum rhoifolium,-55.50000000000,-24.08333000000
Zanthoxylum rhoifolium,-47.97138900000,-24.06527800000
Zanthoxylum rhoifolium,-47.98497200000,-24.06177800000
Zanthoxylum rhoifolium,-52.40954400000,-24.06118100000
Zanthoxylum rhoifolium,-47.98794400000,-24.06055600000
Zanthoxylum rhoifolium,-47.98736100000,-24.06036100000
Zanthoxylum rhoifolium,-47.98722200000,-24.05991700000
Zanthoxylum rhoifolium,-47.99211100000,-24.05858300000
Zanthoxylum rhoifolium,-52.38390416000,-24.04964850000
Zanthoxylum rhoifolium,-54.28333000000,-24.03333000000
Zanthoxylum rhoifolium,-47.37243000000,-24.02862000000
Zanthoxylum rhoifolium,-47.31605000000,-24.02022000000
Zanthoxylum rhoifolium,-51.14550000000,-23.93866700000
Zanthoxylum rhoifolium,-51.15000000000,-23.93333300000
Zanthoxylum rhoifolium,-55.45000000000,-23.90000000000
Zanthoxylum rhoifolium,-51.15000000000,-23.88333300000
Zanthoxylum rhoifolium,-52.72205600000,-23.87033300000
Zanthoxylum rhoifolium,-46.48991700000,-23.74361100000
Zanthoxylum rhoifolium,-50.74110000000,-23.72750000000
Zanthoxylum rhoifolium,-47.07292100000,-23.71550900000
Zanthoxylum rhoifolium,-46.41009164000,-23.71386677000
Zanthoxylum rhoifolium,-46.53009979000,-23.66386569000
Zanthoxylum rhoifolium,-46.62277800000,-23.64944400000
Zanthoxylum rhoifolium,-46.62361100000,-23.64111100000
Zanthoxylum rhoifolium,-45.86666700000,-23.63333300000
Zanthoxylum rhoifolium,-46.63333300000,-23.55000000000
Zanthoxylum rhoifolium,-46.63610000000,-23.54750000000
Zanthoxylum rhoifolium,-46.63040635000,-23.54416359000
Zanthoxylum rhoifolium,-50.97555600000,-23.54083300000
Zanthoxylum rhoifolium,-50.96666700000,-23.53333300000
Zanthoxylum rhoifolium,-48.73888900000,-23.52972200000
Zanthoxylum rhoifolium,-47.11250000000,-23.52388900000
Zanthoxylum rhoifolium,-48.73777800000,-23.50777800000
Zanthoxylum rhoifolium,-50.64628228000,-23.49744884000
Zanthoxylum rhoifolium,-53.25000000000,-23.45000000000
Zanthoxylum rhoifolium,-51.93907011000,-23.42944182000
Zanthoxylum rhoifolium,-48.53518600000,-23.36851900000
Zanthoxylum rhoifolium,-51.86721100000,-23.35013300000
Zanthoxylum rhoifolium,-51.86874200000,-23.34775800000
Zanthoxylum rhoifolium,-58.39102400000,-23.23621100000
Zanthoxylum rhoifolium,-55.88333000000,-23.23333000000
Zanthoxylum rhoifolium,-58.16890000000,-23.20250000000
Zanthoxylum rhoifolium,-46.86666700000,-23.18333300000
Zanthoxylum rhoifolium,-51.16583300000,-23.16500000000
Zanthoxylum rhoifolium,-47.00120000000,-23.14770000000
Zanthoxylum rhoifolium,-46.92797200000,-23.11186100000
Zanthoxylum rhoifolium,-54.22835000000,-23.10440600000
Zanthoxylum rhoifolium,-47.02030000000,-23.10280000000
Zanthoxylum rhoifolium,-48.36670000000,-23.06670000000
Zanthoxylum rhoifolium,-48.36666700000,-23.06666700000
Zanthoxylum rhoifolium,-48.52391700000,-23.04875000000
Zanthoxylum rhoifolium,-48.52388900000,-23.04861100000
Zanthoxylum rhoifolium,-53.41994400000,-23.03861100000
Zanthoxylum rhoifolium,-48.18333300000,-23.03330000000
Zanthoxylum rhoifolium,-48.91666700000,-22.91666700000
Zanthoxylum rhoifolium,-46.88333300000,-22.91666700000
Zanthoxylum rhoifolium,-43.20766855000,-22.90695982000
Zanthoxylum rhoifolium,-47.06080000000,-22.90560000000
Zanthoxylum rhoifolium,-43.20750000000,-22.90280000000
Zanthoxylum rhoifolium,-46.85000000000,-22.90000000000
Zanthoxylum rhoifolium,-48.43416700000,-22.87222200000
Zanthoxylum rhoifolium,-46.91666700000,-22.81666700000
Zanthoxylum rhoifolium,-48.74297200000,-22.81411100000
Zanthoxylum rhoifolium,-44.34361100000,-22.79194400000
Zanthoxylum rhoifolium,-47.00000000000,-22.78333300000
Zanthoxylum rhoifolium,-46.14470000000,-22.75530000000
Zanthoxylum rhoifolium,-47.64920000000,-22.72530000000
Zanthoxylum rhoifolium,-56.00166700000,-22.68916700000
Zanthoxylum rhoifolium,-51.70166700000,-22.68833300000
Zanthoxylum rhoifolium,-42.39181200000,-22.65465646000
Zanthoxylum rhoifolium,-56.01666000000,-22.65000000000
Zanthoxylum rhoifolium,-47.19610000000,-22.64580000000
Zanthoxylum rhoifolium,-52.83333300000,-22.64237500000
Zanthoxylum rhoifolium,-56.06666000000,-22.63333000000
Zanthoxylum rhoifolium,-56.03333000000,-22.63333000000
Zanthoxylum rhoifolium,-52.85392500000,-22.63208600000
Zanthoxylum rhoifolium,-52.85166700000,-22.63200000000
Zanthoxylum rhoifolium,-52.81358300000,-22.63072200000
Zanthoxylum rhoifolium,-52.82726100000,-22.62691100000
Zanthoxylum rhoifolium,-52.84694400000,-22.62166700000
Zanthoxylum rhoifolium,-50.37994400000,-22.59827800000
Zanthoxylum rhoifolium,-50.38080600000,-22.59716700000
Zanthoxylum rhoifolium,-50.36666700000,-22.58333300000
Zanthoxylum rhoifolium,-45.31694400000,-22.58222200000
Zanthoxylum rhoifolium,-45.31697200000,-22.58219400000
Zanthoxylum rhoifolium,-50.37750000000,-22.57147200000
Zanthoxylum rhoifolium,-50.37908300000,-22.56058300000
Zanthoxylum rhoifolium,-50.37900000000,-22.56058300000
Zanthoxylum rhoifolium,-57.36888900000,-22.52583300000
Zanthoxylum rhoifolium,-42.88300000000,-22.48300000000
Zanthoxylum rhoifolium,-64.36555000000,-22.45083000000
Zanthoxylum rhoifolium,-49.68358300000,-22.38750000000
Zanthoxylum rhoifolium,-49.68483300000,-22.38658300000
Zanthoxylum rhoifolium,-49.68344400000,-22.38611100000
Zanthoxylum rhoifolium,-49.68338900000,-22.38583300000
Zanthoxylum rhoifolium,-49.68052800000,-22.38416700000
Zanthoxylum rhoifolium,-55.91667000000,-22.31667000000
Zanthoxylum rhoifolium,-42.53092127000,-22.28575032000
Zanthoxylum rhoifolium,-64.53333300000,-22.21666700000
Zanthoxylum rhoifolium,-64.53333300000,-22.20000000000
Zanthoxylum rhoifolium,-47.86666700000,-22.20000000000
Zanthoxylum rhoifolium,-52.66666700000,-22.17388900000
Zanthoxylum rhoifolium,-56.50000000000,-22.13333000000
Zanthoxylum rhoifolium,-56.48333000000,-22.10000000000
Zanthoxylum rhoifolium,-49.00000000000,-22.00000000000
Zanthoxylum rhoifolium,-42.05000000000,-22.00000000000
Zanthoxylum rhoifolium,-64.20361000000,-21.75194000000
Zanthoxylum rhoifolium,-63.53333000000,-21.75000000000
Zanthoxylum rhoifolium,-44.96188900000,-21.72839400000
Zanthoxylum rhoifolium,-44.96188900000,-21.72838900000
Zanthoxylum rhoifolium,-63.59000000000,-21.69000000000
Zanthoxylum rhoifolium,-63.60472200000,-21.68805600000
Zanthoxylum rhoifolium,-64.21666000000,-21.46666000000
Zanthoxylum rhoifolium,-64.28777800000,-21.41416700000
Zanthoxylum rhoifolium,-47.94383300000,-21.33368400000
Zanthoxylum rhoifolium,-47.93151400000,-21.30231600000
Zanthoxylum rhoifolium,-50.72890000000,-21.27361100000
Zanthoxylum rhoifolium,-50.72888900000,-21.27361100000
Zanthoxylum rhoifolium,-48.32021438000,-21.25382202000
Zanthoxylum rhoifolium,-63.39416700000,-21.21305600000
Zanthoxylum rhoifolium,-48.90720000000,-21.18580000000
Zanthoxylum rhoifolium,-56.43308000000,-21.18539000000
Zanthoxylum rhoifolium,-47.84140300000,-21.12305100000
Zanthoxylum rhoifolium,-44.00000000000,-21.00000000000
Zanthoxylum rhoifolium,-43.80640000000,-20.95360000000
Zanthoxylum rhoifolium,-41.70000000000,-20.88333300000
Zanthoxylum rhoifolium,-41.11280000000,-20.84890000000
Zanthoxylum rhoifolium,-42.85000000000,-20.80000000000
Zanthoxylum rhoifolium,-42.84722200000,-20.79555500000
Zanthoxylum rhoifolium,-42.86803100000,-20.76134300000
Zanthoxylum rhoifolium,-42.86803100000,-20.76134280000
Zanthoxylum rhoifolium,-42.88190000000,-20.75390000000
Zanthoxylum rhoifolium,-64.28333000000,-20.73333000000
Zanthoxylum rhoifolium,-42.52080000000,-20.66670000000
Zanthoxylum rhoifolium,-63.00000000000,-20.66666000000
Zanthoxylum rhoifolium,-41.90720000000,-20.65030000000
Zanthoxylum rhoifolium,-41.83878900000,-20.64318700000
Zanthoxylum rhoifolium,-46.51805600000,-20.50527800000
Zanthoxylum rhoifolium,-46.54027800000,-20.48888900000
Zanthoxylum rhoifolium,-50.05880600000,-20.45727800000
Zanthoxylum rhoifolium,-50.05861100000,-20.45572200000
Zanthoxylum rhoifolium,-41.09355600000,-20.40975000000
Zanthoxylum rhoifolium,-41.08108300000,-20.39822200000
Zanthoxylum rhoifolium,-41.07069400000,-20.39202800000
Zanthoxylum rhoifolium,-43.41610000000,-20.37780000000
Zanthoxylum rhoifolium,-64.00750000000,-20.36361100000
Zanthoxylum rhoifolium,-41.13470000000,-20.33970000000
Zanthoxylum rhoifolium,-43.95861100000,-20.33000000000
Zanthoxylum rhoifolium,-46.51666700000,-20.31666700000
Zanthoxylum rhoifolium,-40.83361100000,-20.28944400000
Zanthoxylum rhoifolium,-64.04666700000,-20.28861100000
Zanthoxylum rhoifolium,-43.50810000000,-20.28750000000
Zanthoxylum rhoifolium,-43.85388900000,-20.26722200000
Zanthoxylum rhoifolium,-46.35000000000,-20.26666700000
Zanthoxylum rhoifolium,-50.54066001000,-20.26409772000
Zanthoxylum rhoifolium,-43.80140000000,-20.25330000000
Zanthoxylum rhoifolium,-47.43333300000,-20.21666700000
Zanthoxylum rhoifolium,-43.43222200000,-20.19722200000
Zanthoxylum rhoifolium,-40.30750000000,-20.12861100000
Zanthoxylum rhoifolium,-40.54638900000,-20.12305600000
Zanthoxylum rhoifolium,-40.43222200000,-20.09388900000
Zanthoxylum rhoifolium,-44.05083300000,-20.07777800000
Zanthoxylum rhoifolium,-43.40750000000,-20.07470000000
Zanthoxylum rhoifolium,-64.00000000000,-20.00000000000
Zanthoxylum rhoifolium,-46.00000000000,-20.00000000000
Zanthoxylum rhoifolium,-40.53027800000,-19.97138900000
Zanthoxylum rhoifolium,-40.53970000000,-19.96440000000
Zanthoxylum rhoifolium,-43.90241400000,-19.95123300000
Zanthoxylum rhoifolium,-40.60028864000,-19.93961030000
Zanthoxylum rhoifolium,-40.61666700000,-19.93611100000
Zanthoxylum rhoifolium,-40.68694400000,-19.93222200000
Zanthoxylum rhoifolium,-40.80694400000,-19.91083300000
Zanthoxylum rhoifolium,-40.65222200000,-19.90861100000
Zanthoxylum rhoifolium,-40.55305600000,-19.90750000000
Zanthoxylum rhoifolium,-40.82611100000,-19.87444400000
Zanthoxylum rhoifolium,-44.04725000000,-19.85725000000
Zanthoxylum rhoifolium,-40.79333300000,-19.83388900000
Zanthoxylum rhoifolium,-43.72638900000,-19.83305000000
Zanthoxylum rhoifolium,-43.36220000000,-19.82610000000
Zanthoxylum rhoifolium,-44.05111100000,-19.82500000000
Zanthoxylum rhoifolium,-40.27330000000,-19.82030000000
Zanthoxylum rhoifolium,-42.13920000000,-19.78970000000
Zanthoxylum rhoifolium,-43.85160852000,-19.77350548000
Zanthoxylum rhoifolium,-63.23333000000,-19.75000000000
Zanthoxylum rhoifolium,-42.73220000000,-19.71220000000
Zanthoxylum rhoifolium,-46.42250000000,-19.68472200000
Zanthoxylum rhoifolium,-46.90504400000,-19.67446400000
Zanthoxylum rhoifolium,-43.76810000000,-19.57105600000
Zanthoxylum rhoifolium,-63.84333000000,-19.55861000000
Zanthoxylum rhoifolium,-43.74500000000,-19.51360000000
Zanthoxylum rhoifolium,-44.01516700000,-19.47719400000
Zanthoxylum rhoifolium,-44.01161100000,-19.47697200000
Zanthoxylum rhoifolium,-43.98755600000,-19.47327800000
Zanthoxylum rhoifolium,-43.96222200000,-19.46055600000
Zanthoxylum rhoifolium,-43.40075000000,-19.40113900000
Zanthoxylum rhoifolium,-40.07185301000,-19.39490022000
Zanthoxylum rhoifolium,-40.07220000000,-19.39110000000
Zanthoxylum rhoifolium,-40.07190000000,-19.39110000000
Zanthoxylum rhoifolium,-43.64019400000,-19.36050000000
Zanthoxylum rhoifolium,-44.19516700000,-19.35877800000
Zanthoxylum rhoifolium,-43.61666700000,-19.33333300000
Zanthoxylum rhoifolium,-40.82610000000,-19.32470000000
Zanthoxylum rhoifolium,-45.49797200000,-19.25761100000
Zanthoxylum rhoifolium,-45.49602800000,-19.25750000000
Zanthoxylum rhoifolium,-57.01666700000,-19.23333300000
Zanthoxylum rhoifolium,-43.71439852000,-19.17299459000
Zanthoxylum rhoifolium,-43.70000000000,-19.16666700000
Zanthoxylum rhoifolium,-64.03000000000,-18.98222200000
Zanthoxylum rhoifolium,-58.46555000000,-18.96500000000
Zanthoxylum rhoifolium,-43.79492700000,-18.96068300000
Zanthoxylum rhoifolium,-64.11083300000,-18.93083300000
Zanthoxylum rhoifolium,-56.71666700000,-18.91666700000
Zanthoxylum rhoifolium,-46.36666700000,-18.90000000000
Zanthoxylum rhoifolium,-63.95000000000,-18.86666000000
Zanthoxylum rhoifolium,-50.94238057000,-18.76706997000
Zanthoxylum rhoifolium,-51.21277800000,-18.70500000000
Zanthoxylum rhoifolium,-43.37940000000,-18.60470000000
Zanthoxylum rhoifolium,-40.98500000000,-18.56611100000
Zanthoxylum rhoifolium,-40.97861414000,-18.55068440000
Zanthoxylum rhoifolium,-63.81666700000,-18.55000000000
Zanthoxylum rhoifolium,-40.56003400000,-18.53599300000
Zanthoxylum rhoifolium,-51.99527800000,-18.43944400000
Zanthoxylum rhoifolium,-43.33000000000,-18.43000000000
Zanthoxylum rhoifolium,-63.91666000000,-18.41666000000
Zanthoxylum rhoifolium,-44.45664731000,-18.38457882000
Zanthoxylum rhoifolium,-43.70000000000,-18.38000000000
Zanthoxylum rhoifolium,-44.45250000000,-18.36675000000
Zanthoxylum rhoifolium,-59.58333000000,-18.33333000000
Zanthoxylum rhoifolium,-51.95000000000,-18.30000000000
Zanthoxylum rhoifolium,-63.68611100000,-18.24194400000
Zanthoxylum rhoifolium,-43.60083300000,-18.24015000000
Zanthoxylum rhoifolium,-54.63333300000,-18.20000000000
Zanthoxylum rhoifolium,-43.57675000000,-18.16335000000
Zanthoxylum rhoifolium,-63.82000000000,-18.15833300000
Zanthoxylum rhoifolium,-47.88027800000,-18.15138900000
Zanthoxylum rhoifolium,-63.81666000000,-18.15000000000
Zanthoxylum rhoifolium,-43.11472200000,-18.14944400000
Zanthoxylum rhoifolium,-63.81666000000,-18.13333000000
Zanthoxylum rhoifolium,-43.78330000000,-18.08330000000
Zanthoxylum rhoifolium,-51.18416700000,-18.06055600000
Zanthoxylum rhoifolium,-47.78961000000,-18.01337000000
Zanthoxylum rhoifolium,-63.25000000000,-17.97000000000
Zanthoxylum rhoifolium,-63.25000000000,-17.96666000000
Zanthoxylum rhoifolium,-63.44027800000,-17.91777800000
Zanthoxylum rhoifolium,-48.55000000000,-17.91667000000
Zanthoxylum rhoifolium,-48.53333000000,-17.91667000000
Zanthoxylum rhoifolium,-51.64555600000,-17.88611100000
Zanthoxylum rhoifolium,-64.77000000000,-17.80305000000
Zanthoxylum rhoifolium,-63.06700000000,-17.78300000000
Zanthoxylum rhoifolium,-63.07000000000,-17.76666700000
Zanthoxylum rhoifolium,-63.06666700000,-17.76666700000
Zanthoxylum rhoifolium,-63.06666000000,-17.76666000000
Zanthoxylum rhoifolium,-64.71472000000,-17.76416000000
Zanthoxylum rhoifolium,-44.17212746000,-17.76126709000
Zanthoxylum rhoifolium,-39.75444400000,-17.73527800000
Zanthoxylum rhoifolium,-48.15000000000,-17.71667000000
Zanthoxylum rhoifolium,-48.53333000000,-17.70000000000
Zanthoxylum rhoifolium,-48.48333000000,-17.70000000000
Zanthoxylum rhoifolium,-63.44416700000,-17.66555600000
Zanthoxylum rhoifolium,-41.99380600000,-17.64500000000
Zanthoxylum rhoifolium,-61.50000000000,-17.50000000000
Zanthoxylum rhoifolium,-46.77000000000,-17.28333300000
Zanthoxylum rhoifolium,-46.76666700000,-17.28333300000
Zanthoxylum rhoifolium,-46.87277800000,-17.22555000000
Zanthoxylum rhoifolium,-39.25000000000,-16.86666700000
Zanthoxylum rhoifolium,-43.86190561000,-16.73904698000
Zanthoxylum rhoifolium,-66.16722000000,-16.73638000000
Zanthoxylum rhoifolium,-64.43500000000,-16.72610000000
Zanthoxylum rhoifolium,-49.25388900000,-16.67861100000
Zanthoxylum rhoifolium,-61.86611000000,-16.59611000000
Zanthoxylum rhoifolium,-61.86666700000,-16.56666700000
Zanthoxylum rhoifolium,-62.43333000000,-16.56666000000
Zanthoxylum rhoifolium,-60.98888000000,-16.56638000000
Zanthoxylum rhoifolium,-61.83916000000,-16.54861000000
Zanthoxylum rhoifolium,-60.98166000000,-16.47583000000
Zanthoxylum rhoifolium,-41.17583300000,-16.47472200000
Zanthoxylum rhoifolium,-52.66666700000,-16.45000000000
Zanthoxylum rhoifolium,-39.05000000000,-16.43333300000
Zanthoxylum rhoifolium,-43.26790000000,-16.42880000000
Zanthoxylum rhoifolium,-49.54236100000,-16.42405600000
Zanthoxylum rhoifolium,-48.58416700000,-16.42361100000
Zanthoxylum rhoifolium,-39.13333300000,-16.38333300000
Zanthoxylum rhoifolium,-48.19361000000,-16.33694000000
Zanthoxylum rhoifolium,-48.19056000000,-16.33111000000
Zanthoxylum rhoifolium,-48.35750000000,-16.30111000000
Zanthoxylum rhoifolium,-48.18638800000,-16.26750000000
Zanthoxylum rhoifolium,-39.01666700000,-16.26666700000
Zanthoxylum rhoifolium,-48.16306000000,-16.24639000000
Zanthoxylum rhoifolium,-48.54277800000,-16.24566700000
Zanthoxylum rhoifolium,-48.72000000000,-16.24555600000
Zanthoxylum rhoifolium,-67.71666000000,-16.18333000000
Zanthoxylum rhoifolium,-67.72000000000,-16.18000000000
Zanthoxylum rhoifolium,-67.68333000000,-16.16666000000
Zanthoxylum rhoifolium,-48.58389000000,-16.14639000000
Zanthoxylum rhoifolium,-47.30444000000,-16.13417000000
Zanthoxylum rhoifolium,-48.63944400000,-16.12583000000
Zanthoxylum rhoifolium,-61.98333000000,-16.11944000000
Zanthoxylum rhoifolium,-48.58175000000,-16.07863900000
Zanthoxylum rhoifolium,-48.58000000000,-16.07861100000
Zanthoxylum rhoifolium,-47.07111100000,-16.06972200000
Zanthoxylum rhoifolium,-47.97000000000,-15.98333300000
Zanthoxylum rhoifolium,-47.94194400000,-15.95194400000
Zanthoxylum rhoifolium,-47.50057500000,-15.93480800000
Zanthoxylum rhoifolium,-48.84611100000,-15.93472200000
Zanthoxylum rhoifolium,-47.50055600000,-15.93472200000
Zanthoxylum rhoifolium,-47.50055500000,-15.93472200000
Zanthoxylum rhoifolium,-47.93000000000,-15.93333300000
Zanthoxylum rhoifolium,-47.91666700000,-15.93333300000
Zanthoxylum rhoifolium,-50.12000000000,-15.90000000000
Zanthoxylum rhoifolium,-50.11666700000,-15.90000000000
Zanthoxylum rhoifolium,-50.11666000000,-15.90000000000
Zanthoxylum rhoifolium,-47.85622200000,-15.87531900000
Zanthoxylum rhoifolium,-47.91670000000,-15.87367000000
Zanthoxylum rhoifolium,-47.85000000000,-15.86667000000
Zanthoxylum rhoifolium,-47.85000000000,-15.86666700000
Zanthoxylum rhoifolium,-48.01666600000,-15.86666600000
Zanthoxylum rhoifolium,-47.81666700000,-15.85000000000
Zanthoxylum rhoifolium,-47.81556000000,-15.81833000000
Zanthoxylum rhoifolium,-49.02416700000,-15.80027800000
Zanthoxylum rhoifolium,-47.92987267000,-15.78342081000
Zanthoxylum rhoifolium,-47.68338000000,-15.78330000000
Zanthoxylum rhoifolium,-47.63916700000,-15.76027800000
Zanthoxylum rhoifolium,-47.63916600000,-15.76027700000
Zanthoxylum rhoifolium,-68.01000000000,-15.75000000000
Zanthoxylum rhoifolium,-47.58527700000,-15.74833300000
Zanthoxylum rhoifolium,-47.92888900000,-15.73527800000
Zanthoxylum rhoifolium,-47.92888800000,-15.73527700000
Zanthoxylum rhoifolium,-47.92666700000,-15.73166700000
Zanthoxylum rhoifolium,-41.15000000000,-15.73000000000
Zanthoxylum rhoifolium,-47.66070000000,-15.72725000000
Zanthoxylum rhoifolium,-47.93333300000,-15.71666700000
Zanthoxylum rhoifolium,-47.93000000000,-15.71666700000
Zanthoxylum rhoifolium,-41.15972200000,-15.70638900000
Zanthoxylum rhoifolium,-41.32355600000,-15.68272200000
Zanthoxylum rhoifolium,-48.71556000000,-15.64028000000
Zanthoxylum rhoifolium,-48.71555600000,-15.64027800000
Zanthoxylum rhoifolium,-57.23441700000,-15.63344400000
Zanthoxylum rhoifolium,-47.70000000000,-15.63000000000
Zanthoxylum rhoifolium,-47.95250000000,-15.59917000000
Zanthoxylum rhoifolium,-57.22969400000,-15.59836100000
Zanthoxylum rhoifolium,-47.88638900000,-15.59222200000
Zanthoxylum rhoifolium,-47.88639000000,-15.59222000000
Zanthoxylum rhoifolium,-47.59138900000,-15.59055500000
Zanthoxylum rhoifolium,-55.72000000000,-15.53250000000
Zanthoxylum rhoifolium,-48.18055600000,-15.52194400000
Zanthoxylum rhoifolium,-48.18000000000,-15.52194400000
Zanthoxylum rhoifolium,-48.17000000000,-15.51666700000
Zanthoxylum rhoifolium,-48.16666700000,-15.51666700000
Zanthoxylum rhoifolium,-47.03333300000,-15.43333300000
Zanthoxylum rhoifolium,-39.56530000000,-15.39170000000
Zanthoxylum rhoifolium,-39.56527800000,-15.39166700000
Zanthoxylum rhoifolium,-48.63000000000,-15.35000000000
Zanthoxylum rhoifolium,-47.10261000000,-15.30964000000
Zanthoxylum rhoifolium,-39.07518826000,-15.29701777000
Zanthoxylum rhoifolium,-61.50000000000,-15.23333300000
Zanthoxylum rhoifolium,-61.50000000000,-15.23333000000
Zanthoxylum rhoifolium,-68.76111000000,-15.22750000000
Zanthoxylum rhoifolium,-68.76166000000,-15.22666000000
Zanthoxylum rhoifolium,-61.50000000000,-15.22000000000
Zanthoxylum rhoifolium,-39.52888900000,-15.15861100000
Zanthoxylum rhoifolium,-60.99138000000,-15.15555000000
Zanthoxylum rhoifolium,-39.53277800000,-15.11611100000
Zanthoxylum rhoifolium,-39.51805600000,-15.11611100000
Zanthoxylum rhoifolium,-39.53278000000,-15.11611000000
Zanthoxylum rhoifolium,-39.53280000000,-15.11610000000
Zanthoxylum rhoifolium,-59.95184123000,-15.01195921000
Zanthoxylum rhoifolium,-42.42916700000,-14.77500000000
Zanthoxylum rhoifolium,-61.02666000000,-14.74944000000
Zanthoxylum rhoifolium,-47.50044226000,-14.73369947000
Zanthoxylum rhoifolium,-61.01666700000,-14.73333300000
Zanthoxylum rhoifolium,-47.53330000000,-14.72711000000
Zanthoxylum rhoifolium,-61.02000000000,-14.72000000000
Zanthoxylum rhoifolium,-42.51388900000,-14.71944400000
Zanthoxylum rhoifolium,-61.17472000000,-14.70833000000
Zanthoxylum rhoifolium,-61.16027800000,-14.70500000000
Zanthoxylum rhoifolium,-61.16027000000,-14.70500000000
Zanthoxylum rhoifolium,-61.16666700000,-14.70000000000
Zanthoxylum rhoifolium,-61.17055000000,-14.69083000000
Zanthoxylum rhoifolium,-60.83333000000,-14.61666000000
Zanthoxylum rhoifolium,-42.46638900000,-14.56972200000
Zanthoxylum rhoifolium,-61.49777000000,-14.54305000000
Zanthoxylum rhoifolium,-61.49222200000,-14.53166700000
Zanthoxylum rhoifolium,-39.15750000000,-14.52333300000
Zanthoxylum rhoifolium,-42.19972200000,-14.51166700000
Zanthoxylum rhoifolium,-42.52694400000,-14.45527800000
Zanthoxylum rhoifolium,-42.52500000000,-14.45138900000
Zanthoxylum rhoifolium,-39.08333300000,-14.41666700000
Zanthoxylum rhoifolium,-65.10000000000,-14.36666700000
Zanthoxylum rhoifolium,-42.53722200000,-14.35055600000
Zanthoxylum rhoifolium,-49.03111100000,-14.34194400000
Zanthoxylum rhoifolium,-42.54222200000,-14.31500000000
Zanthoxylum rhoifolium,-43.80944400000,-14.31277800000
Zanthoxylum rhoifolium,-43.27388900000,-14.25861100000
Zanthoxylum rhoifolium,-66.61666700000,-14.20000000000
Zanthoxylum rhoifolium,-39.70944400000,-14.18166700000
Zanthoxylum rhoifolium,-47.61027800000,-14.17444400000
Zanthoxylum rhoifolium,-39.72222200000,-14.16722200000
Zanthoxylum rhoifolium,-47.51014171000,-14.13618640000
Zanthoxylum rhoifolium,-42.48333300000,-14.13333300000
Zanthoxylum rhoifolium,-42.48000000000,-14.13000000000
Zanthoxylum rhoifolium,-42.50416700000,-14.12972200000
Zanthoxylum rhoifolium,-47.52596000000,-14.11670000000
Zanthoxylum rhoifolium,-47.51030000000,-14.11030000000
Zanthoxylum rhoifolium,-42.63666700000,-14.06750000000
Zanthoxylum rhoifolium,-42.46666700000,-14.06666700000
Zanthoxylum rhoifolium,-42.01805600000,-14.02083300000
Zanthoxylum rhoifolium,-42.50861100000,-14.01861100000
Zanthoxylum rhoifolium,-65.50000000000,-14.00000000000
Zanthoxylum rhoifolium,-47.00000000000,-14.00000000000
Zanthoxylum rhoifolium,-42.20750000000,-13.99305600000
Zanthoxylum rhoifolium,-40.75155600000,-13.88750000000
Zanthoxylum rhoifolium,-47.57869400000,-13.84672200000
Zanthoxylum rhoifolium,-48.36666600000,-13.75000000000
Zanthoxylum rhoifolium,-42.34666700000,-13.73166700000
Zanthoxylum rhoifolium,-42.01666700000,-13.70000000000
Zanthoxylum rhoifolium,-42.28333300000,-13.66666700000
Zanthoxylum rhoifolium,-62.54527800000,-13.64361100000
Zanthoxylum rhoifolium,-47.68911100000,-13.62975000000
Zanthoxylum rhoifolium,-47.68916700000,-13.62972200000
Zanthoxylum rhoifolium,-41.76222200000,-13.62194400000
Zanthoxylum rhoifolium,-41.76220000000,-13.62190000000
Zanthoxylum rhoifolium,-41.76416700000,-13.62055600000
Zanthoxylum rhoifolium,-41.76500000000,-13.62027800000
Zanthoxylum rhoifolium,-41.76416700000,-13.62027800000
Zanthoxylum rhoifolium,-41.80000000000,-13.58333300000
Zanthoxylum rhoifolium,-41.81146835000,-13.58287988000
Zanthoxylum rhoifolium,-40.44522200000,-13.54166700000
Zanthoxylum rhoifolium,-41.93333300000,-13.53333300000
Zanthoxylum rhoifolium,-41.93000000000,-13.53000000000
Zanthoxylum rhoifolium,-41.87708500000,-13.51733800000
Zanthoxylum rhoifolium,-41.98333300000,-13.50000000000
Zanthoxylum rhoifolium,-41.98333000000,-13.50000000000
Zanthoxylum rhoifolium,-41.98000000000,-13.50000000000
Zanthoxylum rhoifolium,-41.83000000000,-13.47000000000
Zanthoxylum rhoifolium,-41.83333000000,-13.46667000000
Zanthoxylum rhoifolium,-41.83333300000,-13.46666700000
Zanthoxylum rhoifolium,-41.83333000000,-13.46666000000
Zanthoxylum rhoifolium,-41.84414700000,-13.44288100000
Zanthoxylum rhoifolium,-39.81333300000,-13.40777800000
Zanthoxylum rhoifolium,-41.82000000000,-13.37000000000
Zanthoxylum rhoifolium,-41.81666700000,-13.36666700000
Zanthoxylum rhoifolium,-41.85000000000,-13.33333300000
Zanthoxylum rhoifolium,-41.85000000000,-13.33000000000
Zanthoxylum rhoifolium,-41.79861100000,-13.32000000000
Zanthoxylum rhoifolium,-40.26428000000,-13.31900000000
Zanthoxylum rhoifolium,-41.86583300000,-13.30416700000
Zanthoxylum rhoifolium,-41.86666700000,-13.30000000000
Zanthoxylum rhoifolium,-41.78333300000,-13.30000000000
Zanthoxylum rhoifolium,-41.78000000000,-13.30000000000
Zanthoxylum rhoifolium,-41.35777800000,-13.29444400000
Zanthoxylum rhoifolium,-40.95081196000,-13.28947325000
Zanthoxylum rhoifolium,-41.72194400000,-13.28527800000
Zanthoxylum rhoifolium,-41.88777800000,-13.28472200000
Zanthoxylum rhoifolium,-41.35777800000,-13.28444400000
Zanthoxylum rhoifolium,-41.85000000000,-13.28333300000
Zanthoxylum rhoifolium,-41.85000000000,-13.28333000000
Zanthoxylum rhoifolium,-41.85000000000,-13.28000000000
Zanthoxylum rhoifolium,-41.83000000000,-13.27000000000
Zanthoxylum rhoifolium,-41.73888900000,-13.26694400000
Zanthoxylum rhoifolium,-41.73861100000,-13.26694400000
Zanthoxylum rhoifolium,-41.83333300000,-13.26666700000
Zanthoxylum rhoifolium,-41.66000000000,-13.25000000000
Zanthoxylum rhoifolium,-41.75000000000,-13.23333300000
Zanthoxylum rhoifolium,-41.66666700000,-13.23333300000
Zanthoxylum rhoifolium,-41.67000000000,-13.23000000000
Zanthoxylum rhoifolium,-39.15944400000,-13.17222200000
Zanthoxylum rhoifolium,-41.42361100000,-13.16055600000
Zanthoxylum rhoifolium,-41.76777800000,-13.15444400000
Zanthoxylum rhoifolium,-41.78000000000,-13.15000000000
Zanthoxylum rhoifolium,-41.69972200000,-13.12194400000
Zanthoxylum rhoifolium,-42.78972200000,-13.08611100000
Zanthoxylum rhoifolium,-67.25000000000,-13.08333300000
Zanthoxylum rhoifolium,-67.25000000000,-13.08333000000
Zanthoxylum rhoifolium,-41.81833300000,-13.06666700000
Zanthoxylum rhoifolium,-41.84305600000,-13.06444400000
Zanthoxylum rhoifolium,-41.82944400000,-13.06416700000
Zanthoxylum rhoifolium,-41.82944400000,-13.05861100000
Zanthoxylum rhoifolium,-64.66805600000,-13.04138900000
Zanthoxylum rhoifolium,-42.69842615000,-13.02306658000
Zanthoxylum rhoifolium,-41.38333300000,-13.00000000000
Zanthoxylum rhoifolium,-41.36666700000,-13.00000000000
Zanthoxylum rhoifolium,-38.50000000000,-12.96666700000
Zanthoxylum rhoifolium,-39.89944400000,-12.93388900000
Zanthoxylum rhoifolium,-38.42722200000,-12.92722200000
Zanthoxylum rhoifolium,-41.20000000000,-12.85000000000
Zanthoxylum rhoifolium,-39.46666700000,-12.85000000000
Zanthoxylum rhoifolium,-73.15277000000,-12.84166000000
Zanthoxylum rhoifolium,-48.23861100000,-12.83027700000
Zanthoxylum rhoifolium,-39.76666700000,-12.81666700000
Zanthoxylum rhoifolium,-48.20305500000,-12.81277700000
Zanthoxylum rhoifolium,-72.66666700000,-12.78333300000
Zanthoxylum rhoifolium,-43.18750000000,-12.77277800000
Zanthoxylum rhoifolium,-39.51666700000,-12.76666700000
Zanthoxylum rhoifolium,-39.70000000000,-12.71666700000
Zanthoxylum rhoifolium,-39.10666700000,-12.70555600000
Zanthoxylum rhoifolium,-39.76666700000,-12.70000000000
Zanthoxylum rhoifolium,-38.31666700000,-12.68333300000
Zanthoxylum rhoifolium,-41.48333300000,-12.63333300000
Zanthoxylum rhoifolium,-72.39694000000,-12.61777000000
Zanthoxylum rhoifolium,-69.07861000000,-12.61250000000
Zanthoxylum rhoifolium,-69.05000000000,-12.58333000000
Zanthoxylum rhoifolium,-41.41111100000,-12.55638900000
Zanthoxylum rhoifolium,-38.38222200000,-12.55638900000
Zanthoxylum rhoifolium,-41.43333300000,-12.55000000000
Zanthoxylum rhoifolium,-38.38333300000,-12.55000000000
Zanthoxylum rhoifolium,-41.55895159000,-12.53285541000
Zanthoxylum rhoifolium,-40.08305600000,-12.50111100000
Zanthoxylum rhoifolium,-40.40000000000,-12.50000000000
Zanthoxylum rhoifolium,-40.08222200000,-12.49944400000
Zanthoxylum rhoifolium,-41.46888900000,-12.46305600000
Zanthoxylum rhoifolium,-41.42111100000,-12.46138900000
Zanthoxylum rhoifolium,-41.46666700000,-12.45277800000
Zanthoxylum rhoifolium,-72.95416000000,-12.45138000000
Zanthoxylum rhoifolium,-41.68333300000,-12.45000000000
Zanthoxylum rhoifolium,-41.46666700000,-12.45000000000
Zanthoxylum rhoifolium,-41.45305600000,-12.43027800000
Zanthoxylum rhoifolium,-41.50527800000,-12.42888900000
Zanthoxylum rhoifolium,-41.49166700000,-12.42861100000
Zanthoxylum rhoifolium,-41.47833300000,-12.42694400000
Zanthoxylum rhoifolium,-41.47805600000,-12.42416700000
Zanthoxylum rhoifolium,-41.77036536000,-12.42225272000
Zanthoxylum rhoifolium,-64.23333300000,-12.41666700000
Zanthoxylum rhoifolium,-64.23000000000,-12.41666700000
Zanthoxylum rhoifolium,-41.48333300000,-12.41666700000
Zanthoxylum rhoifolium,-41.46666700000,-12.41666700000
Zanthoxylum rhoifolium,-40.49055600000,-12.31861100000
Zanthoxylum rhoifolium,-41.24694400000,-12.26388900000
Zanthoxylum rhoifolium,-41.24694400000,-12.25138900000
Zanthoxylum rhoifolium,-44.98333300000,-12.15000000000
Zanthoxylum rhoifolium,-41.31388900000,-12.13194400000
Zanthoxylum rhoifolium,-37.80000000000,-12.07416700000
Zanthoxylum rhoifolium,-48.00000000000,-12.00000000000
Zanthoxylum rhoifolium,-41.35388900000,-11.98527800000
Zanthoxylum rhoifolium,-44.95000000000,-11.96666700000
Zanthoxylum rhoifolium,-41.30444400000,-11.82833300000
Zanthoxylum rhoifolium,-42.05000000000,-11.80000000000
Zanthoxylum rhoifolium,-72.86830000000,-11.78150000000
Zanthoxylum rhoifolium,-41.14194400000,-11.76166700000
Zanthoxylum rhoifolium,-66.03333000000,-11.75000000000
Zanthoxylum rhoifolium,-41.13333300000,-11.75000000000
Zanthoxylum rhoifolium,-41.05527800000,-11.74944400000
Zanthoxylum rhoifolium,-41.15362800000,-11.61416900000
Zanthoxylum rhoifolium,-41.01666700000,-11.60000000000
Zanthoxylum rhoifolium,-41.20805600000,-11.59138900000
Zanthoxylum rhoifolium,-41.20750000000,-11.59111100000
Zanthoxylum rhoifolium,-41.20666700000,-11.59111100000
Zanthoxylum rhoifolium,-40.52333300000,-11.45222200000
Zanthoxylum rhoifolium,-41.19388900000,-11.43833300000
Zanthoxylum rhoifolium,-40.58305600000,-11.38111100000
Zanthoxylum rhoifolium,-37.65777800000,-11.37388900000
Zanthoxylum rhoifolium,-37.84055600000,-11.37333300000
Zanthoxylum rhoifolium,-45.24972200000,-11.28333300000
Zanthoxylum rhoifolium,-37.43805600000,-11.26861100000
Zanthoxylum rhoifolium,-41.90444400000,-11.20972200000
Zanthoxylum rhoifolium,-41.90444400000,-11.20111100000
Zanthoxylum rhoifolium,-40.51808377000,-11.18442263000
Zanthoxylum rhoifolium,-40.40000000000,-11.15000000000
Zanthoxylum rhoifolium,-64.07285600000,-11.08502700000
Zanthoxylum rhoifolium,-45.01527800000,-11.03055600000
Zanthoxylum rhoifolium,-45.24972200000,-11.01861100000
Zanthoxylum rhoifolium,-42.00000000000,-11.00000000000
Zanthoxylum rhoifolium,-44.95000000000,-10.96666700000
Zanthoxylum rhoifolium,-37.65000000000,-10.91805600000
Zanthoxylum rhoifolium,-40.36527800000,-10.90055600000
Zanthoxylum rhoifolium,-40.35000000000,-10.90000000000
Zanthoxylum rhoifolium,-52.87310000000,-10.83390000000
Zanthoxylum rhoifolium,-53.08982000000,-10.77310900000
Zanthoxylum rhoifolium,-37.31500000000,-10.75805600000
Zanthoxylum rhoifolium,-74.38333000000,-10.75000000000
Zanthoxylum rhoifolium,-39.80000000000,-10.72000000000
Zanthoxylum rhoifolium,-39.80000000000,-10.71666700000
Zanthoxylum rhoifolium,-64.92000000000,-10.66666700000
Zanthoxylum rhoifolium,-64.91666700000,-10.66666700000
Zanthoxylum rhoifolium,-66.68333000000,-10.66666000000
Zanthoxylum rhoifolium,-64.91666000000,-10.66666000000
Zanthoxylum rhoifolium,-37.30444400000,-10.65805600000
Zanthoxylum rhoifolium,-68.50592808000,-10.65543132000
Zanthoxylum rhoifolium,-37.19388900000,-10.64666700000
Zanthoxylum rhoifolium,-36.94000000000,-10.59333300000
Zanthoxylum rhoifolium,-63.62000000000,-10.56666700000
Zanthoxylum rhoifolium,-63.61666700000,-10.56666700000
Zanthoxylum rhoifolium,-36.79944400000,-10.54805600000
Zanthoxylum rhoifolium,-36.79944400000,-10.54800000000
Zanthoxylum rhoifolium,-37.05466700000,-10.53686100000
Zanthoxylum rhoifolium,-37.06333300000,-10.53611100000
Zanthoxylum rhoifolium,-67.75000000000,-10.50000000000
Zanthoxylum rhoifolium,-37.19305600000,-10.49194400000
Zanthoxylum rhoifolium,-39.31666700000,-10.43333300000
Zanthoxylum rhoifolium,-40.21000000000,-10.40444400000
Zanthoxylum rhoifolium,-40.21000000000,-10.40440000000
Zanthoxylum rhoifolium,-40.21000000000,-10.40280000000
Zanthoxylum rhoifolium,-40.21000000000,-10.40277800000
Zanthoxylum rhoifolium,-40.25140000000,-10.40060000000
Zanthoxylum rhoifolium,-40.25138900000,-10.40055600000
Zanthoxylum rhoifolium,-55.75972200000,-10.33138900000
Zanthoxylum rhoifolium,-55.81388900000,-10.18750000000
Zanthoxylum rhoifolium,-62.82781700000,-10.17475200000
Zanthoxylum rhoifolium,-37.58841700000,-10.15930600000
Zanthoxylum rhoifolium,-36.22388900000,-10.07166700000
Zanthoxylum rhoifolium,-54.93370693000,-10.06107459000
Zanthoxylum rhoifolium,-75.55000000000,-10.05000000000
Zanthoxylum rhoifolium,-67.63059100000,-10.03451400000
Zanthoxylum rhoifolium,-63.33000000000,-10.03333300000
Zanthoxylum rhoifolium,-63.33333000000,-10.03333000000
Zanthoxylum rhoifolium,-63.33000000000,-10.03000000000
Zanthoxylum rhoifolium,-42.86780000000,-10.02690000000
Zanthoxylum rhoifolium,-38.43305600000,-10.00416700000
Zanthoxylum rhoifolium,-62.98333300000,-10.00000000000
Zanthoxylum rhoifolium,-62.98333000000,-10.00000000000
Zanthoxylum rhoifolium,-62.98000000000,-10.00000000000
Zanthoxylum rhoifolium,-67.09027800000,-9.95805600000
Zanthoxylum rhoifolium,-63.04200405000,-9.91684317400
Zanthoxylum rhoifolium,-36.42833300000,-9.87666700000
Zanthoxylum rhoifolium,-67.95359196000,-9.83431893300
Zanthoxylum rhoifolium,-37.68416700000,-9.80527800000
Zanthoxylum rhoifolium,-67.67194400000,-9.75055600000
Zanthoxylum rhoifolium,-55.91555600000,-9.58055600000
Zanthoxylum rhoifolium,-55.91000000000,-9.58000000000
Zanthoxylum rhoifolium,-55.82000000000,-9.49000000000
Zanthoxylum rhoifolium,-55.81983000000,-9.48530800000
Zanthoxylum rhoifolium,-49.94361100000,-9.34750000000
Zanthoxylum rhoifolium,-56.82083300000,-9.33916700000
Zanthoxylum rhoifolium,-56.78250000000,-9.33722200000
Zanthoxylum rhoifolium,-56.79222200000,-9.32222200000
Zanthoxylum rhoifolium,-67.17140000000,-9.28530000000
Zanthoxylum rhoifolium,-67.17138000000,-9.28527000000
Zanthoxylum rhoifolium,-36.43055600000,-9.25444400000
Zanthoxylum rhoifolium,-36.43060000000,-9.25440000000
Zanthoxylum rhoifolium,-36.41667000000,-9.25000000000
Zanthoxylum rhoifolium,-74.14000000000,-9.18390000000
Zanthoxylum rhoifolium,-36.25500000000,-9.15160000000
Zanthoxylum rhoifolium,-62.17000000000,-9.12000000000
Zanthoxylum rhoifolium,-36.78705600000,-9.01002800000
Zanthoxylum rhoifolium,-55.00000000000,-9.00000000000
Zanthoxylum rhoifolium,-37.82371028000,-8.90546285100
Zanthoxylum rhoifolium,-63.90535077000,-8.76545482600
Zanthoxylum rhoifolium,-35.13127800000,-8.73850000000
Zanthoxylum rhoifolium,-38.03333300000,-8.70000000000
Zanthoxylum rhoifolium,-37.01027800000,-8.43250000000
Zanthoxylum rhoifolium,-35.84394400000,-8.38194400000
Zanthoxylum rhoifolium,-35.84388900000,-8.38194400000
Zanthoxylum rhoifolium,-35.50382000000,-8.22550000000
Zanthoxylum rhoifolium,-36.38333300000,-8.20750000000
Zanthoxylum rhoifolium,-36.40412000000,-8.05453000000
Zanthoxylum rhoifolium,-50.17000000000,-8.05000000000
Zanthoxylum rhoifolium,-38.10138900000,-7.83833300000
Zanthoxylum rhoifolium,-35.00277800000,-7.83750000000
Zanthoxylum rhoifolium,-35.00000000000,-7.83750000000
Zanthoxylum rhoifolium,-35.07761100000,-7.80944400000
Zanthoxylum rhoifolium,-37.19580000000,-7.50310000000
Zanthoxylum rhoifolium,-46.83333300000,-7.50000000000
Zanthoxylum rhoifolium,-47.46111100000,-7.47666700000
Zanthoxylum rhoifolium,-36.92666700000,-7.47250000000
Zanthoxylum rhoifolium,-39.33316700000,-7.39830600000
Zanthoxylum rhoifolium,-39.39444400000,-7.34741700000
Zanthoxylum rhoifolium,-36.53200000000,-7.28300000000
Zanthoxylum rhoifolium,-37.38461100000,-7.25311100000
Zanthoxylum rhoifolium,-44.56098500000,-7.25136400000
Zanthoxylum rhoifolium,-44.53333300000,-7.25000000000
Zanthoxylum rhoifolium,-48.22000000000,-7.22000000000
Zanthoxylum rhoifolium,-52.58545900000,-7.20400300000
Zanthoxylum rhoifolium,-37.43138900000,-7.18611100000
Zanthoxylum rhoifolium,-37.43139000000,-7.18611000000
Zanthoxylum rhoifolium,-37.43138000000,-7.18611000000
Zanthoxylum rhoifolium,-37.22580000000,-7.15060000000
Zanthoxylum rhoifolium,-35.01310000000,-7.13300000000
Zanthoxylum rhoifolium,-37.25530000000,-7.11100000000
Zanthoxylum rhoifolium,-37.25830000000,-7.11000000000
Zanthoxylum rhoifolium,-42.06898300000,-7.01158300000
Zanthoxylum rhoifolium,-35.69138900000,-6.96333300000
Zanthoxylum rhoifolium,-46.92861100000,-6.90472200000
Zanthoxylum rhoifolium,-44.64374700000,-6.81280300000
Zanthoxylum rhoifolium,-46.59944400000,-6.78805500000
Zanthoxylum rhoifolium,-47.46833300000,-6.60000000000
Zanthoxylum rhoifolium,-50.32194400000,-6.46055600000
Zanthoxylum rhoifolium,-48.57194400000,-6.39888900000
Zanthoxylum rhoifolium,-48.57194400000,-6.39878300000
Zanthoxylum rhoifolium,-76.38388000000,-6.39722000000
Zanthoxylum rhoifolium,-41.65000000000,-6.20000000000
Zanthoxylum rhoifolium,-76.99277000000,-6.02555000000
Zanthoxylum rhoifolium,-43.83349616000,-5.84067642400
Zanthoxylum rhoifolium,-46.13864332000,-5.82287479500
Zanthoxylum rhoifolium,-49.21666700000,-5.61666700000
Zanthoxylum rhoifolium,-45.12000000000,-5.42000000000
Zanthoxylum rhoifolium,-45.11666700000,-5.41666700000
Zanthoxylum rhoifolium,-78.93333000000,-5.18333000000
Zanthoxylum rhoifolium,-78.93000000000,-5.18000000000
Zanthoxylum rhoifolium,-79.23333000000,-4.98333000000
Zanthoxylum rhoifolium,-79.10000000000,-4.98333000000
Zanthoxylum rhoifolium,-79.17500000000,-4.97500000000
Zanthoxylum rhoifolium,-44.51194400000,-4.77408300000
Zanthoxylum rhoifolium,-52.63537500000,-4.61386500000
Zanthoxylum rhoifolium,-46.67053300000,-4.54602800000
Zanthoxylum rhoifolium,-47.53850300000,-4.43644200000
Zanthoxylum rhoifolium,-38.93305600000,-4.29716700000
Zanthoxylum rhoifolium,-38.94670000000,-4.29170000000
Zanthoxylum rhoifolium,-38.94666700000,-4.29166700000
Zanthoxylum rhoifolium,-38.93180600000,-4.23194400000
Zanthoxylum rhoifolium,-79.95166000000,-4.09361000000
Zanthoxylum rhoifolium,-49.83434100000,-4.08438900000
Zanthoxylum rhoifolium,-49.35000000000,-4.01666700000
Zanthoxylum rhoifolium,-49.35000000000,-4.01666000000
Zanthoxylum rhoifolium,-40.89966700000,-3.91588900000
Zanthoxylum rhoifolium,-73.77583000000,-3.90111000000
Zanthoxylum rhoifolium,-40.94555600000,-3.83611100000
Zanthoxylum rhoifolium,-38.48611100000,-3.79861100000
Zanthoxylum rhoifolium,-60.37042695000,-3.77169955500
Zanthoxylum rhoifolium,-46.08333300000,-3.76388900000
Zanthoxylum rhoifolium,-46.08000000000,-3.75000000000
Zanthoxylum rhoifolium,-78.56666000000,-3.48333000000
Zanthoxylum rhoifolium,-52.20712488000,-3.20669144100
Zanthoxylum rhoifolium,-59.87777800000,-3.12500000000
Zanthoxylum rhoifolium,-60.02620539000,-3.10532112800
Zanthoxylum rhoifolium,-60.03333300000,-3.08333300000
Zanthoxylum rhoifolium,-59.99530800000,-3.06732400000
Zanthoxylum rhoifolium,-59.97000000000,-2.88333300000
Zanthoxylum rhoifolium,-59.96666700000,-2.88333300000
Zanthoxylum rhoifolium,-59.96666000000,-2.88333000000
Zanthoxylum rhoifolium,-44.27611100000,-2.59991700000
Zanthoxylum rhoifolium,-47.49611100000,-2.55861100000
Zanthoxylum rhoifolium,-48.00102800000,-2.55852800000
Zanthoxylum rhoifolium,-47.85000000000,-1.92222200000
Zanthoxylum rhoifolium,-48.83305600000,-1.75000000000
Zanthoxylum rhoifolium,-48.70105600000,-1.53902800000
Zanthoxylum rhoifolium,-48.70027800000,-1.48833300000
Zanthoxylum rhoifolium,-48.48000000000,-1.45000000000
Zanthoxylum rhoifolium,-48.44475000000,-1.43809800000
Zanthoxylum rhoifolium,-47.11672500000,-0.95877200000
Zanthoxylum rhoifolium,-61.45376600000,-0.64735100000
Zanthoxylum rhoifolium,-72.11254000000,-0.55958000000
Zanthoxylum rhoifolium,-72.11125000000,-0.55958000000
Zanthoxylum rhoifolium,-65.02069904000,-0.41718856100
Zanthoxylum rhoifolium,-50.88333300000,0.61666700000
Zanthoxylum rhoifolium,-51.85546900000,1.51593600000
Zanthoxylum rhoifolium,-74.57361100000,2.34862800000
Zanthoxylum rhoifolium,-56.78890000000,2.35533000000
Zanthoxylum rhoifolium,-56.78888900000,2.35533300000
Zanthoxylum rhoifolium,-64.66666700000,3.06666700000
Zanthoxylum rhoifolium,-76.58744400000,3.11338900000
Zanthoxylum rhoifolium,-76.19878000000,3.30283200000
Zanthoxylum rhoifolium,-75.35836100000,3.34041700000
Zanthoxylum rhoifolium,-76.52986700000,3.34153100000
Zanthoxylum rhoifolium,-76.16725000000,3.55502800000
Zanthoxylum rhoifolium,-53.21000000000,3.61000000000
Zanthoxylum rhoifolium,-53.20000000000,3.61000000000
Zanthoxylum rhoifolium,-74.97813900000,3.66919400000
Zanthoxylum rhoifolium,-76.50400000000,3.76319400000
Zanthoxylum rhoifolium,-76.50611100000,3.76872200000
Zanthoxylum rhoifolium,-76.73906400000,3.77898900000
Zanthoxylum rhoifolium,-76.29491300000,3.83532800000
Zanthoxylum rhoifolium,-76.29519400000,3.83619400000
Zanthoxylum rhoifolium,-52.97080000000,3.85580000000
Zanthoxylum rhoifolium,-72.86670000000,3.88110000000
Zanthoxylum rhoifolium,-53.24111000000,3.92472000000
Zanthoxylum rhoifolium,-76.18361100000,3.97525000000
Zanthoxylum rhoifolium,-76.15916700000,4.02861100000
Zanthoxylum rhoifolium,-76.16666000000,4.03333000000
Zanthoxylum rhoifolium,-73.26667000000,4.05000000000
Zanthoxylum rhoifolium,-55.62500000000,4.10060000000
Zanthoxylum rhoifolium,-76.38000000000,4.11670000000
Zanthoxylum rhoifolium,-75.39138900000,4.14055600000
Zanthoxylum rhoifolium,-76.35000000000,4.15000000000
Zanthoxylum rhoifolium,-76.21666000000,4.16666000000
Zanthoxylum rhoifolium,-51.73333000000,4.16944000000
Zanthoxylum rhoifolium,-76.05675100000,4.19988400000
Zanthoxylum rhoifolium,-76.23888900000,4.20555600000
Zanthoxylum rhoifolium,-76.17616100000,4.32174700000
Zanthoxylum rhoifolium,-74.77783300000,4.53337200000
Zanthoxylum rhoifolium,-74.80016700000,4.55538900000
Zanthoxylum rhoifolium,-75.81666700000,4.56666700000
Zanthoxylum rhoifolium,-75.72071700000,4.57723300000
Zanthoxylum rhoifolium,-76.06250000000,4.65970000000
Zanthoxylum rhoifolium,-76.10436100000,4.72938900000
Zanthoxylum rhoifolium,-56.90527800000,4.75555600000
Zanthoxylum rhoifolium,-76.23385200000,4.76006200000
Zanthoxylum rhoifolium,-52.46000000000,4.78000000000
Zanthoxylum rhoifolium,-70.27521700000,4.83565000000
Zanthoxylum rhoifolium,-75.88391400000,4.85500800000
Zanthoxylum rhoifolium,-52.28333000000,4.88333000000
Zanthoxylum rhoifolium,-52.30000000000,4.88333300000
Zanthoxylum rhoifolium,-52.33000000000,4.93000000000
Zanthoxylum rhoifolium,-75.79483700000,4.95067800000
Zanthoxylum rhoifolium,-59.00000000000,5.00000000000
Zanthoxylum rhoifolium,-75.56622500000,5.31076600000
Zanthoxylum rhoifolium,-75.60468400000,5.33723600000
Zanthoxylum rhoifolium,-71.90038900000,5.57158300000
Zanthoxylum rhoifolium,-71.97200000000,5.62280000000
Zanthoxylum rhoifolium,-75.70147200000,5.69475000000
Zanthoxylum rhoifolium,-71.09472000000,5.71611000000
Zanthoxylum rhoifolium,-71.09486100000,5.71611100000
Zanthoxylum rhoifolium,-76.01666000000,5.85000000000
Zanthoxylum rhoifolium,-71.48155100000,5.87276400000
Zanthoxylum rhoifolium,-75.43333300000,5.91666700000
Zanthoxylum rhoifolium,-75.45603000000,5.92470000000
Zanthoxylum rhoifolium,-75.74545900000,6.00116600000
Zanthoxylum rhoifolium,-75.58333000000,6.17194000000
Zanthoxylum rhoifolium,-75.58583300000,6.17194400000
Zanthoxylum rhoifolium,-74.75000000000,6.18333300000
Zanthoxylum rhoifolium,-75.57119000000,6.21027600000
Zanthoxylum rhoifolium,-75.56152800000,6.26211100000
Zanthoxylum rhoifolium,-71.78558100000,6.31576700000
Zanthoxylum rhoifolium,-75.50763700000,6.33780900000
Zanthoxylum rhoifolium,-75.51847400000,6.34928100000
Zanthoxylum rhoifolium,-75.26972200000,6.35075000000
Zanthoxylum rhoifolium,-63.75750000000,6.36000000000
Zanthoxylum rhoifolium,-63.75000000000,6.36000000000
Zanthoxylum rhoifolium,-71.89491700000,6.36038900000
Zanthoxylum rhoifolium,-74.57179800000,6.40554300000
Zanthoxylum rhoifolium,-74.57710000000,6.41211000000
Zanthoxylum rhoifolium,-75.70000000000,6.41666000000
Zanthoxylum rhoifolium,-75.70000000000,6.41666700000
Zanthoxylum rhoifolium,-74.55069700000,6.46616600000
Zanthoxylum rhoifolium,-73.14313900000,6.48800000000
Zanthoxylum rhoifolium,-74.79432200000,6.54986900000
Zanthoxylum rhoifolium,-73.15658000000,6.57919000000
Zanthoxylum rhoifolium,-74.91666000000,6.76666000000
Zanthoxylum rhoifolium,-73.08533300000,6.77950000000
Zanthoxylum rhoifolium,-75.10137000000,6.79389300000
Zanthoxylum rhoifolium,-75.12808300000,6.79797200000
Zanthoxylum rhoifolium,-75.67599700000,6.90932200000
Zanthoxylum rhoifolium,-75.06000000000,6.91000000000
Zanthoxylum rhoifolium,-75.06666000000,6.91666000000
Zanthoxylum rhoifolium,-75.06666700000,6.91666700000
Zanthoxylum rhoifolium,-63.25000000000,6.93333000000
Zanthoxylum rhoifolium,-63.25000000000,6.93333300000
Zanthoxylum rhoifolium,-74.62814000000,6.97376000000
Zanthoxylum rhoifolium,-73.07178600000,7.03784700000
Zanthoxylum rhoifolium,-73.08857200000,7.06807200000
Zanthoxylum rhoifolium,-73.08825000000,7.06862500000
Zanthoxylum rhoifolium,-73.02870300000,7.07246700000
Zanthoxylum rhoifolium,-65.91190000000,7.07580000000
Zanthoxylum rhoifolium,-74.53333300000,7.08333300000
Zanthoxylum rhoifolium,-73.14997200000,7.08519400000
Zanthoxylum rhoifolium,-73.40660400000,7.10362500000
Zanthoxylum rhoifolium,-62.91666000000,7.16666000000
Zanthoxylum rhoifolium,-62.91666700000,7.16666700000
Zanthoxylum rhoifolium,-60.53330000000,7.41667000000
Zanthoxylum rhoifolium,-60.53000000000,7.42000000000
Zanthoxylum rhoifolium,-75.25420000000,7.46136000000
Zanthoxylum rhoifolium,-73.18333300000,7.46666700000
Zanthoxylum rhoifolium,-73.08333300000,7.50000000000
Zanthoxylum rhoifolium,-61.50000000000,7.61000000000
Zanthoxylum rhoifolium,-58.93000000000,7.65000000000
Zanthoxylum rhoifolium,-61.50000000000,7.66000000000
Zanthoxylum rhoifolium,-62.95000000000,7.66666700000
Zanthoxylum rhoifolium,-63.03888900000,7.78750000000
Zanthoxylum rhoifolium,-61.66000000000,8.00000000000
Zanthoxylum rhoifolium,-75.21666700000,8.05000000000
Zanthoxylum rhoifolium,-75.08333300000,8.06666700000
Zanthoxylum rhoifolium,-62.38333000000,8.08333000000
Zanthoxylum rhoifolium,-76.34867000000,8.10954000000
Zanthoxylum rhoifolium,-62.71666700000,8.11666700000
Zanthoxylum rhoifolium,-71.13330000000,8.60000000000
Zanthoxylum rhoifolium,-73.57957700000,8.60284100000
Zanthoxylum rhoifolium,-83.53894000000,9.11262400000
Zanthoxylum rhoifolium,-83.53893800000,9.11262400000
Zanthoxylum rhoifolium,-73.28235000000,9.57526000000
Zanthoxylum rhoifolium,-84.37000000000,9.69000000000
Zanthoxylum rhoifolium,-84.37083300000,9.69305600000
Zanthoxylum rhoifolium,-84.38000000000,9.73000000000
Zanthoxylum rhoifolium,-84.38333300000,9.73333300000
Zanthoxylum rhoifolium,-84.13000000000,9.80000000000
Zanthoxylum rhoifolium,-84.18000000000,9.89000000000
Zanthoxylum rhoifolium,-84.25528000000,9.89888900000
Zanthoxylum rhoifolium,-84.25527800000,9.89888900000
Zanthoxylum rhoifolium,-84.29000000000,9.90000000000
Zanthoxylum rhoifolium,-84.29722000000,9.90277000000
Zanthoxylum rhoifolium,-84.27500000000,9.91111100000
Zanthoxylum rhoifolium,-84.26000000000,9.92000000000
Zanthoxylum rhoifolium,-84.16000000000,9.93000000000
Zanthoxylum rhoifolium,-84.16666700000,9.93333300000
Zanthoxylum rhoifolium,-84.25527800000,9.94888900000
Zanthoxylum rhoifolium,-84.15000000000,9.96000000000
Zanthoxylum rhoifolium,-84.15000000000,9.96666700000
Zanthoxylum rhoifolium,-84.09000000000,9.97000000000
Zanthoxylum rhoifolium,-84.09472200000,9.97277800000
Zanthoxylum rhoifolium,-84.06583000000,9.98305000000
Zanthoxylum rhoifolium,-83.95190000000,10.01140000000
Zanthoxylum rhoifolium,-84.12000000000,10.02000000000
Zanthoxylum rhoifolium,-84.84000000000,10.27000000000
Zanthoxylum rhoifolium,-84.84166700000,10.27777800000
Zanthoxylum rhoifolium,-66.81666000000,10.43333000000
Zanthoxylum rhoifolium,-70.81666000000,10.45000000000
Zanthoxylum rhoifolium,-66.75000000000,10.50861100000
Zanthoxylum rhoifolium,-66.93000000000,10.55000000000
Zanthoxylum rhoifolium,-61.40000000000,10.65000000000
Zanthoxylum rhoifolium,-84.78000000000,10.88000000000
Zanthoxylum rhoifolium,-84.78333300000,10.88333300000
Zanthoxylum rhoifolium,-73.46666000000,11.08333000000
Zanthoxylum rhoifolium,-73.46666700000,11.08333300000
