sp,lon,lat
Zeyheria tuberculosa,-42.88222200000,-20.75444400000
Zeyheria tuberculosa,-42.88190000000,-20.75390000000
Zeyheria tuberculosa,-42.66580000000,-20.45580000000
Zeyheria tuberculosa,-42.90860000000,-20.41640000000
Zeyheria tuberculosa,-43.40750000000,-20.07470000000
Zeyheria tuberculosa,-41.12390000000,-20.07420000000
Zeyheria tuberculosa,-40.50694400000,-19.93611100000
Zeyheria tuberculosa,-40.60030000000,-19.93580000000
Zeyheria tuberculosa,-40.60030000000,-19.93560000000
Zeyheria tuberculosa,-41.05670000000,-19.89890000000
Zeyheria tuberculosa,-40.37694400000,-19.88944400000
Zeyheria tuberculosa,-40.38333000000,-19.88333000000
Zeyheria tuberculosa,-40.61500000000,-19.86111100000
Zeyheria tuberculosa,-40.36944400000,-19.83194400000
Zeyheria tuberculosa,-40.36970000000,-19.83190000000
Zeyheria tuberculosa,-41.71310000000,-19.80080000000
Zeyheria tuberculosa,-40.60416700000,-19.78083300000
Zeyheria tuberculosa,-41.75000000000,-19.67000000000
Zeyheria tuberculosa,-41.75000000000,-19.66666000000
Zeyheria tuberculosa,-40.63027800000,-19.53944400000
Zeyheria tuberculosa,-43.32861100000,-19.44472200000
Zeyheria tuberculosa,-40.71483300000,-19.39702800000
Zeyheria tuberculosa,-43.40161100000,-19.39700000000
Zeyheria tuberculosa,-40.07220000000,-19.39110000000
Zeyheria tuberculosa,-40.07190000000,-19.39110000000
Zeyheria tuberculosa,-43.37640000000,-19.21560000000
Zeyheria tuberculosa,-40.08416660000,-19.12861110000
Zeyheria tuberculosa,-41.61666700000,-18.00000000000
